step,local_step,arm,train_loss,train_loss64,train_accurate_loss64,train_objective_loss,train_accuracy,train_minimum_margin,test_loss,test_loss64,test_accurate_loss64,test_objective_loss,test_accuracy,test_minimum_margin,max_abs_logit,last_training_loss,elapsed_seconds
6000,0,stable32,7.220131465146551e-06,7.3035551428490615e-06,7.3035551428474285e-06,7.303555321414024e-06,1.0,12.045406341552734,0.027278129011392593,0.02727816639830095,0.02727816639830095,0.027278168126940727,0.9984338292873923,-2.77543306350708,20.122482299804688,,0.09787366702221334
6100,100,stable32,7.064661986078136e-06,7.147698267124266e-06,7.147698267122091e-06,7.147697942855302e-06,1.0,11.996519088745117,0.020636793226003647,0.02063683046771471,0.02063683046771471,0.02063683047890663,0.9989931759704664,-1.814802646636963,20.436969757080078,7.143824404920451e-06,6.555912999901921
6200,200,stable32,7.222122349048732e-06,7.309716528230149e-06,7.309716528222433e-06,7.309716693271184e-06,1.0,11.90075397491455,0.01591029204428196,0.015910333696742655,0.015910333696742662,0.015910333022475243,0.9996643919901554,-1.2611651420593262,20.501907348632812,7.309764441743027e-06,13.414288833038881
6300,300,stable32,7.171606284828158e-06,7.259642723755272e-06,7.2596427237647284e-06,7.259642643475672e-06,1.0,11.965463638305664,0.01238284818828106,0.012382884749522864,0.01238288474952286,0.012382885441184044,0.9996643919901554,-0.6285824775695801,20.456022262573242,7.260473012138391e-06,20.448404083028436
6400,400,stable32,7.0985875026963186e-06,7.188830389969834e-06,7.188830389965211e-06,7.188830750237685e-06,1.0,11.932750701904297,0.00976312905550003,0.009763170875013208,0.009763170875013211,0.009763170033693314,1.0,0.02182626724243164,20.45528793334961,7.190551059466088e-06,28.2048648330383
6500,500,stable32,6.738628599123331e-06,6.828520576529979e-06,6.828520576524616e-06,6.828520781709813e-06,1.0,11.941789627075195,0.007679956499487162,0.007679996637299765,0.007679996637299757,0.00767999654635787,1.0,0.48401594161987305,20.59972381591797,6.834220130258473e-06,35.99647820787504
6600,600,stable32,6.221083367563551e-06,6.311444444081913e-06,6.3114444440773766e-06,6.311444394668797e-06,1.0,12.069820404052734,0.006205778568983078,0.006205822769951188,0.006205822769951194,0.006205822806805372,1.0,0.8884201049804688,20.663373947143555,6.31465218248195e-06,43.50689341686666
6700,700,stable32,5.78110120841302e-06,5.872386536203735e-06,5.872386536208044e-06,5.872386736882618e-06,1.0,12.13123893737793,0.005233501084148884,0.005233545699531601,0.005233545699531601,0.005233545787632465,1.0,1.2904834747314453,20.73166275024414,5.8798532336368226e-06,51.201708416920155
6800,800,stable32,4.871381861448754e-06,4.961166746889198e-06,4.961166746890394e-06,4.961166723660426e-06,1.0,12.311344146728516,0.004259191453456879,0.004259236671554764,0.004259236671554759,0.004259237088263035,1.0,1.4325504302978516,21.013505935668945,4.96863776788814e-06,58.68265754193999
6900,900,stable32,4.416677256813273e-06,4.507088856013968e-06,4.507088856014588e-06,4.507088760874467e-06,1.0,12.353878021240234,0.0035908566787838936,0.0035909032637669526,0.003590903263766946,0.0035909030120819807,1.0,1.45442533493042,21.23250961303711,4.509655809670221e-06,65.49306999985129
7000,1000,stable32,4.30241743742954e-06,4.390223607142395e-06,4.390223607145508e-06,4.390224148664856e-06,1.0,12.444173812866211,0.0031935861334204674,0.003193632536459439,0.003193632536459434,0.0031936324667185545,1.0,1.48777437210083,21.322160720825195,4.39046198152937e-06,72.43683541705832
7100,1100,stable32,4.212870408082381e-06,4.303735187568045e-06,4.303735187570126e-06,4.303735295252409e-06,1.0,12.530662536621094,0.0028740561101585627,0.0028741032670647816,0.0028741032670647764,0.0028741031419485807,1.0,1.3812732696533203,21.1666316986084,4.3056711547251325e-06,80.14157954207622
7200,1200,stable32,4.023630481242435e-06,4.11146583888064e-06,4.111465838875288e-06,4.111465841560857e-06,1.0,12.626359939575195,0.0025725984014570713,0.002572648816304163,0.0025726488163041582,0.0025726486928761005,1.0,1.3755760192871094,21.097681045532227,4.113274371775333e-06,87.27715429197997
7300,1300,stable32,3.913977252523182e-06,4.000686227825436e-06,4.000686227828456e-06,4.0006862036534585e-06,1.0,12.678949356079102,0.002326373476535082,0.0023264234082614986,0.002326423408261495,0.002326423302292824,1.0,1.482388973236084,21.00468635559082,4.001407887699315e-06,94.22892783302814
7400,1400,stable32,3.823497081612004e-06,3.911061286917165e-06,3.911061286919481e-06,3.911061412509298e-06,1.0,12.70801830291748,0.002121630823239684,0.002121680931474989,0.0021216809314749886,0.0021216808818280697,1.0,1.5867247581481934,21.05486488342285,3.912054125976283e-06,100.90358174988069
7500,1500,stable32,3.7157115002628416e-06,3.8032365769145965e-06,3.80323657690942e-06,3.8032369502616348e-06,1.0,12.696969032287598,0.001954641891643405,0.001954691079305933,0.001954691079305938,0.0019546912517398596,1.0,1.6012601852416992,21.10952377319336,3.8038799630157882e-06,107.867741541937
7600,1600,stable32,3.638210273493314e-06,3.7273622261473143e-06,3.7273622261439038e-06,3.7273623547662282e-06,1.0,12.698983192443848,0.0018117089057341218,0.0018117597719062792,0.001811759771906282,0.0018117596628144383,1.0,1.5990681648254395,21.14072036743164,3.728066531039076e-06,114.53204141696915
7700,1700,stable32,3.578263203962706e-06,3.6682260605287256e-06,3.6682260605258977e-06,3.668226327135926e-06,1.0,12.682073593139648,0.0016894445288926363,0.0016894951440187158,0.0016894951440187148,0.0016894952859729528,1.0,1.655923843383789,21.118375778198242,3.6687933970824815e-06,121.12796429195441
7800,1800,stable32,3.5238563214079477e-06,3.6124414194696246e-06,3.6124414194635086e-06,3.6124413327343063e-06,1.0,12.648595809936523,0.0015807605814188719,0.0015808098838564445,0.0015808098838564436,0.0015808098251000047,1.0,1.5463943481445312,21.049766540527344,3.612916771089658e-06,128.10989670804702
7900,1900,stable32,3.47405648426502e-06,3.5634329814333143e-06,3.5634329814328217e-06,3.5634329833555967e-06,1.0,12.640064239501953,0.0014846293488517404,0.0014846776339819375,0.0014846776339819425,0.0014846775447949767,1.0,1.559469223022461,21.048643112182617,3.5639570796774933e-06,134.6839577080682
8000,2000,stable32,3.417191010157694e-06,3.5065785245763437e-06,3.50657852455845e-06,3.5065786505583674e-06,1.0,12.652098655700684,0.0014214599505066872,0.0014215083532693913,0.0014215083532693944,0.0014215083792805672,1.0,1.5630760192871094,21.03030014038086,3.5070661397185177e-06,141.60721662500873
8100,2100,stable32,3.3654919207037892e-06,3.4543715284571322e-06,3.454371528446629e-06,3.454371380939847e-06,1.0,12.685094833374023,0.001349813537672162,0.0013498655473717274,0.0013498655473717285,0.0013498655753210187,1.0,1.5715277194976807,21.024633407592773,3.4549020710983314e-06,149.26861074985936
8200,2200,stable32,3.3160033581225434e-06,3.405007673108705e-06,3.4050076731166553e-06,3.4050076465064194e-06,1.0,12.737482070922852,0.0012906158808618784,0.0012906678036371615,0.0012906678036371556,0.001290667918510735,1.0,1.5717735290527344,21.00243377685547,3.405475808904157e-06,156.39328954205848
8300,2300,stable32,3.2670748169039143e-06,3.356663781046547e-06,3.356663781048093e-06,3.356663683007355e-06,1.0,12.749017715454102,0.0012424797751009464,0.001242532662566629,0.0012425326625666341,0.0012425326276570559,1.0,1.4217171669006348,21.038639068603516,3.3570893265277846e-06,163.50400954205543
8400,2400,stable32,3.2199823181144893e-06,3.310658377788416e-06,3.310658377790818e-06,3.310658712507575e-06,1.0,12.78715991973877,0.0011953997891396284,0.0011954529864868333,0.0011954529864868322,0.0011954529909417033,1.0,1.3408761024475098,21.062850952148438,3.311162117825006e-06,170.1016178750433
8500,2500,stable32,3.176594418619061e-06,3.26677531596169e-06,3.2667753159660404e-06,3.2667753657733556e-06,1.0,12.828377723693848,0.00114018889144063,0.0011402419370295795,0.0011402419370295817,0.001140241976827383,1.0,1.4608492851257324,21.061918258666992,3.2672230645403033e-06,176.75601474987343
8600,2600,stable32,3.1271054012904642e-06,3.21618818100262e-06,3.2161881810081146e-06,3.216188133592368e-06,1.0,12.828241348266602,0.0010740307625383139,0.0010740863481526097,0.001074086348152608,0.0010740862926468253,1.0,1.7062344551086426,21.02710723876953,3.216713821529993e-06,183.68766987486742
8700,2700,stable32,3.077866040257504e-06,3.1668885988339476e-06,3.166888598844631e-06,3.1668885185354156e-06,1.0,12.850757598876953,0.0010296229738742113,0.0010296791902559192,0.0010296791902559097,0.0010296792024746537,1.0,1.8851041793823242,21.031587600708008,3.1674071578891017e-06,190.72493195789866
8800,2800,stable32,3.0241130843933206e-06,3.114352937135939e-06,3.1143529371319576e-06,3.114352921329555e-06,1.0,12.870668411254883,0.0009981848997995257,0.0009982386830834152,0.000998238683083415,0.0009982386836782098,1.0,1.9008564949035645,21.071359634399414,3.1148927064350573e-06,197.09965449990705
8900,2900,stable32,2.9735972475464223e-06,3.0620416327044857e-06,3.0620416327000858e-06,3.062041741941357e-06,1.0,12.901593208312988,0.0009649072890169919,0.0009649632749495442,0.0009649632749495419,0.0009649632847867906,1.0,2.069568634033203,21.18060302734375,3.06258198179421e-06,203.84262741706334
9000,3000,stable32,2.915673348979908e-06,3.0061717084669036e-06,3.006171708465337e-06,3.0061717097851215e-06,1.0,12.887838363647461,0.0009320125100202858,0.0009320681155360517,0.0009320681155360449,0.00093206821475178,1.0,2.218012809753418,21.27890396118164,3.006786073456169e-06,210.65831166692078
9100,3100,stable32,2.8523340915853623e-06,2.9426204782929336e-06,2.9426204783025034e-06,2.9426203127513872e-06,1.0,12.8678617477417,0.0008979354170151055,0.0008979918918333798,0.000897991891833375,0.0008979918784461915,1.0,2.339935302734375,21.40118408203125,2.9433201689244015e-06,217.71299691707827
9200,3200,stable32,2.77533058579138e-06,2.865247149681735e-06,2.865247149684855e-06,2.86524732473481e-06,1.0,12.838722229003906,0.0008574524545110762,0.00085751288970414,0.0008575128897041409,0.0008575128158554435,1.0,2.5828609466552734,21.5166072845459,2.8661668238783022e-06,224.33557291701436
9300,3300,stable32,2.6596392217470566e-06,2.747323099091952e-06,2.7473230990878453e-06,2.747323378571309e-06,1.0,12.832225799560547,0.0008160152938216925,0.0008160722159468792,0.0008160722159468726,0.0008160722209140658,1.0,2.8530712127685547,21.636104583740234,2.748409769992577e-06,230.93921016692184
9400,3400,stable32,2.5763486064533936e-06,2.663273808274232e-06,2.6632738082684186e-06,2.6632737899490166e-06,1.0,12.826730728149414,0.0007783473120070994,0.0007784037243994105,0.0007784037243994124,0.0007784037152305245,1.0,3.109114646911621,21.74753761291504,2.6641282602213323e-06,237.5787414580118
9500,3500,stable32,2.4863034013833385e-06,2.5727988304784194e-06,2.572798830472929e-06,2.572798848632374e-06,1.0,12.838663101196289,0.0007429409888572991,0.0007429964259804054,0.0007429964259804071,0.0007429964025504887,1.0,3.1639299392700195,21.87367820739746,2.573753135948209e-06,244.93967920797877
9600,3600,stable32,2.4036041850195033e-06,2.4902506962758816e-06,2.490250696279271e-06,2.490250608389033e-06,1.0,12.865751266479492,0.0007160476525314152,0.0007161037285662015,0.000716103728566197,0.0007161037065088749,1.0,3.1399025917053223,21.90654182434082,2.4909459170885384e-06,251.7686688748654
9700,3700,stable32,2.346271685382817e-06,2.431069313905284e-06,2.4310693139243686e-06,2.4310693333973177e-06,1.0,12.908414840698242,0.0006918527651578188,0.0006919089481592886,0.0006919089481592915,0.0006919089355506003,1.0,3.107297420501709,22.006324768066406,2.431618895570864e-06,258.41652537486516
9800,3800,stable32,2.297093942615902e-06,2.383860942631486e-06,2.383860942630465e-06,2.3838608740334166e-06,1.0,12.898125648498535,0.0006756653310731053,0.0006757237127413924,0.0006757237127413924,0.0006757236551493406,1.0,3.093207359313965,22.05994987487793,2.384310391789768e-06,265.15848329197615
9900,3900,stable32,2.2607086975767743e-06,2.347012768382531e-06,2.347012768373837e-06,2.3470126961910864e-06,1.0,12.901466369628906,0.0006667000707238913,0.0006667570410399014,0.0006667570410398972,0.0006667570560239255,1.0,2.9925971031188965,22.100711822509766,2.3473537567042513e-06,271.81827216688544
10000,4000,stable32,2.2274050479609286e-06,2.312300766642795e-06,2.312300766641353e-06,2.312300921403221e-06,1.0,12.930367469787598,0.0006608799449168146,0.0006609366777592031,0.0006609366777592012,0.0006609366973862052,1.0,2.941194534301758,22.13274574279785,2.312648348379298e-06,278.1246457500383
10100,4100,stable32,2.192140300394385e-06,2.275883548187771e-06,2.275883548180615e-06,2.2758836166758556e-06,1.0,12.93908405303955,0.0006594167789444327,0.0006594733470692705,0.0006594733470692682,0.0006594733567908406,1.0,2.9168200492858887,22.16546630859375,2.2762553726352053e-06,285.2807764168829
10200,4200,stable32,2.1545099571085302e-06,2.238580642559362e-06,2.2385806425652746e-06,2.238580691482639e-06,1.0,12.95438003540039,0.0006557143060490489,0.0006557707053952252,0.0006557707053952242,0.000655770709272474,1.0,2.878458023071289,22.179399490356445,2.238996330561349e-06,292.7062196668703
10300,4300,stable32,2.1144521724636434e-06,2.197990235507651e-06,2.1979902355037206e-06,2.1979901703161886e-06,1.0,12.974600791931152,0.0006528660305775702,0.0006529228156449275,0.0006529228156449283,0.0006529228412546217,1.0,2.8901138305664062,22.19094467163086,2.1984101294947322e-06,300.52312083286233
10400,4400,stable32,2.0751099327753764e-06,2.1569344420695772e-06,2.1569344420747666e-06,2.156934669983457e-06,1.0,12.989442825317383,0.0006525952485390007,0.0006526510453560755,0.0006526510453560742,0.0006526510114781559,1.0,2.887967109680176,22.294431686401367,2.1573689537035534e-06,307.85538662504405
10500,4500,stable32,2.0332468011474703e-06,2.1146559686992695e-06,2.11465596869444e-06,2.1146558992768405e-06,1.0,13.028487205505371,0.0006543885101564229,0.0006544446327344242,0.0006544446327344256,0.0006544446223415434,1.0,2.9354381561279297,22.310108184814453,2.1150976863282267e-06,315.3590389578603
10600,4600,stable32,1.991476892726496e-06,2.0723023112098207e-06,2.0723023112093604e-06,2.0723023226310033e-06,1.0,13.087882995605469,0.0006600308115594089,0.0006600863140799836,0.0006600863140799832,0.0006600863416679204,1.0,2.9525294303894043,22.33357048034668,2.0727411538246088e-06,322.8094262499362
10700,4700,stable32,1.9525396055541933e-06,2.0316399610178544e-06,2.0316399610241495e-06,2.0316401787567884e-06,1.0,13.110410690307617,0.0006687336717732251,0.0006687893741668764,0.0006687893741668762,0.0006687893182970583,1.0,2.952655792236328,22.42022705078125,2.0320492239989107e-06,328.34484491706826
10800,4800,stable32,1.9142557903251145e-06,1.99289348082603e-06,1.9928934808246832e-06,1.992893430724507e-06,1.0,13.122631072998047,0.0006845260504633188,0.0006845825684016792,0.0006845825684016746,0.0006845825118944049,1.0,2.9455628395080566,22.610912322998047,1.9932874693040503e-06,334.9698334999848
10900,4900,stable32,1.876376586551487e-06,1.953266085162806e-06,1.9532660851697735e-06,1.9532660644472344e-06,1.0,13.127463340759277,0.0007044982048682868,0.0007045540425792147,0.0007045540425792159,0.0007045540260151029,1.0,2.868093490600586,22.795059204101562,1.9536671516107162e-06,342.06911312486045
11000,5000,stable32,1.8307473510503769e-06,1.9089316823270936e-06,1.9089316823198612e-06,1.9089316083409358e-06,1.0,13.132644653320312,0.0007225014851428568,0.0007225593256216569,0.0007225593256216516,0.0007225592853501439,1.0,2.8176841735839844,22.96933937072754,1.9094532035524026e-06,348.65660679200664
11100,5100,stable32,1.775624809852161e-06,1.8531755606332238e-06,1.8531755606281774e-06,1.853175604082935e-06,1.0,13.099109649658203,0.0007370683597400784,0.0007371227201122273,0.0007371227201122279,0.0007371227839030325,1.0,2.763756275177002,23.188440322875977,1.8535087065174594e-06,356.0574882500805
11200,5200,stable32,1.7398622276232345e-06,1.8163065502198742e-06,1.8163065502158152e-06,1.8163066215493018e-06,1.0,13.105428695678711,0.0007522469968535006,0.000752302083321123,0.0007523020833211186,0.0007523020613007247,1.0,2.754471778869629,23.386775970458984,1.8166739437219803e-06,362.74340970790945
11300,5300,stable32,1.7039127442330937e-06,1.779170783396352e-06,1.7791707833876913e-06,1.7791709296943736e-06,1.0,13.154308319091797,0.0007683406001888216,0.0007683960982498863,0.0007683960982498896,0.0007683961885049939,1.0,2.727092742919922,23.49205207824707,1.7795574649426271e-06,369.9273089999333
11400,5400,stable32,1.666655975895992e-06,1.7409914257796714e-06,1.7409914257880185e-06,1.7409914789823233e-06,1.0,13.173440933227539,0.0007924127276055515,0.0007924655524697016,0.000792465552469703,0.0007924654637463391,1.0,2.74904203414917,23.67089080810547,1.7413794921594672e-06,376.0153870000504
11500,5500,stable32,1.629617031539965e-06,1.7032522063091354e-06,1.7032522063063186e-06,1.7032523373927688e-06,1.0,13.211050033569336,0.0008187416824512184,0.0008187956678068804,0.0008187956678068837,0.0008187956409528852,1.0,2.8154220581054688,23.89073371887207,1.7036282997651142e-06,383.09646212495863
11600,5600,stable32,1.5939165223244345e-06,1.6649093233360834e-06,1.6649093233300449e-06,1.6649094050080748e-06,1.0,13.195022583007812,0.0008403196115978062,0.0008403729322525384,0.0008403729322525338,0.0008403730462305248,1.0,2.872328281402588,24.04566764831543,1.6653125385346357e-06,389.99895758298226
11700,5700,stable32,1.5534537851635832e-06,1.623403547894337e-06,1.6234035479016139e-06,1.6234037047979655e-06,1.0,13.182912826538086,0.0008540823473595083,0.0008541350486755828,0.0008541350486755864,0.000854135025292635,1.0,2.9894042015075684,24.212722778320312,1.623855609977909e-06,396.46754741691984
11800,5800,stable32,1.4969929225117085e-06,1.5643692195993868e-06,1.56436921960066e-06,1.5643693132005865e-06,1.0,13.18397331237793,0.0008627566276118159,0.0008628096451939719,0.0008628096451939708,0.0008628096547909081,1.0,3.2481279373168945,24.403087615966797,1.5649776514692348e-06,403.1455925828777
11900,5900,stable32,1.457246185054828e-06,1.522723144633252e-06,1.5227231446396273e-06,1.522723209745891e-06,1.0,13.154762268066406,0.0008756669121794403,0.0008757207273744729,0.0008757207273744787,0.0008757207542657852,1.0,3.4158825874328613,24.578725814819336,1.523167497907707e-06,409.59264441695996
12000,6000,stable32,1.402839529873745e-06,1.466696555445663e-06,1.4666965554370753e-06,1.4666966308141127e-06,1.0,13.140363693237305,0.0008853923063725233,0.0008854423613545425,0.0008854423613545334,0.0008854423649609089,1.0,3.4749836921691895,24.720468521118164,1.467100787522213e-06,416.4677205828484
12100,6100,stable32,1.369099891235237e-06,1.4315235136766432e-06,1.4315235136764994e-06,1.4315235148387728e-06,1.0,13.102936744689941,0.000906225002836436,0.0009062772763549006,0.0009062772763548954,0.0009062772733159363,1.0,3.2769508361816406,24.834436416625977,1.4319050478661666e-06,423.0736380000599
12200,6200,stable32,1.304764282394899e-06,1.3685054918447057e-06,1.3685054918411677e-06,1.3685055364476284e-06,1.0,13.122125625610352,0.0009153605788014829,0.0009154143623465707,0.0009154143623465691,0.0009154142462648451,1.0,3.068540573120117,24.982601165771484,1.3692294942302397e-06,429.448177666869
12300,6300,stable32,1.2521319376901374e-06,1.3153321725358669e-06,1.3153321725409783e-06,1.3153321560821496e-06,1.0,13.138545036315918,0.0009069263469427824,0.0009069772590936916,0.0009069772590936969,0.0009069772204384208,1.0,2.996670722961426,25.032682418823242,1.315930717282754e-06,436.2145482499618
12400,6400,stable32,1.2097394801457995e-06,1.2699423969008225e-06,1.2699423969013726e-06,1.269942458748119e-06,1.0,13.146232604980469,0.0008999498677439988,0.0009000016916539243,0.000900001691653925,0.0009000016143545508,1.0,2.974959373474121,25.01397132873535,1.270334450964583e-06,442.64998079207726
12500,6500,stable32,1.1358486062817974e-06,1.1959300202476766e-06,1.1959300202498096e-06,1.1959300536545925e-06,1.0,13.16989517211914,0.0008895331993699074,0.0008895844989290962,0.0008895844989290964,0.0008895844803191721,1.0,2.880040168762207,25.108858108520508,1.1969730167038506e-06,449.4504461248871
12600,6600,stable32,1.0844922826436232e-06,1.143685532341441e-06,1.1436855323486625e-06,1.1436854947532993e-06,1.0,13.208646774291992,0.000874387682415545,0.0008744407766359663,0.00087444077663597,0.0008744407095946372,1.0,2.5544521808624268,25.0742130279541,1.1442261893535033e-06,455.9671507498715
12700,6700,stable32,1.0306770263923681e-06,1.0875322963263324e-06,1.0875322963294207e-06,1.087532382371137e-06,1.0,13.180868148803711,0.0008558167610317469,0.0008558706372267928,0.0008558706372267867,0.0008558706613257527,1.0,2.2823712825775146,25.160934448242188,1.0880143008762388e-06,462.52789191692136
12800,6800,stable32,9.76892806647811e-07,1.033470609513606e-06,1.033470609511577e-06,1.0334706530557014e-06,1.0,13.15911865234375,0.0008541234419681132,0.0008541755063736176,0.0008541755063736176,0.0008541755960322917,1.0,1.8617253303527832,25.225276947021484,1.0341399274693686e-06,469.5576287920121
12900,6900,stable32,9.311388566857204e-07,9.87524715808744e-07,9.875247158089068e-07,9.87524686024699e-07,1.0,13.223037719726562,0.000868684786837548,0.0008687366226711542,0.0008687366226711569,0.0008687366498634219,1.0,1.3754186630249023,25.029367446899414,9.878714308797498e-07,475.40474366699345
13000,7000,stable32,8.866610983204737e-07,9.431394744289209e-07,9.431394744209152e-07,9.431394687453576e-07,1.0,13.318855285644531,0.0008814971661195159,0.000881548596456578,0.000881548596456577,0.0008815485634841025,1.0,0.9638497829437256,25.0069637298584,9.436984100830159e-07,482.5061484579928
13100,7100,stable32,8.288306503345666e-07,8.82267014326051e-07,8.822670143319884e-07,8.822670451991144e-07,1.0,13.40312671661377,0.0008680900209583342,0.0008681440542582855,0.0008681440542582846,0.0008681440376676619,1.0,0.412506103515625,25.121374130249023,8.828645832181792e-07,489.01832479191944
13200,7200,stable32,7.805867880961159e-07,8.324853859180143e-07,8.32485385921822e-07,8.324853979502223e-07,1.0,13.388921737670898,0.0008451999165117741,0.0008452527720865414,0.0008452527720865395,0.0008452527690678835,0.9998881306633851,-0.009465217590332031,24.96910858154297,8.329449769917119e-07,495.53190362500027
13300,7300,stable32,7.284524485839938e-07,7.801711324699051e-07,7.801711324680584e-07,7.801710921739868e-07,1.0,13.438554763793945,0.000812843325547874,0.000812895623660009,0.0008128956236600083,0.0008128955960273743,0.9998881306633851,-0.09043359756469727,24.81617546081543,7.806648909536307e-07,501.9735831669532
13400,7400,stable32,6.84877250023419e-07,7.358430041328049e-07,7.358430041298294e-07,7.358430025306006e-07,1.0,13.443933486938477,0.0007376740104518831,0.0007377280728243065,0.0007377280728243025,0.0007377281435765326,1.0,0.48529529571533203,24.53034019470215,7.361833809227392e-07,508.49191895802505
13500,7500,stable32,6.481496370724926e-07,6.979808456162908e-07,6.979808456172608e-07,6.979808517826314e-07,1.0,13.479071617126465,0.000674036389682442,0.0006740895173478925,0.0006740895173478898,0.0006740895332768559,1.0,1.1192822456359863,24.575031280517578,6.984259357523115e-07,515.4441238329746
13600,7600,stable32,6.159662575555558e-07,6.64355773892898e-07,6.643557738919032e-07,6.643558094765467e-07,1.0,13.479757308959961,0.00061601068591699,0.0006160648191508295,0.0006160648191508249,0.0006160647608339787,1.0,1.7563724517822266,24.7534122467041,6.646642987107043e-07,522.2064889578614
13700,7700,stable32,5.900701580685563e-07,6.388320678159737e-07,6.388320678177412e-07,6.388320912265044e-07,1.0,13.606708526611328,0.0005777039332315326,0.0005777576738807221,0.0005777576738807211,0.0005777576589025557,1.0,2.0032975673675537,24.739267349243164,6.391417741724581e-07,528.711182625033
13800,7800,stable32,5.635826028083102e-07,6.120690837646306e-07,6.120690837575028e-07,6.120690727584588e-07,1.0,13.641777038574219,0.000549689750187099,0.0005497444826306557,0.0005497444826306596,0.0005497444653883576,1.0,2.2067148685455322,24.732219696044922,6.122921263340686e-07,535.1990303329658
13900,7900,stable32,5.382780159379763e-07,5.8597158438988e-07,5.859715843854979e-07,5.859715770384355e-07,1.0,13.886380195617676,0.000510330602992326,0.0005103836497289453,0.0005103836497289457,0.0005103836883790791,1.0,2.552344799041748,24.64767074584961,5.863507226422371e-07,541.8886168329045
14000,8000,stable32,5.198830876906868e-07,5.676528835637969e-07,5.676528835594813e-07,5.676528758158383e-07,1.0,14.04810905456543,0.0004814814019482583,0.0004815358632618173,0.0004815358632618193,0.00048153585521504283,1.0,2.606092691421509,24.76943588256836,5.678288061972125e-07,548.4658167918678
14100,8100,stable32,5.004921490581182e-07,5.488248406973279e-07,5.488248407014233e-07,5.488248575602483e-07,1.0,14.109477996826172,0.0004536840715445578,0.00045373702918809027,0.00045373702918809395,0.00045373704051598907,1.0,2.552075147628784,24.668413162231445,5.490325634127657e-07,554.9291760830674
14200,8200,stable32,4.661300465613749e-07,5.13325448468829e-07,5.133254484670338e-07,5.133254035172286e-07,1.0,14.1646146774292,0.00041762529872357845,0.00041767955042249253,0.00041767955042249346,0.00041767957736738026,1.0,2.5145862102508545,24.73569679260254,5.138394953974057e-07,562.0165726249106
14300,8300,stable32,4.304917524677876e-07,4.757002446771044e-07,4.757002446744417e-07,4.7570023298249e-07,1.0,14.155012130737305,0.00036258550244383514,0.0003626414294199908,0.00036264142941999465,0.0003626414109021425,1.0,2.960383415222168,24.762941360473633,4.761952254739299e-07,568.4275571249891
14400,8400,stable32,4.0898427755564626e-07,4.555939341554037e-07,4.5559393416447373e-07,4.5559394834526756e-07,1.0,14.190942764282227,0.0003203586093150079,0.000320414624802304,0.0003204146248023031,0.00032041463418863714,1.0,3.4400441646575928,24.998584747314453,4.557362558443856e-07,575.353527792031
14500,8500,stable32,3.912741135536635e-07,4.3731622269932534e-07,4.373162226981983e-07,4.3731623122766905e-07,1.0,14.206330299377441,0.00029993377393111587,0.0002999902218211532,0.00029999022182115544,0.00029999020625837147,1.0,3.562753915786743,25.186342239379883,4.374965953957144e-07,581.8725648750551
14600,8600,stable32,3.704202811150026e-07,4.155618174570107e-07,4.1556181745731375e-07,4.1556182850399637e-07,1.0,14.206504821777344,0.00028423801995813847,0.00028429260870637264,0.00028429260870637015,0.0002842926187440753,1.0,3.486147403717041,25.15255355834961,4.1567912489881564e-07,588.3732842500322
14700,8700,stable32,3.5121607311339176e-07,3.9598372418136615e-07,3.9598372417731834e-07,3.95983761336538e-07,1.0,14.162317276000977,0.00027600827161222696,0.000276066519822659,0.00027606651982266126,0.00027606653748080134,1.0,3.4410715103149414,25.273710250854492,3.9619581571059825e-07,594.7091657919809
14800,8800,stable32,3.362760025993339e-07,3.8041738613545275e-07,3.8041738613041375e-07,3.804173616117623e-07,1.0,14.106016159057617,0.00027172701084055007,0.00027178386551968364,0.0002717838655196877,0.0002717838797252625,1.0,3.3840320110321045,25.443519592285156,3.8057166307226e-07,601.9333560829982
14900,8900,stable32,3.1937503308654414e-07,3.644783238047987e-07,3.64478323798437e-07,3.644783248546446e-07,1.0,14.074694633483887,0.00027801605756394565,0.0002780718822979517,0.0002780718822979586,0.00027807187871076167,1.0,3.032369375228882,25.59205436706543,3.646582626970485e-07,609.8746968328487
15000,9000,stable32,2.8980616662011016e-07,3.347198778065024e-07,3.347198778058479e-07,3.3471988558630983e-07,1.0,14.095380783081055,0.0002886954171117395,0.00028875141541373657,0.0002887514154137357,0.00028875144198536873,1.0,2.5685970783233643,25.905038833618164,3.3521695286253816e-07,618.3924360000528
15100,9100,stable32,2.439899731143669e-07,2.862192154175807e-07,2.862192154167461e-07,2.86219204781446e-07,1.0,14.122480392456055,0.0003220172075089067,0.0003220718548257129,0.00032207185482571515,0.000322071835398674,1.0,2.0781567096710205,26.540409088134766,2.8660332418439793e-07,627.5621462080162
15200,9200,stable32,2.2232686092138465e-07,2.646391867732726e-07,2.64639186774371e-07,2.646391976668383e-07,1.0,14.138998985290527,0.00033060344867408276,0.0003306581633530341,0.0003306581633530387,0.0003306581638753414,1.0,2.1391379833221436,26.84535026550293,2.6462709001862095e-07,636.6607359999325
15300,9300,stable32,2.1709784903123364e-07,2.600451028376481e-07,2.6004510283482643e-07,2.6004508413279837e-07,1.0,14.126762390136719,0.00031927559757605195,0.00031933130040239725,0.0003193313004024031,0.0003193312732037157,1.0,2.358060598373413,26.9708309173584,2.600955042453279e-07,646.4541546250694
15400,9400,stable32,2.1152644080757455e-07,2.5507064248151903e-07,2.550706424768048e-07,2.550706597048702e-07,1.0,14.119929313659668,0.0003042930329684168,0.0003043482820994415,0.000304348282099438,0.0003043483302462846,1.0,2.6032614707946777,27.089200973510742,2.5511837975500384e-07,655.6882445828523
15500,9500,stable32,2.0682654167103465e-07,2.500479011537116e-07,2.50047901151441e-07,2.5004791837091034e-07,1.0,14.119215965270996,0.00028751022182404995,0.00028756496587738364,0.00028756496587738916,0.00028756496612913907,1.0,2.873997211456299,27.076393127441406,2.5009964588207367e-07,665.8273625420406
15600,9600,stable32,2.0162865155270993e-07,2.4464293034846505e-07,2.446429303428193e-07,2.44642933466821e-07,1.0,14.12716007232666,0.00027188131934963167,0.00027193656318966197,0.0002719365631896622,0.00027193655841983855,1.0,3.1220858097076416,27.083242416381836,2.4470125481457217e-07,676.5753537078854
15700,9700,stable32,1.963685036798779e-07,2.3862315413293685e-07,2.386231541324248e-07,2.386231301443331e-07,1.0,14.149044036865234,0.0002597749698907137,0.0002598313412298267,0.0002598313412298286,0.0002598313440103084,1.0,3.1559481620788574,27.09490394592285,2.3868756215961184e-07,687.1043819999322
15800,9800,stable32,1.8992560057995433e-07,2.316871265979425e-07,2.3168712659635371e-07,2.3168712459664675e-07,1.0,14.197572708129883,0.0002473121276125312,0.0002473659730618798,0.0002473659730618778,0.00024736596969887614,1.0,3.3715710639953613,27.21234703063965,2.3175370245098748e-07,698.8073648749851
15900,9900,stable32,1.8301581405921752e-07,2.2493603461780652e-07,2.2493603462488737e-07,2.249360306905146e-07,1.0,14.257280349731445,0.0002374930481892079,0.0002375459356386478,0.00023754593563864976,0.0002375459298491478,1.0,3.3225908279418945,27.475008010864258,2.2501012608699966e-07,710.8820539999288
16000,10000,stable32,1.7551465703036229e-07,2.1755627926055117e-07,2.1755627926068974e-07,2.1755626278263662e-07,1.0,14.325801849365234,0.0002296555321663618,0.00022970879073187417,0.0002297087907318668,0.00022970879217609763,1.0,3.3729333877563477,27.753339767456055,2.1762792812296539e-07,723.264869333012
16100,10100,stable32,1.683870038959867e-07,2.106832646521535e-07,2.1068326465861842e-07,2.1068325395390275e-07,1.0,14.427656173706055,0.00021983189799357206,0.00021988537885107376,0.00021988537885106926,0.0002198853762820363,1.0,3.434382438659668,27.8615665435791,2.107500449710642e-07,734.5536111248657
16200,10200,stable32,1.613838378489163e-07,2.0412099065172353e-07,2.0412099064557267e-07,2.0412097967437148e-07,1.0,14.478964805603027,0.00021251713042147458,0.00021256890960115292,0.00021256890960115308,0.00021256892068777233,1.0,3.4876904487609863,27.939897537231445,2.0418660540144629e-07,745.6415856250096
16300,10300,stable32,1.5503431427532632e-07,1.973856904023768e-07,1.9738569040581627e-07,1.9738568823868263e-07,1.0,14.550025939941406,0.00020542902348097414,0.0002054815328602011,0.00020548153286020147,0.00020548152679111809,1.0,3.3782730102539062,28.033275604248047,1.9745161239370645e-07,757.2999565829523
16400,10400,stable32,1.4803114822825592e-07,1.9024356825236835e-07,1.90243568252072e-07,1.9024356845420698e-07,1.0,14.627999305725098,0.00019763405725825578,0.00019768556982619308,0.00019768556982619016,0.0001976855710381642,1.0,3.416193962097168,28.07259750366211,1.9031661224744312e-07,769.1932408749126
16500,10500,stable32,1.4109025414654752e-07,1.8371918845393303e-07,1.837191884555484e-07,1.8371918031334644e-07,1.0,14.70643424987793,0.00018843078578356653,0.00018848220831031582,0.00018848220831031945,0.00018848219770006835,1.0,3.4830551147460938,28.147775650024414,1.8378247546024795e-07,780.441636292031
16600,10600,stable32,1.3458509329211665e-07,1.774412530218762e-07,1.7744125301898878e-07,1.7744126523666637e-07,1.0,14.795530319213867,0.00018016103422269225,0.00018021352822928226,0.00018021352822928267,0.0001802135375328362,1.0,3.6098461151123047,28.395383834838867,1.775073741328015e-07,791.3252547918819
16700,10700,stable32,1.265548092987956e-07,1.6829553240854933e-07,1.682955324076554e-07,1.6829554283503967e-07,1.0,14.845251083374023,0.00017306988593190908,0.00017312230148402126,0.0001731223014840274,0.00017312230193056166,1.0,3.631376266479492,28.673540115356445,1.684642114696544e-07,802.0632671669591
16800,10800,stable32,1.1385575504618828e-07,1.5596487819598727e-07,1.5596487819856823e-07,1.5596486946378718e-07,1.0,14.809940338134766,0.00017025259148795158,0.000170304386430388,0.0001703043864303816,0.00017030439630616456,1.0,3.686128616333008,29.005983352661133,1.56077248902875e-07,815.0177350419108
16900,10900,stable32,1.0526522231657509e-07,1.4768719768518646e-07,1.476871976864104e-07,1.4768720291158388e-07,1.0,14.808662414550781,0.00018045394972432405,0.00018050331419579345,0.00018050331419579318,0.0001805033243726939,1.0,3.8322200775146484,29.328828811645508,1.4775253021070966e-07,826.186407082947
17000,11000,stable32,9.966269232108971e-08,1.4259035971671832e-07,1.4259035972209237e-07,1.4259036618113896e-07,1.0,14.857946395874023,0.00018642260693013668,0.000186472677174915,0.00018647267717492155,0.00018647266551852226,1.0,3.9604578018188477,29.450368881225586,1.4263764569477644e-07,835.9287652079947
17100,11100,stable32,9.533629707902946e-08,1.378211909558887e-07,1.3782119095644774e-07,1.3782120333871717e-07,1.0,14.873351097106934,0.0001858510368037969,0.00018590129584072129,0.00018590129584072047,0.00018590129911899567,1.0,3.923342227935791,29.48415184020996,1.37869363925347e-07,845.6473602920305
17200,11200,stable32,8.982714660987767e-08,1.327511321261783e-07,1.327511321364685e-07,1.3275112564770097e-07,1.0,14.918903350830078,0.00018019134586211294,0.00018024202235855422,0.00018024202235855294,0.0001802420156309381,1.0,4.0452046394348145,29.418624877929688,1.3280551058869605e-07,856.8954214579426
17300,11300,stable32,8.431799614072588e-08,1.272778740277902e-07,1.2727787404020532e-07,1.2727787179755978e-07,1.0,14.927221298217773,0.000174006461747922,0.0001740561310301584,0.00017405613103016335,0.00017405612743459642,1.0,3.7968902587890625,29.697036743164062,1.2732581922136887e-07,868.1078905828763
17400,11400,stable32,7.927572909238734e-08,1.2204637068067343e-07,1.2204637068418422e-07,1.220463730078336e-07,1.0,14.94160270690918,0.00016881815099623054,0.00016886725269195626,0.0001688672526919575,0.00016886724915821105,1.0,3.8220996856689453,29.753538131713867,1.2209652311412356e-07,879.6265807079617
17500,11500,stable32,7.401557411412796e-08,1.163619125527222e-07,1.1636191255656747e-07,1.1636191032948773e-07,1.0,15.02318000793457,0.00016717262042220682,0.0001672217205648747,0.00016722172056487852,0.00016722171858418733,1.0,3.645440101623535,29.8089599609375,1.1642247699228392e-07,890.933488041861
17600,11600,stable32,6.667004726068626e-08,1.095690760362293e-07,1.0956907604287317e-07,1.0956907914305702e-07,1.0,15.29687786102295,0.0001610389881534502,0.00016108996150690215,0.00016108996150691353,0.00016108996351249516,1.0,3.5785436630249023,29.706140518188477,1.0964080132680465e-07,901.3737914168742
17700,11700,stable32,6.156552245784042e-08,1.0307421324780157e-07,1.030742132498991e-07,1.0307420694743996e-07,1.0,15.358335494995117,0.00015591787814628333,0.0001559676575429688,0.00015596765754297,0.00015596764569636434,1.0,3.6590614318847656,30.275484085083008,1.0312138698509443e-07,912.2853389170486
17800,11800,stable32,5.6585502505868135e-08,9.870059792944729e-08,9.870059792361743e-08,9.870059614058846e-08,1.0,15.325101852416992,0.00015019215061329305,0.00015024078728476814,0.00015024078728477077,0.00015024079766590148,1.0,3.8936376571655273,30.764310836791992,9.874347739469158e-08,923.7487617500592
17900,11900,stable32,5.250810986012766e-08,9.4054408260683e-08,9.405440826035498e-08,9.405440692944467e-08,1.0,15.413141250610352,0.0001447570975869894,0.00014480633184835024,0.00014480633184834973,0.00014480632671620697,1.0,3.837765693664551,31.110172271728516,9.410457124658933e-08,933.8559899579268
18000,12000,stable32,4.771483830268153e-08,8.974836907441636e-08,8.974836907442371e-08,8.974836873676395e-08,1.0,15.451973915100098,0.00013789489457849413,0.00013794533037272803,0.00013794533037273098,0.00013794533151667565,1.0,3.6500988006591797,31.255414962768555,8.979282739574046e-08,944.5940232500434
18100,12100,stable32,4.1925559912669996e-08,8.422558528994803e-08,8.422558529457827e-08,8.422559005794028e-08,1.0,15.593488693237305,0.00013303315790835768,0.00013307942503538067,0.00013307942503538298,0.00013307943299878389,1.0,3.4263057708740234,31.343534469604492,8.427821995837803e-08,954.5556159999687
18200,12200,stable32,3.486015387466068e-08,7.55987641219776e-08,7.559876413444043e-08,7.559875569995711e-08,1.0,15.653581619262695,0.00012630033597815782,0.00012635042293896896,0.00012635042293896877,0.00012635043822228909,1.0,3.3463354110717773,31.638927459716797,7.575318505814721e-08,964.4887657500803
18300,12300,stable32,2.5491488031548215e-08,6.233620159056549e-08,6.233620159675297e-08,6.233620553075525e-08,1.0,15.6881685256958,0.00013275342644192278,0.0001328020898848334,0.00013280208988483217,0.00013280208804644644,1.0,2.908916473388672,32.14329528808594,6.243666916816437e-08,972.1177775829565
18400,12400,stable32,1.6620823828361608e-08,5.1365349448860916e-08,5.1365349454383955e-08,5.136535108363205e-08,1.0,15.861623764038086,0.00013090544962324202,0.00013095231581619052,0.0001309523158161956,0.0001309523213421926,1.0,2.951838493347168,32.1943244934082,5.1436828130135837e-08,979.8198779579252
18500,12500,stable32,1.4037437878755554e-08,4.719103253543802e-08,4.719103254294135e-08,4.719103330330654e-08,1.0,16.123247146606445,0.00012764772691298276,0.0001276944669467717,0.00012769446694677687,0.00012769446766469628,1.0,2.760636806488037,31.8674373626709,4.7224961718939085e-08,987.359093207866
18600,12600,stable32,1.2107678415418377e-08,4.452584013091193e-08,4.4525840135796785e-08,4.4525840792175586e-08,1.0,16.024559020996094,0.00012677739141508937,0.0001268232204925924,0.00012682322049259066,0.00012682322994805872,1.0,2.7960643768310547,32.010868072509766,4.4545782174054693e-08,994.9203293330502
18700,12700,stable32,1.1329550630989615e-08,4.2675679880512995e-08,4.267567988681244e-08,4.267568343152561e-08,1.0,15.961858749389648,0.00012750965834129602,0.00012755765314707986,0.00012755765314707759,0.0001275576651096344,1.0,3.1042675971984863,31.87639617919922,4.2692825275025825e-08,1001.9018806249369
18800,12800,stable32,9.991169669376632e-09,4.1168690617171654e-08,4.116869062777613e-08,4.1168693343252016e-08,1.0,15.952305793762207,0.00014407344860956073,0.00014411905784932107,0.00014411905784932218,0.00014411905431188643,1.0,3.172966957092285,32.24334716796875,4.118305341194173e-08,1008.6565987078939
18900,12900,stable32,9.18191567222948e-09,3.967477361952356e-08,3.967477362052e-08,3.967477368860273e-08,1.0,15.892431259155273,0.0001594918721821159,0.0001595398627956635,0.0001595398627956614,0.00015953984984662384,1.0,2.7499732971191406,32.43526840209961,3.9689677322485295e-08,1016.1918099999893
19000,13000,stable32,8.621663383223677e-09,3.807791754476146e-08,3.807791755574905e-08,3.807791770782387e-08,1.0,15.883089065551758,0.00019024084031116217,0.00019028779223546378,0.00019028779223546677,0.00019028778478968889,1.0,2.2450785636901855,32.929256439208984,3.809462256754159e-08,1024.405444166856
19100,13100,stable32,7.781284949714973e-09,3.6246155328167946e-08,3.624615532941388e-08,3.624615274588905e-08,1.0,15.868648529052734,0.00021004876180086285,0.00021009468812912784,0.00021009468812913164,0.0002100947021972388,1.0,1.7824110984802246,33.07053756713867,3.626538003231872e-08,1033.849195708055
19200,13200,stable32,6.47402886855275e-09,3.3717926211724244e-08,3.371792621180159e-08,3.371792800521689e-08,1.0,15.862154006958008,0.00021676041069440544,0.00021680412080530133,0.0002168041208053048,0.00021680411009583622,1.0,1.706089973449707,32.7184944152832,3.374961465851811e-08,1042.4788573330734
19300,13300,stable32,4.419769439323318e-09,3.006992191358156e-08,3.006992192543828e-08,3.00699234401236e-08,1.0,15.90816879272461,0.00018106878269463778,0.00018111294994732508,0.00018111294994733855,0.00018111294775735587,1.0,2.182589530944824,32.359161376953125,3.0106225068493586e-08,1051.400659292005
19400,13400,stable32,2.5211361887045314e-09,2.6449913773605614e-08,2.644991377348774e-08,2.6449914258819263e-08,1.0,16.00031089782715,0.00013543479144573212,0.00013547873455168355,0.00013547873455168325,0.00013547873822972178,1.0,2.468841552734375,32.02473831176758,2.6491022708796663e-08,1060.5605062078685
19500,13500,stable32,8.715038690709775e-10,2.1334905364603977e-08,2.133490536239733e-08,2.1334905397907278e-08,1.0,16.42275047302246,8.521153358742595e-05,8.525369183529937e-05,8.525369183529862e-05,8.525368320988491e-05,1.0,2.8597097396850586,32.31216049194336,2.14135074116939e-08,1069.8443044170272
19600,13600,stable32,3.1125140659282735e-11,1.6989707622469006e-08,1.698970762018676e-08,1.6989707418701983e-08,1.0,16.948850631713867,4.006004019174725e-05,4.010204088396436e-05,4.010204088396575e-05,4.0102037019096315e-05,1.0,4.406369209289551,31.728769302368164,1.6999619489865836e-08,1078.3715373328887
19700,13700,stable32,9.337541850840125e-11,1.6828331716480414e-08,1.6828331733083573e-08,1.6828332505269827e-08,1.0,16.924331665039062,2.746942664089147e-05,2.751127732718442e-05,2.7511277327183487e-05,2.7511277949088253e-05,1.0,4.9155683517456055,31.35709571838379,1.6827579329969922e-08,1086.7751763749402
19800,13800,stable32,6.225028131856547e-11,1.6871671189758536e-08,1.687167119446221e-08,1.6871670283080675e-08,1.0,16.963829040527344,2.2463344066636637e-05,2.250203808623631e-05,2.25020380862379e-05,2.2502037609228864e-05,1.0,4.618703842163086,31.64080047607422,1.6871855024191973e-08,1096.5194121669047
19900,13900,stable32,3.1125140659282735e-11,1.6802507479905823e-08,1.6802507487736146e-08,1.6802507829538627e-08,1.0,16.953533172607422,1.7862073946162127e-05,1.7899666738126615e-05,1.789966673813049e-05,1.789966700016521e-05,1.0,4.766161918640137,32.04356002807617,1.680385963709341e-08,1105.6507960420568
20000,14000,stable32,3.1125140659282735e-11,1.6638431613172092e-08,1.663843162085899e-08,1.6638431077353744e-08,1.0,17.000709533691406,1.414981215930311e-05,1.4185701688026577e-05,1.418570168802912e-05,1.4185701729729772e-05,1.0,5.124334335327148,32.81662368774414,1.6640358424524493e-08,1114.902431708062
