branch,step,checkpoint,alpha,accuracy,family_power_share_non_dc,native_family_share,baseline_accuracy
control,300000,checkpoints/depth4_matched_freeze_seed_0_from_126200_control/step_300000.pt,0.0,0.008771242573857307,0.0,0.20383842843265645,0.45845407247543335
control,300000,checkpoints/depth4_matched_freeze_seed_0_from_126200_control/step_300000.pt,0.05000000074505806,0.011982143856585026,0.0006396567454168956,0.20383842843265645,0.45845407247543335
control,300000,checkpoints/depth4_matched_freeze_seed_0_from_126200_control/step_300000.pt,0.10000000149011612,0.015506303869187832,0.00255372645660583,0.20383842843265645,0.45845407247543335
control,300000,checkpoints/depth4_matched_freeze_seed_0_from_126200_control/step_300000.pt,0.15000000596046448,0.021223274990916252,0.005727601402087869,0.20383842843265645,0.45845407247543335
control,300000,checkpoints/depth4_matched_freeze_seed_0_from_126200_control/step_300000.pt,0.20000000298023224,0.02834990993142128,0.010137242592606012,0.20383842843265645,0.45845407247543335
control,300000,checkpoints/depth4_matched_freeze_seed_0_from_126200_control/step_300000.pt,0.25,0.03782598301768303,0.01574963354234997,0.20383842843265645,0.45845407247543335
control,300000,checkpoints/depth4_matched_freeze_seed_0_from_126200_control/step_300000.pt,0.30000001192092896,0.049729812890291214,0.022523390597650843,0.20383842843265645,0.45845407247543335
control,300000,checkpoints/depth4_matched_freeze_seed_0_from_126200_control/step_300000.pt,0.3499999940395355,0.06523612141609192,0.030409499784871882,0.20383842843265645,0.45845407247543335
control,300000,checkpoints/depth4_matched_freeze_seed_0_from_126200_control/step_300000.pt,0.4000000059604645,0.08395332098007202,0.039352201918229135,0.20383842843265645,0.45845407247543335
control,300000,checkpoints/depth4_matched_freeze_seed_0_from_126200_control/step_300000.pt,0.45000001788139343,0.10361030697822571,0.04928990900345504,0.20383842843265645,0.45845407247543335
control,300000,checkpoints/depth4_matched_freeze_seed_0_from_126200_control/step_300000.pt,0.5,0.12914088368415833,0.060156218957765364,0.20383842843265645,0.45845407247543335
control,300000,checkpoints/depth4_matched_freeze_seed_0_from_126200_control/step_300000.pt,0.550000011920929,0.1520087718963623,0.0718809695256548,0.20383842843265645,0.45845407247543335
control,300000,checkpoints/depth4_matched_freeze_seed_0_from_126200_control/step_300000.pt,0.6000000238418579,0.18161171674728394,0.08439123232461047,0.20383842843265645,0.45845407247543335
control,300000,checkpoints/depth4_matched_freeze_seed_0_from_126200_control/step_300000.pt,0.6500000357627869,0.21082308888435364,0.09761234721841718,0.20383842843265645,0.45845407247543335
control,300000,checkpoints/depth4_matched_freeze_seed_0_from_126200_control/step_300000.pt,0.699999988079071,0.2437935620546341,0.11146886212321966,0.20383842843265645,0.45845407247543335
control,300000,checkpoints/depth4_matched_freeze_seed_0_from_126200_control/step_300000.pt,0.75,0.27840864658355713,0.12588549816587954,0.20383842843265645,0.45845407247543335
control,300000,checkpoints/depth4_matched_freeze_seed_0_from_126200_control/step_300000.pt,0.800000011920929,0.31529486179351807,0.14078786965054038,0.20383842843265645,0.45845407247543335
control,300000,checkpoints/depth4_matched_freeze_seed_0_from_126200_control/step_300000.pt,0.8500000238418579,0.3506147563457489,0.15610327907962168,0.20383842843265645,0.45845407247543335
control,300000,checkpoints/depth4_matched_freeze_seed_0_from_126200_control/step_300000.pt,0.9000000357627869,0.3857780694961548,0.1717613343870683,0.20383842843265645,0.45845407247543335
control,300000,checkpoints/depth4_matched_freeze_seed_0_from_126200_control/step_300000.pt,0.949999988079071,0.4231341481208801,0.18769446400556455,0.20383842843265645,0.45845407247543335
control,300000,checkpoints/depth4_matched_freeze_seed_0_from_126200_control/step_300000.pt,1.0,0.45845407247543335,0.20383842843265645,0.20383842843265645,0.45845407247543335
control,300000,checkpoints/depth4_matched_freeze_seed_0_from_126200_control/step_300000.pt,1.0500000715255737,0.493539035320282,0.22013256492608793,0.20383842843265645,0.45845407247543335
control,300000,checkpoints/depth4_matched_freeze_seed_0_from_126200_control/step_300000.pt,1.100000023841858,0.5277625322341919,0.23652001428544145,0.20383842843265645,0.45845407247543335
control,300000,checkpoints/depth4_matched_freeze_seed_0_from_126200_control/step_300000.pt,1.149999976158142,0.5593233704566956,0.25294804189621994,0.20383842843265645,0.45845407247543335
control,300000,checkpoints/depth4_matched_freeze_seed_0_from_126200_control/step_300000.pt,1.2000000476837158,0.5919805765151978,0.2693680294388519,0.20383842843265645,0.45845407247543335
control,300000,checkpoints/depth4_matched_freeze_seed_0_from_126200_control/step_300000.pt,1.25,0.6220533847808838,0.2857353785172115,0.20383842843265645,0.45845407247543335
control,300000,checkpoints/depth4_matched_freeze_seed_0_from_126200_control/step_300000.pt,1.3000000715255737,0.6493852138519287,0.3020097477821076,0.20383842843265645,0.45845407247543335
control,300000,checkpoints/depth4_matched_freeze_seed_0_from_126200_control/step_300000.pt,1.350000023841858,0.6748374700546265,0.3181546555197044,0.20383842843265645,0.45845407247543335
control,300000,checkpoints/depth4_matched_freeze_seed_0_from_126200_control/step_300000.pt,1.399999976158142,0.7012295126914978,0.3341376257036562,0.20383842843265645,0.45845407247543335
control,300000,checkpoints/depth4_matched_freeze_seed_0_from_126200_control/step_300000.pt,1.4500000476837158,0.7211998105049133,0.34992991162365383,0.20383842843265645,0.45845407247543335
control,300000,checkpoints/depth4_matched_freeze_seed_0_from_126200_control/step_300000.pt,1.5,0.7417182326316833,0.3655062017815511,0.20383842843265645,0.45845407247543335
control,300000,checkpoints/depth4_matched_freeze_seed_0_from_126200_control/step_300000.pt,1.5500000715255737,0.7628631591796875,0.3808446814568777,0.20383842843265645,0.45845407247543335
control,300000,checkpoints/depth4_matched_freeze_seed_0_from_126200_control/step_300000.pt,1.600000023841858,0.783538281917572,0.3959265233291806,0.20383842843265645,0.45845407247543335
control,300000,checkpoints/depth4_matched_freeze_seed_0_from_126200_control/step_300000.pt,1.649999976158142,0.7995927929878235,0.41073592571423,0.20383842843265645,0.45845407247543335
control,300000,checkpoints/depth4_matched_freeze_seed_0_from_126200_control/step_300000.pt,1.7000000476837158,0.8162738084793091,0.42525977861231684,0.20383842843265645,0.45845407247543335
control,300000,checkpoints/depth4_matched_freeze_seed_0_from_126200_control/step_300000.pt,1.75,0.8308402895927429,0.4394873429060909,0.20383842843265645,0.45845407247543335
control,300000,checkpoints/depth4_matched_freeze_seed_0_from_126200_control/step_300000.pt,1.8000000715255737,0.8432923555374146,0.45341027564136527,0.20383842843265645,0.45845407247543335
control,300000,checkpoints/depth4_matched_freeze_seed_0_from_126200_control/step_300000.pt,1.850000023841858,0.8539431691169739,0.467022150255484,0.20383842843265645,0.45845407247543335
control,300000,checkpoints/depth4_matched_freeze_seed_0_from_126200_control/step_300000.pt,1.899999976158142,0.8649072051048279,0.4803184909114817,0.20383842843265645,0.45845407247543335
control,300000,checkpoints/depth4_matched_freeze_seed_0_from_126200_control/step_300000.pt,1.9500000476837158,0.8757146000862122,0.4932964796932317,0.20383842843265645,0.45845407247543335
control,300000,checkpoints/depth4_matched_freeze_seed_0_from_126200_control/step_300000.pt,2.0,0.8851907253265381,0.5059546882174728,0.20383842843265645,0.45845407247543335
control,300000,checkpoints/depth4_matched_freeze_seed_0_from_126200_control/step_300000.pt,2.049999952316284,0.8941185474395752,0.5182930957983274,0.20383842843265645,0.45845407247543335
control,300000,checkpoints/depth4_matched_freeze_seed_0_from_126200_control/step_300000.pt,2.1000001430511475,0.9019500613212585,0.5303128656908557,0.20383842843265645,0.45845407247543335
control,300000,checkpoints/depth4_matched_freeze_seed_0_from_126200_control/step_300000.pt,2.1500000953674316,0.9102513790130615,0.5420160046278146,0.20383842843265645,0.45845407247543335
control,300000,checkpoints/depth4_matched_freeze_seed_0_from_126200_control/step_300000.pt,2.200000047683716,0.917456328868866,0.553405574197359,0.20383842843265645,0.45845407247543335
control,300000,checkpoints/depth4_matched_freeze_seed_0_from_126200_control/step_300000.pt,2.25,0.9239564538002014,0.5644853388177021,0.20383842843265645,0.45845407247543335
control,300000,checkpoints/depth4_matched_freeze_seed_0_from_126200_control/step_300000.pt,2.299999952316284,0.928968608379364,0.5752597133578972,0.20383842843265645,0.45845407247543335
control,300000,checkpoints/depth4_matched_freeze_seed_0_from_126200_control/step_300000.pt,2.3500001430511475,0.934450626373291,0.5857337122110212,0.20383842843265645,0.45845407247543335
control,300000,checkpoints/depth4_matched_freeze_seed_0_from_126200_control/step_300000.pt,2.4000000953674316,0.9394627809524536,0.5959126605142481,0.20383842843265645,0.45845407247543335
control,300000,checkpoints/depth4_matched_freeze_seed_0_from_126200_control/step_300000.pt,2.450000047683716,0.9443182945251465,0.6058024124448458,0.20383842843265645,0.45845407247543335
control,300000,checkpoints/depth4_matched_freeze_seed_0_from_126200_control/step_300000.pt,2.5,0.9487038850784302,0.6154090772101424,0.20383842843265645,0.45845407247543335
control,300000,checkpoints/depth4_matched_freeze_seed_0_from_126200_control/step_300000.pt,2.549999952316284,0.9530895352363586,0.6247390047455464,0.20383842843265645,0.45845407247543335
control,300000,checkpoints/depth4_matched_freeze_seed_0_from_126200_control/step_300000.pt,2.6000001430511475,0.9564570188522339,0.6337987705831497,0.20383842843265645,0.45845407247543335
control,300000,checkpoints/depth4_matched_freeze_seed_0_from_126200_control/step_300000.pt,2.6500000953674316,0.9596679210662842,0.6425949533105823,0.20383842843265645,0.45845407247543335
control,300000,checkpoints/depth4_matched_freeze_seed_0_from_126200_control/step_300000.pt,2.700000047683716,0.9626439213752747,0.6511343487796796,0.20383842843265645,0.45845407247543335
control,300000,checkpoints/depth4_matched_freeze_seed_0_from_126200_control/step_300000.pt,2.75,0.9655415415763855,0.6594237566539706,0.20383842843265645,0.45845407247543335
control,300000,checkpoints/depth4_matched_freeze_seed_0_from_126200_control/step_300000.pt,2.799999952316284,0.9674994349479675,0.6674699898768961,0.20383842843265645,0.45845407247543335
control,300000,checkpoints/depth4_matched_freeze_seed_0_from_126200_control/step_300000.pt,2.8500001430511475,0.9709452390670776,0.6752798815347383,0.20383842843265645,0.45845407247543335
control,300000,checkpoints/depth4_matched_freeze_seed_0_from_126200_control/step_300000.pt,2.9000000953674316,0.9736079573631287,0.6828601112995283,0.20383842843265645,0.45845407247543335
control,300000,checkpoints/depth4_matched_freeze_seed_0_from_126200_control/step_300000.pt,2.950000047683716,0.9758790731430054,0.6902174067740795,0.20383842843265645,0.45845407247543335
control,300000,checkpoints/depth4_matched_freeze_seed_0_from_126200_control/step_300000.pt,3.0,0.9777586460113525,0.6973583746879544,0.20383842843265645,0.45845407247543335
control,300000,checkpoints/depth4_matched_freeze_seed_0_from_126200_control/step_300000.pt,3.049999952316284,0.9790116548538208,0.7042895228848193,0.20383842843265645,0.45845407247543335
control,300000,checkpoints/depth4_matched_freeze_seed_0_from_126200_control/step_300000.pt,3.0999999046325684,0.9803430438041687,0.7110172471305999,0.20383842843265645,0.45845407247543335
control,300000,checkpoints/depth4_matched_freeze_seed_0_from_126200_control/step_300000.pt,3.1499998569488525,0.9822225570678711,0.7175478202466524,0.20383842843265645,0.45845407247543335
control,300000,checkpoints/depth4_matched_freeze_seed_0_from_126200_control/step_300000.pt,3.200000047683716,0.9831623435020447,0.7238874130841896,0.20383842843265645,0.45845407247543335
control,300000,checkpoints/depth4_matched_freeze_seed_0_from_126200_control/step_300000.pt,3.25,0.9845719933509827,0.7300419675279952,0.20383842843265645,0.45845407247543335
control,300000,checkpoints/depth4_matched_freeze_seed_0_from_126200_control/step_300000.pt,3.299999952316284,0.985668420791626,0.7360173724329326,0.20383842843265645,0.45845407247543335
control,300000,checkpoints/depth4_matched_freeze_seed_0_from_126200_control/step_300000.pt,3.3499999046325684,0.9869214296340942,0.7418193378318179,0.20383842843265645,0.45845407247543335
control,300000,checkpoints/depth4_matched_freeze_seed_0_from_126200_control/step_300000.pt,3.3999998569488525,0.9877045750617981,0.7474534228403517,0.20383842843265645,0.45845407247543335
control,300000,checkpoints/depth4_matched_freeze_seed_0_from_126200_control/step_300000.pt,3.450000047683716,0.9888010025024414,0.7529250596573717,0.20383842843265645,0.45845407247543335
control,300000,checkpoints/depth4_matched_freeze_seed_0_from_126200_control/step_300000.pt,3.5,0.9893491864204407,0.7582394491904704,0.20383842843265645,0.45845407247543335
control,300000,checkpoints/depth4_matched_freeze_seed_0_from_126200_control/step_300000.pt,3.549999952316284,0.9898191094398499,0.7634017175672281,0.20383842843265645,0.45845407247543335
control,300000,checkpoints/depth4_matched_freeze_seed_0_from_126200_control/step_300000.pt,3.5999999046325684,0.990445613861084,0.7684168117136558,0.20383842843265645,0.45845407247543335
control,300000,checkpoints/depth4_matched_freeze_seed_0_from_126200_control/step_300000.pt,3.6499998569488525,0.9910721182823181,0.773289527095505,0.20383842843265645,0.45845407247543335
control,300000,checkpoints/depth4_matched_freeze_seed_0_from_126200_control/step_300000.pt,3.700000047683716,0.9921685457229614,0.7780245317348954,0.20383842843265645,0.45845407247543335
control,300000,checkpoints/depth4_matched_freeze_seed_0_from_126200_control/step_300000.pt,3.75,0.993108332157135,0.7826262787304376,0.20383842843265645,0.45845407247543335
control,300000,checkpoints/depth4_matched_freeze_seed_0_from_126200_control/step_300000.pt,3.799999952316284,0.9934998750686646,0.7870991442107903,0.20383842843265645,0.45845407247543335
control,300000,checkpoints/depth4_matched_freeze_seed_0_from_126200_control/step_300000.pt,3.8499999046325684,0.9938914775848389,0.7914473391897517,0.20383842843265645,0.45845407247543335
control,300000,checkpoints/depth4_matched_freeze_seed_0_from_126200_control/step_300000.pt,3.8999998569488525,0.9942046999931335,0.7956749354967498,0.20383842843265645,0.45845407247543335
control,300000,checkpoints/depth4_matched_freeze_seed_0_from_126200_control/step_300000.pt,3.950000047683716,0.9946746230125427,0.7997858883160881,0.20383842843265645,0.45845407247543335
control,300000,checkpoints/depth4_matched_freeze_seed_0_from_126200_control/step_300000.pt,4.0,0.9949095249176025,0.8037839616847114,0.20383842843265645,0.45845407247543335
control,300000,checkpoints/depth4_matched_freeze_seed_0_from_126200_control/step_300000.pt,4.050000190734863,0.9951444864273071,0.8076728678216295,0.20383842843265645,0.45845407247543335
control,300000,checkpoints/depth4_matched_freeze_seed_0_from_126200_control/step_300000.pt,4.099999904632568,0.9957709908485413,0.8114561002634169,0.20383842843265645,0.45845407247543335
control,300000,checkpoints/depth4_matched_freeze_seed_0_from_126200_control/step_300000.pt,4.150000095367432,0.9957709908485413,0.8151371575173801,0.20383842843265645,0.45845407247543335
control,300000,checkpoints/depth4_matched_freeze_seed_0_from_126200_control/step_300000.pt,4.199999809265137,0.9958493113517761,0.8187192771932265,0.20383842843265645,0.45845407247543335
control,300000,checkpoints/depth4_matched_freeze_seed_0_from_126200_control/step_300000.pt,4.25,0.9960842728614807,0.8222057205869019,0.20383842843265645,0.45845407247543335
control,300000,checkpoints/depth4_matched_freeze_seed_0_from_126200_control/step_300000.pt,4.300000190734863,0.9963975548744202,0.8255995347568261,0.20383842843265645,0.45845407247543335
control,300000,checkpoints/depth4_matched_freeze_seed_0_from_126200_control/step_300000.pt,4.349999904632568,0.9967107772827148,0.8289036625370254,0.20383842843265645,0.45845407247543335
control,300000,checkpoints/depth4_matched_freeze_seed_0_from_126200_control/step_300000.pt,4.400000095367432,0.9969457387924194,0.8321210366020533,0.20383842843265645,0.45845407247543335
control,300000,checkpoints/depth4_matched_freeze_seed_0_from_126200_control/step_300000.pt,4.449999809265137,0.9970240592956543,0.835254364410347,0.20383842843265645,0.45845407247543335
control,300000,checkpoints/depth4_matched_freeze_seed_0_from_126200_control/step_300000.pt,4.5,0.9972589612007141,0.8383063771890331,0.20383842843265645,0.45845407247543335
control,300000,checkpoints/depth4_matched_freeze_seed_0_from_126200_control/step_300000.pt,4.550000190734863,0.9974156022071838,0.8412796220758625,0.20383842843265645,0.45845407247543335
control,300000,checkpoints/depth4_matched_freeze_seed_0_from_126200_control/step_300000.pt,4.599999904632568,0.9975722432136536,0.8441765584020795,0.20383842843265645,0.45845407247543335
control,300000,checkpoints/depth4_matched_freeze_seed_0_from_126200_control/step_300000.pt,4.650000095367432,0.9976505637168884,0.8469996403716724,0.20383842843265645,0.45845407247543335
control,300000,checkpoints/depth4_matched_freeze_seed_0_from_126200_control/step_300000.pt,4.699999809265137,0.9978072047233582,0.8497511285216939,0.20383842843265645,0.45845407247543335
control,300000,checkpoints/depth4_matched_freeze_seed_0_from_126200_control/step_300000.pt,4.75,0.9979638457298279,0.8524333082223144,0.20383842843265645,0.45845407247543335
control,300000,checkpoints/depth4_matched_freeze_seed_0_from_126200_control/step_300000.pt,4.800000190734863,0.998042106628418,0.8550483072077928,0.20383842843265645,0.45845407247543335
control,300000,checkpoints/depth4_matched_freeze_seed_0_from_126200_control/step_300000.pt,4.849999904632568,0.998042106628418,0.857598180024077,0.20383842843265645,0.45845407247543335
control,300000,checkpoints/depth4_matched_freeze_seed_0_from_126200_control/step_300000.pt,4.900000095367432,0.998042106628418,0.8600849808534984,0.20383842843265645,0.45845407247543335
control,300000,checkpoints/depth4_matched_freeze_seed_0_from_126200_control/step_300000.pt,4.949999809265137,0.9981204271316528,0.8625105974599193,0.20383842843265645,0.45845407247543335
control,300000,checkpoints/depth4_matched_freeze_seed_0_from_126200_control/step_300000.pt,5.0,0.9981987476348877,0.864876943584877,0.20383842843265645,0.45845407247543335
control,300000,checkpoints/depth4_matched_freeze_seed_0_from_126200_control/step_300000.pt,5.050000190734863,0.9982770681381226,0.867185798051269,0.20383842843265645,0.45845407247543335
control,300000,checkpoints/depth4_matched_freeze_seed_0_from_126200_control/step_300000.pt,5.099999904632568,0.9983553886413574,0.8694388790422916,0.20383842843265645,0.45845407247543335
control,300000,checkpoints/depth4_matched_freeze_seed_0_from_126200_control/step_300000.pt,5.150000095367432,0.998590350151062,0.8716379084250073,0.20383842843265645,0.45845407247543335
control,300000,checkpoints/depth4_matched_freeze_seed_0_from_126200_control/step_300000.pt,5.199999809265137,0.9987469911575317,0.8737844648736721,0.20383842843265645,0.45845407247543335
control,300000,checkpoints/depth4_matched_freeze_seed_0_from_126200_control/step_300000.pt,5.25,0.9987469911575317,0.8758801538825741,0.20383842843265645,0.45845407247543335
control,300000,checkpoints/depth4_matched_freeze_seed_0_from_126200_control/step_300000.pt,5.300000190734863,0.9987469911575317,0.8779264653012279,0.20383842843265645,0.45845407247543335
control,300000,checkpoints/depth4_matched_freeze_seed_0_from_126200_control/step_300000.pt,5.349999904632568,0.9989035725593567,0.8799248388825763,0.20383842843265645,0.45845407247543335
control,300000,checkpoints/depth4_matched_freeze_seed_0_from_126200_control/step_300000.pt,5.400000095367432,0.9989035725593567,0.8818767212782674,0.20383842843265645,0.45845407247543335
control,300000,checkpoints/depth4_matched_freeze_seed_0_from_126200_control/step_300000.pt,5.449999809265137,0.9989035725593567,0.8837834356061665,0.20383842843265645,0.45845407247543335
control,300000,checkpoints/depth4_matched_freeze_seed_0_from_126200_control/step_300000.pt,5.5,0.9989035725593567,0.8856463322260147,0.20383842843265645,0.45845407247543335
control,300000,checkpoints/depth4_matched_freeze_seed_0_from_126200_control/step_300000.pt,5.550000190734863,0.9989035725593567,0.8874666621014026,0.20383842843265645,0.45845407247543335
control,300000,checkpoints/depth4_matched_freeze_seed_0_from_126200_control/step_300000.pt,5.599999904632568,0.9990602135658264,0.8892456348444624,0.20383842843265645,0.45845407247543335
control,300000,checkpoints/depth4_matched_freeze_seed_0_from_126200_control/step_300000.pt,5.650000095367432,0.9990602135658264,0.8909844693878409,0.20383842843265645,0.45845407247543335
control,300000,checkpoints/depth4_matched_freeze_seed_0_from_126200_control/step_300000.pt,5.699999809265137,0.9990602135658264,0.8926842777199825,0.20383842843265645,0.45845407247543335
control,300000,checkpoints/depth4_matched_freeze_seed_0_from_126200_control/step_300000.pt,5.75,0.9990602135658264,0.8943461990797046,0.20383842843265645,0.45845407247543335
control,300000,checkpoints/depth4_matched_freeze_seed_0_from_126200_control/step_300000.pt,5.800000190734863,0.9990602135658264,0.8959712869711697,0.20383842843265645,0.45845407247543335
control,300000,checkpoints/depth4_matched_freeze_seed_0_from_126200_control/step_300000.pt,5.849999904632568,0.9991385340690613,0.8975605607464872,0.20383842843265645,0.45845407247543335
control,300000,checkpoints/depth4_matched_freeze_seed_0_from_126200_control/step_300000.pt,5.900000095367432,0.9991385340690613,0.8991150508104719,0.20383842843265645,0.45845407247543335
control,300000,checkpoints/depth4_matched_freeze_seed_0_from_126200_control/step_300000.pt,5.949999809265137,0.9991385340690613,0.9006356946166749,0.20383842843265645,0.45845407247543335
control,300000,checkpoints/depth4_matched_freeze_seed_0_from_126200_control/step_300000.pt,6.0,0.9991385340690613,0.9021234565238219,0.20383842843265645,0.45845407247543335
freeze,300000,checkpoints/depth4_matched_freeze_seed_0_from_126200_freeze/step_300000.pt,0.0,0.01652439497411251,0.0,0.9068512453165477,0.9888793230056763
freeze,300000,checkpoints/depth4_matched_freeze_seed_0_from_126200_freeze/step_300000.pt,0.05000000074505806,0.029133057221770287,0.023760490526311313,0.9068512453165477,0.9888793230056763
freeze,300000,checkpoints/depth4_matched_freeze_seed_0_from_126200_freeze/step_300000.pt,0.10000000149011612,0.04980812966823578,0.08871801167732825,0.9068512453165477,0.9888793230056763
freeze,300000,checkpoints/depth4_matched_freeze_seed_0_from_126200_freeze/step_300000.pt,0.15000000596046448,0.08230871707201004,0.17968852372476585,0.9068512453165477,0.9888793230056763
freeze,300000,checkpoints/depth4_matched_freeze_seed_0_from_126200_freeze/step_300000.pt,0.20000000298023224,0.13258673250675201,0.28027557223742405,0.9068512453165477,0.9888793230056763
freeze,300000,checkpoints/depth4_matched_freeze_seed_0_from_126200_freeze/step_300000.pt,0.25,0.19594329595565796,0.37829108841332,0.9068512453165477,0.9888793230056763
freeze,300000,checkpoints/depth4_matched_freeze_seed_0_from_126200_freeze/step_300000.pt,0.30000001192092896,0.27543267607688904,0.4670068048826915,0.9068512453165477,0.9888793230056763
freeze,300000,checkpoints/depth4_matched_freeze_seed_0_from_126200_freeze/step_300000.pt,0.3499999940395355,0.36643433570861816,0.5439206136589942,0.9068512453165477,0.9888793230056763
freeze,300000,checkpoints/depth4_matched_freeze_seed_0_from_126200_freeze/step_300000.pt,0.4000000059604645,0.4679301381111145,0.6090210875209329,0.9068512453165477,0.9888793230056763
freeze,300000,checkpoints/depth4_matched_freeze_seed_0_from_126200_freeze/step_300000.pt,0.45000001788139343,0.5612812042236328,0.6634630891873343,0.9068512453165477,0.9888793230056763
freeze,300000,checkpoints/depth4_matched_freeze_seed_0_from_126200_freeze/step_300000.pt,0.5,0.6558070182800293,0.7087841598331132,0.9068512453165477,0.9888793230056763
freeze,300000,checkpoints/depth4_matched_freeze_seed_0_from_126200_freeze/step_300000.pt,0.550000011920929,0.7321638464927673,0.7465141829492699,0.9068512453165477,0.9888793230056763
freeze,300000,checkpoints/depth4_matched_freeze_seed_0_from_126200_freeze/step_300000.pt,0.6000000238418579,0.7968517541885376,0.7780138844860962,0.9068512453165477,0.9888793230056763
freeze,300000,checkpoints/depth4_matched_freeze_seed_0_from_126200_freeze/step_300000.pt,0.6500000357627869,0.8474430441856384,0.8044299053946364,0.9068512453165477,0.9888793230056763
freeze,300000,checkpoints/depth4_matched_freeze_seed_0_from_126200_freeze/step_300000.pt,0.699999988079071,0.8895763158798218,0.8267018773356419,0.9068512453165477,0.9888793230056763
freeze,300000,checkpoints/depth4_matched_freeze_seed_0_from_126200_freeze/step_300000.pt,0.75,0.9183961153030396,0.8455891317421581,0.9068512453165477,0.9888793230056763
freeze,300000,checkpoints/depth4_matched_freeze_seed_0_from_126200_freeze/step_300000.pt,0.800000011920929,0.9445531964302063,0.861701392516899,0.9068512453165477,0.9888793230056763
freeze,300000,checkpoints/depth4_matched_freeze_seed_0_from_126200_freeze/step_300000.pt,0.8500000238418579,0.9608426690101624,0.8755276247260091,0.9068512453165477,0.9888793230056763
freeze,300000,checkpoints/depth4_matched_freeze_seed_0_from_126200_freeze/step_300000.pt,0.9000000357627869,0.9744694232940674,0.8874605007236945,0.9068512453165477,0.9888793230056763
freeze,300000,checkpoints/depth4_matched_freeze_seed_0_from_126200_freeze/step_300000.pt,0.949999988079071,0.9826141595840454,0.897816371520811,0.9068512453165477,0.9888793230056763
freeze,300000,checkpoints/depth4_matched_freeze_seed_0_from_126200_freeze/step_300000.pt,1.0,0.9888793230056763,0.9068512453165477,0.9068512453165477,0.9888793230056763
freeze,300000,checkpoints/depth4_matched_freeze_seed_0_from_126200_freeze/step_300000.pt,1.0500000715255737,0.9939697980880737,0.9147732731698998,0.9068512453165477,0.9888793230056763
freeze,300000,checkpoints/depth4_matched_freeze_seed_0_from_126200_freeze/step_300000.pt,1.100000023841858,0.9960059523582458,0.9217525890682047,0.9068512453165477,0.9888793230056763
freeze,300000,checkpoints/depth4_matched_freeze_seed_0_from_126200_freeze/step_300000.pt,1.149999976158142,0.9975722432136536,0.9279290713950556,0.9068512453165477,0.9888793230056763
freeze,300000,checkpoints/depth4_matched_freeze_seed_0_from_126200_freeze/step_300000.pt,1.2000000476837158,0.9982770681381226,0.9334183136903389,0.9068512453165477,0.9888793230056763
freeze,300000,checkpoints/depth4_matched_freeze_seed_0_from_126200_freeze/step_300000.pt,1.25,0.9987469911575317,0.9383163242744631,0.9068512453165477,0.9888793230056763
freeze,300000,checkpoints/depth4_matched_freeze_seed_0_from_126200_freeze/step_300000.pt,1.3000000715255737,0.9993734955787659,0.9427033416829285,0.9068512453165477,0.9888793230056763
freeze,300000,checkpoints/depth4_matched_freeze_seed_0_from_126200_freeze/step_300000.pt,1.350000023841858,0.9997650384902954,0.9466466900141428,0.9068512453165477,0.9888793230056763
freeze,300000,checkpoints/depth4_matched_freeze_seed_0_from_126200_freeze/step_300000.pt,1.399999976158142,0.9998433589935303,0.9502032004228506,0.9068512453165477,0.9888793230056763
freeze,300000,checkpoints/depth4_matched_freeze_seed_0_from_126200_freeze/step_300000.pt,1.4500000476837158,0.9998433589935303,0.9534210491494217,0.9068512453165477,0.9888793230056763
freeze,300000,checkpoints/depth4_matched_freeze_seed_0_from_126200_freeze/step_300000.pt,1.5,0.9998433589935303,0.9563412430044882,0.9068512453165477,0.9888793230056763
freeze,300000,checkpoints/depth4_matched_freeze_seed_0_from_126200_freeze/step_300000.pt,1.5500000715255737,0.9999216794967651,0.9589988851836923,0.9068512453165477,0.9888793230056763
freeze,300000,checkpoints/depth4_matched_freeze_seed_0_from_126200_freeze/step_300000.pt,1.600000023841858,1.0,0.9614241035590813,0.9068512453165477,0.9888793230056763
freeze,300000,checkpoints/depth4_matched_freeze_seed_0_from_126200_freeze/step_300000.pt,1.649999976158142,1.0,0.9636428988107609,0.9068512453165477,0.9888793230056763
freeze,300000,checkpoints/depth4_matched_freeze_seed_0_from_126200_freeze/step_300000.pt,1.7000000476837158,1.0,0.965677779994976,0.9068512453165477,0.9888793230056763
freeze,300000,checkpoints/depth4_matched_freeze_seed_0_from_126200_freeze/step_300000.pt,1.75,1.0,0.9675482924980955,0.9068512453165477,0.9888793230056763
freeze,300000,checkpoints/depth4_matched_freeze_seed_0_from_126200_freeze/step_300000.pt,1.8000000715255737,1.0,0.9692714974642617,0.9068512453165477,0.9888793230056763
freeze,300000,checkpoints/depth4_matched_freeze_seed_0_from_126200_freeze/step_300000.pt,1.850000023841858,1.0,0.9708623064471402,0.9068512453165477,0.9888793230056763
freeze,300000,checkpoints/depth4_matched_freeze_seed_0_from_126200_freeze/step_300000.pt,1.899999976158142,1.0,0.9723338198768458,0.9068512453165477,0.9888793230056763
freeze,300000,checkpoints/depth4_matched_freeze_seed_0_from_126200_freeze/step_300000.pt,1.9500000476837158,1.0,0.9736975718782636,0.9068512453165477,0.9888793230056763
freeze,300000,checkpoints/depth4_matched_freeze_seed_0_from_126200_freeze/step_300000.pt,2.0,1.0,0.9749637389232125,0.9068512453165477,0.9888793230056763
freeze,300000,checkpoints/depth4_matched_freeze_seed_0_from_126200_freeze/step_300000.pt,2.049999952316284,1.0,0.9761413424152738,0.9068512453165477,0.9888793230056763
freeze,300000,checkpoints/depth4_matched_freeze_seed_0_from_126200_freeze/step_300000.pt,2.1000001430511475,1.0,0.977238395506167,0.9068512453165477,0.9888793230056763
freeze,300000,checkpoints/depth4_matched_freeze_seed_0_from_126200_freeze/step_300000.pt,2.1500000953674316,1.0,0.978262017599095,0.9068512453165477,0.9888793230056763
freeze,300000,checkpoints/depth4_matched_freeze_seed_0_from_126200_freeze/step_300000.pt,2.200000047683716,1.0,0.9792185779116293,0.9068512453165477,0.9888793230056763
freeze,300000,checkpoints/depth4_matched_freeze_seed_0_from_126200_freeze/step_300000.pt,2.25,1.0,0.9801137701824609,0.9068512453165477,0.9888793230056763
freeze,300000,checkpoints/depth4_matched_freeze_seed_0_from_126200_freeze/step_300000.pt,2.299999952316284,1.0,0.9809527004228051,0.9068512453165477,0.9888793230056763
freeze,300000,checkpoints/depth4_matched_freeze_seed_0_from_126200_freeze/step_300000.pt,2.3500001430511475,1.0,0.9817399614038004,0.9068512453165477,0.9888793230056763
freeze,300000,checkpoints/depth4_matched_freeze_seed_0_from_126200_freeze/step_300000.pt,2.4000000953674316,1.0,0.982479679036771,0.9068512453165477,0.9888793230056763
freeze,300000,checkpoints/depth4_matched_freeze_seed_0_from_126200_freeze/step_300000.pt,2.450000047683716,1.0,0.9831755877920054,0.9068512453165477,0.9888793230056763
freeze,300000,checkpoints/depth4_matched_freeze_seed_0_from_126200_freeze/step_300000.pt,2.5,1.0,0.9838310613942798,0.9068512453165477,0.9888793230056763
freeze,300000,checkpoints/depth4_matched_freeze_seed_0_from_126200_freeze/step_300000.pt,2.549999952316284,1.0,0.9844491566680938,0.9068512453165477,0.9888793230056763
freeze,300000,checkpoints/depth4_matched_freeze_seed_0_from_126200_freeze/step_300000.pt,2.6000001430511475,1.0,0.9850326511144775,0.9068512453165477,0.9888793230056763
freeze,300000,checkpoints/depth4_matched_freeze_seed_0_from_126200_freeze/step_300000.pt,2.6500000953674316,1.0,0.9855840624481038,0.9068512453165477,0.9888793230056763
freeze,300000,checkpoints/depth4_matched_freeze_seed_0_from_126200_freeze/step_300000.pt,2.700000047683716,1.0,0.9861056920127226,0.9068512453165477,0.9888793230056763
freeze,300000,checkpoints/depth4_matched_freeze_seed_0_from_126200_freeze/step_300000.pt,2.75,1.0,0.9865996369987444,0.9068512453165477,0.9888793230056763
freeze,300000,checkpoints/depth4_matched_freeze_seed_0_from_126200_freeze/step_300000.pt,2.799999952316284,1.0,0.9870678139999588,0.9068512453165477,0.9888793230056763
freeze,300000,checkpoints/depth4_matched_freeze_seed_0_from_126200_freeze/step_300000.pt,2.8500001430511475,1.0,0.9875119793417775,0.9068512453165477,0.9888793230056763
freeze,300000,checkpoints/depth4_matched_freeze_seed_0_from_126200_freeze/step_300000.pt,2.9000000953674316,1.0,0.9879337368797336,0.9068512453165477,0.9888793230056763
freeze,300000,checkpoints/depth4_matched_freeze_seed_0_from_126200_freeze/step_300000.pt,2.950000047683716,1.0,0.9883345650133463,0.9068512453165477,0.9888793230056763
freeze,300000,checkpoints/depth4_matched_freeze_seed_0_from_126200_freeze/step_300000.pt,3.0,1.0,0.9887158208237085,0.9068512453165477,0.9888793230056763
freeze,300000,checkpoints/depth4_matched_freeze_seed_0_from_126200_freeze/step_300000.pt,3.049999952316284,1.0,0.9890787535596667,0.9068512453165477,0.9888793230056763
freeze,300000,checkpoints/depth4_matched_freeze_seed_0_from_126200_freeze/step_300000.pt,3.0999999046325684,1.0,0.9894245147213028,0.9068512453165477,0.9888793230056763
freeze,300000,checkpoints/depth4_matched_freeze_seed_0_from_126200_freeze/step_300000.pt,3.1499998569488525,1.0,0.9897541670642255,0.9068512453165477,0.9888793230056763
freeze,300000,checkpoints/depth4_matched_freeze_seed_0_from_126200_freeze/step_300000.pt,3.200000047683716,1.0,0.9900686941193902,0.9068512453165477,0.9888793230056763
freeze,300000,checkpoints/depth4_matched_freeze_seed_0_from_126200_freeze/step_300000.pt,3.25,1.0,0.9903690014839732,0.9068512453165477,0.9888793230056763
freeze,300000,checkpoints/depth4_matched_freeze_seed_0_from_126200_freeze/step_300000.pt,3.299999952316284,1.0,0.9906559322912867,0.9068512453165477,0.9888793230056763
freeze,300000,checkpoints/depth4_matched_freeze_seed_0_from_126200_freeze/step_300000.pt,3.3499999046325684,1.0,0.9909302669680305,0.9068512453165477,0.9888793230056763
freeze,300000,checkpoints/depth4_matched_freeze_seed_0_from_126200_freeze/step_300000.pt,3.3999998569488525,1.0,0.9911927300123318,0.9068512453165477,0.9888793230056763
freeze,300000,checkpoints/depth4_matched_freeze_seed_0_from_126200_freeze/step_300000.pt,3.450000047683716,1.0,0.9914439958938217,0.9068512453165477,0.9888793230056763
freeze,300000,checkpoints/depth4_matched_freeze_seed_0_from_126200_freeze/step_300000.pt,3.5,1.0,0.9916846885841326,0.9068512453165477,0.9888793230056763
freeze,300000,checkpoints/depth4_matched_freeze_seed_0_from_126200_freeze/step_300000.pt,3.549999952316284,1.0,0.9919153926019733,0.9068512453165477,0.9888793230056763
freeze,300000,checkpoints/depth4_matched_freeze_seed_0_from_126200_freeze/step_300000.pt,3.5999999046325684,1.0,0.9921366516671433,0.9068512453165477,0.9888793230056763
freeze,300000,checkpoints/depth4_matched_freeze_seed_0_from_126200_freeze/step_300000.pt,3.6499998569488525,1.0,0.9923489730953096,0.9068512453165477,0.9888793230056763
freeze,300000,checkpoints/depth4_matched_freeze_seed_0_from_126200_freeze/step_300000.pt,3.700000047683716,1.0,0.9925528316294212,0.9068512453165477,0.9888793230056763
freeze,300000,checkpoints/depth4_matched_freeze_seed_0_from_126200_freeze/step_300000.pt,3.75,1.0,0.9927486682093842,0.9068512453165477,0.9888793230056763
freeze,300000,checkpoints/depth4_matched_freeze_seed_0_from_126200_freeze/step_300000.pt,3.799999952316284,1.0,0.9929368981839073,0.9068512453165477,0.9888793230056763
freeze,300000,checkpoints/depth4_matched_freeze_seed_0_from_126200_freeze/step_300000.pt,3.8499999046325684,1.0,0.9931179095559631,0.9068512453165477,0.9888793230056763
freeze,300000,checkpoints/depth4_matched_freeze_seed_0_from_126200_freeze/step_300000.pt,3.8999998569488525,1.0,0.993292065956212,0.9068512453165477,0.9888793230056763
freeze,300000,checkpoints/depth4_matched_freeze_seed_0_from_126200_freeze/step_300000.pt,3.950000047683716,1.0,0.9934597092376296,0.9068512453165477,0.9888793230056763
freeze,300000,checkpoints/depth4_matched_freeze_seed_0_from_126200_freeze/step_300000.pt,4.0,1.0,0.993621157964884,0.9068512453165477,0.9888793230056763
freeze,300000,checkpoints/depth4_matched_freeze_seed_0_from_126200_freeze/step_300000.pt,4.050000190734863,1.0,0.9937767144524265,0.9068512453165477,0.9888793230056763
freeze,300000,checkpoints/depth4_matched_freeze_seed_0_from_126200_freeze/step_300000.pt,4.099999904632568,1.0,0.9939266592864586,0.9068512453165477,0.9888793230056763
freeze,300000,checkpoints/depth4_matched_freeze_seed_0_from_126200_freeze/step_300000.pt,4.150000095367432,1.0,0.994071261373235,0.9068512453165477,0.9888793230056763
freeze,300000,checkpoints/depth4_matched_freeze_seed_0_from_126200_freeze/step_300000.pt,4.199999809265137,1.0,0.9942107684426555,0.9068512453165477,0.9888793230056763
freeze,300000,checkpoints/depth4_matched_freeze_seed_0_from_126200_freeze/step_300000.pt,4.25,1.0,0.9943454191683032,0.9068512453165477,0.9888793230056763
freeze,300000,checkpoints/depth4_matched_freeze_seed_0_from_126200_freeze/step_300000.pt,4.300000190734863,1.0,0.9944754347226957,0.9068512453165477,0.9888793230056763
freeze,300000,checkpoints/depth4_matched_freeze_seed_0_from_126200_freeze/step_300000.pt,4.349999904632568,1.0,0.9946010238805115,0.9068512453165477,0.9888793230056763
freeze,300000,checkpoints/depth4_matched_freeze_seed_0_from_126200_freeze/step_300000.pt,4.400000095367432,1.0,0.9947223872543425,0.9068512453165477,0.9888793230056763
freeze,300000,checkpoints/depth4_matched_freeze_seed_0_from_126200_freeze/step_300000.pt,4.449999809265137,1.0,0.9948397097878188,0.9068512453165477,0.9888793230056763
freeze,300000,checkpoints/depth4_matched_freeze_seed_0_from_126200_freeze/step_300000.pt,4.5,1.0,0.9949531707407406,0.9068512453165477,0.9888793230056763
freeze,300000,checkpoints/depth4_matched_freeze_seed_0_from_126200_freeze/step_300000.pt,4.550000190734863,1.0,0.9950629364232361,0.9068512453165477,0.9888793230056763
freeze,300000,checkpoints/depth4_matched_freeze_seed_0_from_126200_freeze/step_300000.pt,4.599999904632568,1.0,0.9951691643249684,0.9068512453165477,0.9888793230056763
freeze,300000,checkpoints/depth4_matched_freeze_seed_0_from_126200_freeze/step_300000.pt,4.650000095367432,1.0,0.9952720065641877,0.9068512453165477,0.9888793230056763
freeze,300000,checkpoints/depth4_matched_freeze_seed_0_from_126200_freeze/step_300000.pt,4.699999809265137,1.0,0.995371603403587,0.9068512453165477,0.9888793230056763
freeze,300000,checkpoints/depth4_matched_freeze_seed_0_from_126200_freeze/step_300000.pt,4.75,1.0,0.9954680915916498,0.9068512453165477,0.9888793230056763
freeze,300000,checkpoints/depth4_matched_freeze_seed_0_from_126200_freeze/step_300000.pt,4.800000190734863,1.0,0.9955615980896682,0.9068512453165477,0.9888793230056763
freeze,300000,checkpoints/depth4_matched_freeze_seed_0_from_126200_freeze/step_300000.pt,4.849999904632568,1.0,0.9956522434708843,0.9068512453165477,0.9888793230056763
freeze,300000,checkpoints/depth4_matched_freeze_seed_0_from_126200_freeze/step_300000.pt,4.900000095367432,1.0,0.9957401447778484,0.9068512453165477,0.9888793230056763
freeze,300000,checkpoints/depth4_matched_freeze_seed_0_from_126200_freeze/step_300000.pt,4.949999809265137,1.0,0.9958254099010797,0.9068512453165477,0.9888793230056763
freeze,300000,checkpoints/depth4_matched_freeze_seed_0_from_126200_freeze/step_300000.pt,5.0,1.0,0.9959081446298726,0.9068512453165477,0.9888793230056763
freeze,300000,checkpoints/depth4_matched_freeze_seed_0_from_126200_freeze/step_300000.pt,5.050000190734863,1.0,0.9959884472133907,0.9068512453165477,0.9888793230056763
freeze,300000,checkpoints/depth4_matched_freeze_seed_0_from_126200_freeze/step_300000.pt,5.099999904632568,1.0,0.9960664111996487,0.9068512453165477,0.9888793230056763
freeze,300000,checkpoints/depth4_matched_freeze_seed_0_from_126200_freeze/step_300000.pt,5.150000095367432,1.0,0.9961421278369954,0.9068512453165477,0.9888793230056763
freeze,300000,checkpoints/depth4_matched_freeze_seed_0_from_126200_freeze/step_300000.pt,5.199999809265137,1.0,0.9962156811799117,0.9068512453165477,0.9888793230056763
freeze,300000,checkpoints/depth4_matched_freeze_seed_0_from_126200_freeze/step_300000.pt,5.25,1.0,0.9962871541097162,0.9068512453165477,0.9888793230056763
freeze,300000,checkpoints/depth4_matched_freeze_seed_0_from_126200_freeze/step_300000.pt,5.300000190734863,1.0,0.9963566235969982,0.9068512453165477,0.9888793230056763
freeze,300000,checkpoints/depth4_matched_freeze_seed_0_from_126200_freeze/step_300000.pt,5.349999904632568,1.0,0.9964241631021223,0.9068512453165477,0.9888793230056763
freeze,300000,checkpoints/depth4_matched_freeze_seed_0_from_126200_freeze/step_300000.pt,5.400000095367432,1.0,0.9964898446182123,0.9068512453165477,0.9888793230056763
freeze,300000,checkpoints/depth4_matched_freeze_seed_0_from_126200_freeze/step_300000.pt,5.449999809265137,1.0,0.996553734390748,0.9068512453165477,0.9888793230056763
freeze,300000,checkpoints/depth4_matched_freeze_seed_0_from_126200_freeze/step_300000.pt,5.5,1.0,0.9966158981043095,0.9068512453165477,0.9888793230056763
freeze,300000,checkpoints/depth4_matched_freeze_seed_0_from_126200_freeze/step_300000.pt,5.550000190734863,1.0,0.9966763967363997,0.9068512453165477,0.9888793230056763
freeze,300000,checkpoints/depth4_matched_freeze_seed_0_from_126200_freeze/step_300000.pt,5.599999904632568,1.0,0.9967352886087789,0.9068512453165477,0.9888793230056763
freeze,300000,checkpoints/depth4_matched_freeze_seed_0_from_126200_freeze/step_300000.pt,5.650000095367432,1.0,0.9967926311435408,0.9068512453165477,0.9888793230056763
freeze,300000,checkpoints/depth4_matched_freeze_seed_0_from_126200_freeze/step_300000.pt,5.699999809265137,1.0,0.9968484771024568,0.9068512453165477,0.9888793230056763
freeze,300000,checkpoints/depth4_matched_freeze_seed_0_from_126200_freeze/step_300000.pt,5.75,1.0,0.9969028790901936,0.9068512453165477,0.9888793230056763
freeze,300000,checkpoints/depth4_matched_freeze_seed_0_from_126200_freeze/step_300000.pt,5.800000190734863,1.0,0.9969558859087385,0.9068512453165477,0.9888793230056763
freeze,300000,checkpoints/depth4_matched_freeze_seed_0_from_126200_freeze/step_300000.pt,5.849999904632568,1.0,0.9970075443265198,0.9068512453165477,0.9888793230056763
freeze,300000,checkpoints/depth4_matched_freeze_seed_0_from_126200_freeze/step_300000.pt,5.900000095367432,1.0,0.9970579006013925,0.9068512453165477,0.9888793230056763
freeze,300000,checkpoints/depth4_matched_freeze_seed_0_from_126200_freeze/step_300000.pt,5.949999809265137,1.0,0.9971069971618179,0.9068512453165477,0.9888793230056763
freeze,300000,checkpoints/depth4_matched_freeze_seed_0_from_126200_freeze/step_300000.pt,6.0,1.0,0.9971548765437831,0.9068512453165477,0.9888793230056763
