step,local_step,branch,frozen_group,train_loss,train_accuracy,test_loss,test_accuracy,hidden_gradient_norm,auxiliary_gradient_norm,token_embedding_gradient_norm,position_embedding_gradient_norm,unembedding_gradient_norm,other_auxiliary_gradient_norm,hidden_delta_norm,token_embedding_delta_norm,position_embedding_delta_norm,unembedding_delta_norm,other_auxiliary_delta_norm,muon_applied_update_norm,muon_max_abs_applied_update,collapse_detected
44000,0,freeze_token_embedding,token_embedding,1.8678194635413092e-07,1.0,3.3246786188101396e-05,1.0,nan,nan,nan,nan,nan,nan,0.0,0.0,0.0,0.0,0.0,nan,nan,0
44010,10,freeze_token_embedding,token_embedding,1.8889845421199425e-07,1.0,3.3476339012850076e-05,1.0,2.2420353818571203e-07,1.7207730775639345e-05,0.0,3.1293914162233705e-06,1.6920783309615217e-05,0.0,0.4233479664499597,0.0,0.000167235397384502,0.00201807776466012,0.0,0.15013556238560108,0.006721909623593092,0
44020,20,freeze_token_embedding,token_embedding,1.8675081037144992e-07,1.0,3.3459251426393166e-05,1.0,2.2455820253320317e-07,1.7296335460176298e-05,0.0,3.1254501209332375e-06,1.7011607269523665e-05,0.0,0.8420713672757278,0.0,0.0003499393933452666,0.004063529893755913,0.0,0.1496622694715859,0.006554140709340572,0
44030,30,freeze_token_embedding,token_embedding,1.8634618470514397e-07,1.0,3.311537147965282e-05,1.0,2.2529544387845146e-07,1.7548158485159233e-05,0.0,3.1590227536071325e-06,1.7261472748941742e-05,0.0,1.259385534058827,0.0,0.00053036940516904,0.006175566464662552,0.0,0.14940691829104552,0.006581494119018316,0
44040,40,freeze_token_embedding,token_embedding,1.8438529991726682e-07,1.0,3.3025440643541515e-05,1.0,2.2782710763339478e-07,1.7669776186818025e-05,0.0,3.192639724147739e-06,1.7378953998559155e-05,0.0,1.6731171993948517,0.0,0.0007257364923134446,0.008318165317177773,0.0,0.14926455469291805,0.00641285115852952,0
44050,50,freeze_token_embedding,token_embedding,1.837628076373221e-07,1.0,3.2922416721703485e-05,1.0,2.260298940840924e-07,1.796551940930894e-05,0.0,3.120043402304873e-06,1.7692518667900003e-05,0.0,2.085486725962942,0.0,0.0009353230707347393,0.01049092784523964,0.0,0.1488556009797817,0.00639131898060441,0
44060,60,freeze_token_embedding,token_embedding,1.8323368067285628e-07,1.0,3.2844258385011926e-05,1.0,2.2961657682720203e-07,1.78729784409242e-05,0.0,3.229750973332557e-06,1.7578739061718807e-05,0.0,2.495519028592222,0.0,0.001153425546362996,0.012684782966971397,0.0,0.148859989088462,0.006383728235960007,0
44070,70,freeze_token_embedding,token_embedding,1.8270453949753573e-07,1.0,3.305525387986563e-05,1.0,2.2763235587302458e-07,1.8235504894020595e-05,0.0,3.1794859296496725e-06,1.795618300093338e-05,0.0,2.9060095774467762,0.0,0.0013755110558122396,0.014898885041475296,0.0,0.14902981551631364,0.006344988942146301,0
44080,80,freeze_token_embedding,token_embedding,1.807747906923396e-07,1.0,3.2949574233498424e-05,1.0,2.279934440880206e-07,1.842344024235636e-05,0.0,3.1466283871850464e-06,1.8152737538912334e-05,0.0,3.317741029741893,0.0,0.0016124870162457228,0.0171519685536623,0.0,0.1495919452845655,0.006337800994515419,0
44090,90,freeze_token_embedding,token_embedding,1.8105491506048565e-07,1.0,3.279518932686187e-05,1.0,2.2915794523997288e-07,1.8487784337228854e-05,0.0,3.1935660445014946e-06,1.8209868358098902e-05,0.0,3.7314640004476374,0.0,0.001886296784505248,0.019427549093961716,0.0,0.1500569993915131,0.006533247884362936,0
44100,100,freeze_token_embedding,token_embedding,1.798099020788868e-07,1.0,3.2446998375235125e-05,1.0,2.304561012592827e-07,1.8296592583784193e-05,0.0,3.210562681488227e-06,1.8012706277659163e-05,0.0,4.141909976138728,0.0,0.002166415797546506,0.021709397435188293,0.0,0.15044407250221792,0.006554365623742342,0
44110,110,freeze_token_embedding,token_embedding,1.79996661131554e-07,1.0,3.1783871236257255e-05,1.0,2.3011451496463146e-07,1.841811116028745e-05,0.0,3.1442209547094535e-06,1.8147746231989004e-05,0.0,4.553910494325831,0.0,0.0024680320639163256,0.023995963856577873,0.0,0.15036967498172482,0.006510485429316759,0
44120,120,freeze_token_embedding,token_embedding,1.782225211854893e-07,1.0,3.134254438919015e-05,1.0,2.304817302401508e-07,1.8838387703749623e-05,0.0,3.1302972729463363e-06,1.8576492948341183e-05,0.0,4.968160822463451,0.0,0.0027960902079939842,0.026311682537198067,0.0,0.15073918271562922,0.006540184374898672,0
44130,130,freeze_token_embedding,token_embedding,1.7928077511442098e-07,1.0,3.1454645068151876e-05,1.0,2.3367230861021435e-07,1.8721942241558976e-05,0.0,3.2157954592548776e-06,1.8443692169967107e-05,0.0,5.3837767021243295,0.0,0.0031512179411947727,0.028664549812674522,0.0,0.15121997175483953,0.0066772340796887875,0
44140,140,freeze_token_embedding,token_embedding,1.783781584663302e-07,1.0,3.1206629500957206e-05,1.0,2.350288114627938e-07,1.8720041561540763e-05,0.0,3.236001703044167e-06,1.8438227925798856e-05,0.0,5.797369764337444,0.0,0.0035239928402006626,0.03104543313384056,0.0,0.1516856113335243,0.006674295291304588,0
44150,150,freeze_token_embedding,token_embedding,1.7803577634367684e-07,1.0,3.1306928576668724e-05,1.0,2.3855579614574285e-07,1.8892744782265874e-05,0.0,3.33903494720289e-06,1.8595339497551322e-05,0.0,6.213090166459889,0.0,0.0039191166870296,0.033468808978796005,0.0,0.15154009588676862,0.006755450740456581,0
44160,160,freeze_token_embedding,token_embedding,1.775688929228636e-07,1.0,3.163584915455431e-05,1.0,2.3732748618418243e-07,1.873681966151249e-05,0.0,3.2413263397756964e-06,1.845432780100964e-05,0.0,6.63078372893819,0.0,0.0043517714366316795,0.03592827916145325,0.0,0.15157204317037487,0.006754692643880844,0
44170,170,freeze_token_embedding,token_embedding,1.7657289674843923e-07,1.0,3.154984733555466e-05,1.0,2.423772612837772e-07,1.892869009891111e-05,0.0,3.387799097254174e-06,1.8623053620103747e-05,0.0,7.0498350955991596,0.0,0.004828634671866894,0.03841514140367508,0.0,0.15166273930741866,0.006697775796055794,0
44180,180,freeze_token_embedding,token_embedding,1.769464006429189e-07,1.0,3.140195258310996e-05,1.0,2.4025691463419176e-07,1.8685367214687414e-05,0.0,3.2723862659622682e-06,1.8396587620372884e-05,0.0,7.470003568686642,0.0,0.0053304643370211124,0.04095538705587387,0.0,0.15195666119824675,0.0068779620341956615,0
44190,190,freeze_token_embedding,token_embedding,1.7548350683682656e-07,1.0,3.1206131097860634e-05,1.0,2.441558380810343e-07,1.8643382191170812e-05,0.0,3.3589863051020075e-06,1.8338290828978643e-05,0.0,7.8913886082555615,0.0,0.005855239927768707,0.04352942854166031,0.0,0.1519322326081062,0.006824672222137451,0
44200,200,freeze_token_embedding,token_embedding,1.7479875680237456e-07,1.0,3.1081915949471295e-05,1.0,2.452084908055407e-07,1.8906707822466538e-05,0.0,3.36090874952788e-06,1.86055876838509e-05,0.0,8.310886347092236,0.0,0.006424342282116413,0.04615328088402748,0.0,0.1516638228784273,0.0065015279687941074,0
44210,210,freeze_token_embedding,token_embedding,1.7489213632870815e-07,1.0,3.073748666793108e-05,1.0,2.4698308538160404e-07,1.8929175084027413e-05,0.0,3.3544110920047387e-06,1.8629589249030687e-05,0.0,8.72763455863103,0.0,0.007026914041489363,0.0488174743950367,0.0,0.1517816172233158,0.0065488796681165695,0
44220,220,freeze_token_embedding,token_embedding,1.73616001575283e-07,1.0,3.0427181627601385e-05,1.0,2.5041583080916343e-07,1.8959670424657358e-05,0.0,3.439531155891018e-06,1.864507248683367e-05,0.0,9.141206537690724,0.0,0.007673284038901329,0.05153008550405502,0.0,0.15160695067357619,0.006554850377142429,0
44230,230,freeze_token_embedding,token_embedding,1.7417626452242985e-07,1.0,3.0133478503557853e-05,1.0,2.509652544786777e-07,1.8996754686834912e-05,0.0,3.4279271403647726e-06,1.8684913811739534e-05,0.0,9.553124458770784,0.0,0.008374192751944065,0.05428924784064293,0.0,0.15178116457959706,0.006355172023177147,0
44240,240,freeze_token_embedding,token_embedding,1.721842437518717e-07,1.0,3.0023356885067187e-05,1.0,2.5366916939553243e-07,1.9197911062326932e-05,0.0,3.4735478493530536e-06,1.8881055439123884e-05,0.0,9.96225412571246,0.0,0.009119016118347645,0.057082802057266235,0.0,0.15211140363381254,0.006608516909182072,0
44250,250,freeze_token_embedding,token_embedding,1.7093924498112756e-07,1.0,2.9776900191791356e-05,1.0,2.584460901660841e-07,1.945835139180584e-05,0.0,3.5601342460722663e-06,1.912989500851836e-05,0.0,10.370928630726393,0.0,0.00991015788167715,0.05994987487792969,0.0,0.15202324085020655,0.006474154070019722,0
44260,260,freeze_token_embedding,token_embedding,1.7097036675295385e-07,1.0,2.9640428692800924e-05,1.0,2.586453278160035e-07,1.9424537627140336e-05,0.0,3.4982876968570054e-06,1.9106926629319787e-05,0.0,10.777522544434044,0.0,0.010746360756456852,0.06290153414011002,0.0,0.15220079758650928,0.006756339687854052,0
44270,270,freeze_token_embedding,token_embedding,1.7003661412218207e-07,1.0,2.962684266094584e-05,1.0,2.6399243597772453e-07,1.9746089895558483e-05,0.0,3.627115347626386e-06,1.9410103050176986e-05,0.0,11.184303023454214,0.0,0.011619223281741142,0.06591638177633286,0.0,0.15198727220574132,0.00655130622908473,0
44280,280,freeze_token_embedding,token_embedding,1.69756489754036e-07,1.0,2.957037213491276e-05,1.0,2.63656314254149e-07,1.9392208459175116e-05,0.0,3.561147195796366e-06,1.9062423234572634e-05,0.0,11.591085027801974,0.0,0.01252248976379633,0.06897598505020142,0.0,0.15203651876586874,0.006495420355349779,0
44290,290,freeze_token_embedding,token_embedding,1.6841811145695829e-07,1.0,2.965308158309199e-05,1.0,2.6641466465527225e-07,1.9665686754216485e-05,0.0,3.6430201362236403e-06,1.9325310859130695e-05,0.0,11.996090613440275,0.0,0.013462144881486893,0.07205332070589066,0.0,0.15239076617965677,0.0067691318690776825,0
44300,300,freeze_token_embedding,token_embedding,1.6785784850981145e-07,1.0,2.9550548788392916e-05,1.0,2.68993006729442e-07,1.98671294660004e-05,0.0,3.673165338113904e-06,1.9524617528077215e-05,0.0,12.399599788839659,0.0,0.014457620680332184,0.07517839968204498,0.0,0.15183697745298028,0.006706004496663809,0
44310,310,freeze_token_embedding,token_embedding,1.6648834844090743e-07,1.0,2.960785604955163e-05,1.0,2.7091272965979995e-07,1.979915471153999e-05,0.0,3.639891701823217e-06,1.9461698684608564e-05,0.0,12.804677218915097,0.0,0.01547979936003685,0.07834948599338531,0.0,0.15193650251450844,0.006750825326889753,0
44320,320,freeze_token_embedding,token_embedding,1.6642610489725485e-07,1.0,2.9524790079449303e-05,1.0,2.704168682271487e-07,1.9921589403188055e-05,0.0,3.5754942473431583e-06,1.959810106200166e-05,0.0,13.20806494123855,0.0,0.016551030799746513,0.08158539980649948,0.0,0.15177181344215826,0.0065666912123560905,0
44330,330,freeze_token_embedding,token_embedding,1.6496321109116252e-07,1.0,2.937748831755016e-05,1.0,2.731778224420212e-07,1.9833472183791332e-05,0.0,3.643609488790389e-06,1.9495915694278665e-05,0.0,13.609392100979063,0.0,0.017653079703450203,0.08481944352388382,0.0,0.1515768992436045,0.0065346830524504185,0
44340,340,freeze_token_embedding,token_embedding,1.6390495716223086e-07,1.0,2.909095746872481e-05,1.0,2.740137223011231e-07,2.0320940591116796e-05,0.0,3.6550929962686496e-06,1.9989520296803676e-05,0.0,14.010055464557922,0.0,0.018786070868372917,0.08808993548154831,0.0,0.15159146419852068,0.006663175765424967,0
44350,350,freeze_token_embedding,token_embedding,1.6406058023221703e-07,1.0,2.8884467610623688e-05,1.0,2.7864924256555757e-07,2.0223456088853624e-05,0.0,3.680484724100097e-06,1.988572876143735e-05,0.0,14.409095266386382,0.0,0.01996077038347721,0.09141585975885391,0.0,0.15178972588391818,0.0066624591127038,0
44360,360,freeze_token_embedding,token_embedding,1.6328246488228615e-07,1.0,2.8835413104388863e-05,1.0,2.8105920990692833e-07,2.011979064986228e-05,0.0,3.707416226461646e-06,1.9775263353949413e-05,0.0,14.806613751037762,0.0,0.021162383258342743,0.0947674959897995,0.0,0.1518887643450864,0.006736557465046644,0
44370,370,freeze_token_embedding,token_embedding,1.6343808795227233e-07,1.0,2.8788814233848825e-05,1.0,2.836065540542691e-07,2.0281245122477784e-05,0.0,3.713821342898882e-06,1.993831574509386e-05,0.0,15.203640728867448,0.0,0.022389749065041542,0.09816055744886398,0.0,0.151895683247895,0.00675818370655179,0
44380,380,freeze_token_embedding,token_embedding,1.620685736725136e-07,1.0,2.873740413633641e-05,1.0,2.842211253163059e-07,2.0047332814129988e-05,0.0,3.7069069094286533e-06,1.9701634300872684e-05,0.0,15.600036149106389,0.0,0.02365887723863125,0.10158905386924744,0.0,0.15204523966408434,0.0071599422954022884,0
44390,390,freeze_token_embedding,token_embedding,1.6247319933881954e-07,1.0,2.8815842597396113e-05,1.0,2.8561770922540075e-07,2.085935886308282e-05,0.0,3.689464620038052e-06,2.0530482288450003e-05,0.0,15.994517066037357,0.0,0.02498266100883484,0.10507906973361969,0.0,0.15170936109276606,0.007190619595348835,0
44400,400,freeze_token_embedding,token_embedding,1.619440723743537e-07,1.0,2.863539157260675e-05,1.0,2.9232303177291655e-07,2.0622906118777508e-05,0.0,3.838100383291021e-06,2.026260699494742e-05,0.0,16.38895733647096,0.0,0.026343852281570435,0.10860052704811096,0.0,0.1517736235335244,0.0073595307767391205,0
44410,410,freeze_token_embedding,token_embedding,1.6079245312994317e-07,1.0,2.9011822334723547e-05,1.0,2.938365341257383e-07,2.0691029422816447e-05,0.0,3.778376594709698e-06,2.034312092291657e-05,0.0,16.78312394840072,0.0,0.027736613526940346,0.1121433824300766,0.0,0.15194426330077235,0.00717051001265645,0
44420,420,freeze_token_embedding,token_embedding,1.597964427446641e-07,1.0,2.9369113690336235e-05,1.0,3.0021211279386283e-07,2.090701957424685e-05,0.0,3.932911113224691e-06,2.053376920230221e-05,0.0,17.176720732750972,0.0,0.029177818447351456,0.115762859582901,0.0,0.15209126444903487,0.007165375165641308,0
44430,430,freeze_token_embedding,token_embedding,1.6032556970912992e-07,1.0,3.001461664098315e-05,1.0,3.004252161165103e-07,2.1225480580510314e-05,0.0,3.884163106704364e-06,2.0867062630713917e-05,0.0,17.572530053435603,0.0,0.030684471130371094,0.11948203295469284,0.0,0.15208097125886955,0.007187241688370705,0
44440,440,freeze_token_embedding,token_embedding,1.5948519660469174e-07,1.0,3.056937566725537e-05,1.0,3.031612707689826e-07,2.1515819094494237e-05,0.0,3.922371433873195e-06,2.1155270587769337e-05,0.0,17.96872879680549,0.0,0.0322747677564621,0.12326553463935852,0.0,0.15189158937219235,0.007024620659649372,0
44450,450,freeze_token_embedding,token_embedding,1.5951631837651803e-07,1.0,3.1108997063711286e-05,1.0,3.102104159968726e-07,2.1639601883206887e-05,0.0,3.962194114137674e-06,2.127377229044214e-05,0.0,18.365384141766878,0.0,0.03395833447575569,0.12713617086410522,0.0,0.15156098980748545,0.006994384806603193,0
44460,460,freeze_token_embedding,token_embedding,1.5842694267576007e-07,1.0,3.192959775333293e-05,1.0,3.112040293587765e-07,2.1831635781707783e-05,0.0,3.944152467738604e-06,2.1472400476341136e-05,0.0,18.763257776599158,0.0,0.03571471571922302,0.13107749819755554,0.0,0.1514731983524934,0.006895283702760935,0
44470,470,freeze_token_embedding,token_embedding,1.5827130539491918e-07,1.0,3.245190600864589e-05,1.0,3.2120661581381915e-07,2.2039955865551126e-05,0.0,4.180979431112064e-06,2.1639756596414372e-05,0.0,19.161746381783566,0.0,0.037554770708084106,0.13513265550136566,0.0,0.15081949424825006,0.006805024575442076,0
44480,480,freeze_token_embedding,token_embedding,1.589249336575449e-07,1.0,3.331681728013791e-05,1.0,3.2854080197903773e-07,2.2279956570660716e-05,0.0,4.281931069272105e-06,2.1864618247491308e-05,0.0,19.559868663739554,0.0,0.03949757665395737,0.1393127590417862,0.0,0.15005816690211746,0.006903519853949547,0
44490,490,freeze_token_embedding,token_embedding,1.5842694267576007e-07,1.0,3.392941289348528e-05,1.0,3.2832277863839066e-07,2.268750110907356e-05,0.0,4.217268724460155e-06,2.2292091671261005e-05,0.0,19.955293792092636,0.0,0.041567444801330566,0.14365559816360474,0.0,0.14961198165170417,0.006874827668070793,0
44500,500,freeze_token_embedding,token_embedding,1.58800432359385e-07,1.0,3.419437416596338e-05,1.0,3.4177112289396626e-07,2.2470693428191017e-05,0.0,4.462774086277932e-06,2.202307223342359e-05,0.0,20.348087943099934,0.0,0.04374733194708824,0.14812955260276794,0.0,0.14860295155653805,0.006970475893467665,0
44510,510,freeze_token_embedding,token_embedding,1.6007656711281015e-07,1.0,3.403631126275286e-05,1.0,3.395804512575203e-07,2.2130490323946297e-05,0.0,4.350611561676487e-06,2.1698635464417748e-05,0.0,20.737483196660637,0.0,0.04602767154574394,0.15274116396903992,0.0,0.14831595507219314,0.006878940854221582,0
44520,520,freeze_token_embedding,token_embedding,1.5936069530653185e-07,1.0,3.423502130317502e-05,1.0,3.4822295696894026e-07,2.25064477181743e-05,0.0,4.512975010584341e-06,2.204933662142139e-05,0.0,21.124406995705286,0.0,0.04835343733429909,0.157411590218544,0.0,0.1486242792376881,0.006934385746717453,0
44530,530,freeze_token_embedding,token_embedding,1.5939181707835814e-07,1.0,3.471590025583282e-05,1.0,3.5218342317711374e-07,2.21562187729933e-05,0.0,4.577625986712519e-06,2.1678177290596068e-05,0.0,21.507723129778118,0.0,0.05077167600393295,0.16217775642871857,0.0,0.14871295257138226,0.007094183936715126,0
44540,540,freeze_token_embedding,token_embedding,1.604811927791161e-07,1.0,3.540586476447061e-05,1.0,3.5355906674424216e-07,2.228175194697288e-05,0.0,4.502625870372867e-06,2.182207208534237e-05,0.0,21.891409787929376,0.0,0.05327485501766205,0.16698800027370453,0.0,0.14860747532053648,0.007465539034456015,0
44550,550,freeze_token_embedding,token_embedding,1.6029444793730363e-07,1.0,3.61300481017679e-05,1.0,3.619825706149011e-07,2.2813754919063757e-05,0.0,4.594348865794018e-06,2.2346350306179374e-05,0.0,22.27431931574643,0.0,0.05586801841855049,0.1718025803565979,0.0,0.14872773860542343,0.007445770315825939,0
44560,560,freeze_token_embedding,token_embedding,1.5998318758647656e-07,1.0,3.6673154681921005e-05,1.0,3.6412902543466743e-07,2.3143670164211382e-05,0.0,4.557859938358888e-06,2.2690424884785898e-05,0.0,22.656369566226747,0.0,0.058523934334516525,0.17668886482715607,0.0,0.14935590536867382,0.007238662801682949,0
44570,570,freeze_token_embedding,token_embedding,1.6088581844542205e-07,1.0,3.6633551644627005e-05,1.0,3.729918701409404e-07,2.3054252906692035e-05,0.0,4.7436687964363955e-06,2.2560943762073293e-05,0.0,23.03731045933438,0.0,0.0612761490046978,0.18170411884784698,0.0,0.14930631289448618,0.007452215533703566,0
44580,580,freeze_token_embedding,token_embedding,1.604811927791161e-07,1.0,3.747405935428105e-05,1.0,3.708452056833733e-07,2.2994526760076863e-05,0.0,4.5764109017909504e-06,2.253452294098679e-05,0.0,23.419287686282388,0.0,0.06415966898202896,0.18684138357639313,0.0,0.14961691435383856,0.007408441510051489,0
44590,590,freeze_token_embedding,token_embedding,1.6325132889960514e-07,1.0,3.7996233004378155e-05,1.0,3.83805000408365e-07,2.3025388662705922e-05,0.0,4.8064803195302375e-06,2.2518132027471438e-05,0.0,23.802309247522047,0.0,0.06719201058149338,0.19214752316474915,0.0,0.1493973476716927,0.007000663783401251,0
44600,600,freeze_token_embedding,token_embedding,1.6181957107619382e-07,1.0,3.9497288526035845e-05,1.0,3.9208846082323554e-07,2.3471975399825135e-05,0.0,4.8693436838220805e-06,2.2961339709581807e-05,0.0,24.18477363487505,0.0,0.07033207267522812,0.19756615161895752,0.0,0.14920101423468304,0.006992972921580076,0
44610,610,freeze_token_embedding,token_embedding,1.6312682760144526e-07,1.0,4.030286072520539e-05,1.0,3.9717410432494684e-07,2.3104994864075487e-05,0.0,4.891522166872164e-06,2.2581270968657918e-05,0.0,24.565461618734496,0.0,0.07359617203474045,0.2031569480895996,0.0,0.14886626183933335,0.006796550005674362,0
44620,620,freeze_token_embedding,token_embedding,1.6474534447752376e-07,1.0,4.042749060317874e-05,1.0,4.08464943274431e-07,2.3793991984303447e-05,0.0,5.083139967609895e-06,2.3244692783919163e-05,0.0,24.948138977196205,0.0,0.07692769914865494,0.2088804990053177,0.0,0.14875413471088336,0.00668358476832509,0
44630,630,freeze_token_embedding,token_embedding,1.6486984577568364e-07,1.0,4.211206396576017e-05,1.0,4.1013023627655016e-07,2.3721219613408997e-05,0.0,5.003161732020089e-06,2.3187596525531262e-05,0.0,25.332504471896517,0.0,0.08037090301513672,0.21470770239830017,0.0,0.14857555481758167,0.0064433119259774685,0
44640,640,freeze_token_embedding,token_embedding,1.6577247663462913e-07,1.0,4.361134415376e-05,1.0,4.261509462745726e-07,2.3446457177063394e-05,0.0,5.221082119533094e-06,2.285774826304987e-05,0.0,25.71827663683703,0.0,0.08397255092859268,0.22068098187446594,0.0,0.14864347623469723,0.006574796512722969,0
44650,650,freeze_token_embedding,token_embedding,1.6717309847535944e-07,1.0,4.37848357250914e-05,1.0,4.341937229172683e-07,2.363579858825803e-05,0.0,5.31176146978396e-06,2.303119981661439e-05,0.0,26.104713302900024,0.0,0.0877385139465332,0.22684094309806824,0.0,0.1490886330461469,0.0068054827861487865,0
44660,660,freeze_token_embedding,token_embedding,1.6707971894902585e-07,1.0,4.5087341277394444e-05,1.0,4.311236327677151e-07,2.420411930709306e-05,0.0,5.184609108255245e-06,2.3642318410566077e-05,0.0,26.492590595388993,0.0,0.09161601960659027,0.23316152393817902,0.0,0.14957973302314484,0.006787323858588934,0
44670,670,freeze_token_embedding,token_embedding,1.6804460756247863e-07,1.0,4.528714271145873e-05,1.0,4.5860509137105097e-07,2.385437885608328e-05,0.0,5.560863883147249e-06,2.3197158952825703e-05,0.0,26.87997907976243,0.0,0.09569293260574341,0.2397008240222931,0.0,0.149199673843066,0.006902795750647783,0
44680,680,freeze_token_embedding,token_embedding,1.6963198845587613e-07,1.0,4.7303034079959616e-05,1.0,4.6930502641526126e-07,2.4158250343222838e-05,0.0,5.72434419154888e-06,2.3470256564905867e-05,0.0,27.265298615305987,0.0,0.09994461387395859,0.24642238020896912,0.0,0.14836485014237538,0.006920842919498682,0
44690,690,freeze_token_embedding,token_embedding,1.7009885766583466e-07,1.0,4.8867448640521616e-05,1.0,4.700638937013241e-07,2.3731168385863375e-05,0.0,5.654687356582144e-06,2.30476216529496e-05,0.0,27.6492769947604,0.0,0.10435627400875092,0.2533186674118042,0.0,0.14846600086743886,0.006857289467006922,0
44700,700,freeze_token_embedding,token_embedding,1.706591206129815e-07,1.0,5.033174966229126e-05,1.0,4.6466572795713913e-07,2.4568302522357733e-05,0.0,5.431682893686229e-06,2.396034869889263e-05,0.0,28.032035633034564,0.0,0.10892418026924133,0.2603949010372162,0.0,0.14854379298926565,0.006736696697771549,0
44710,710,freeze_token_embedding,token_embedding,1.7262000540085864e-07,1.0,5.10540085087996e-05,1.0,4.978045800065163e-07,2.419984628673181e-05,0.0,6.00573457631981e-06,2.3442775272997096e-05,0.0,28.412335730409424,0.0,0.11369200795888901,0.26767411828041077,0.0,0.14761972867566078,0.006379527505487204,0
44720,720,freeze_token_embedding,token_embedding,1.744875106624022e-07,1.0,5.2992894779890776e-05,1.0,5.236567845194368e-07,2.5112590180444852e-05,0.0,6.3452275753661525e-06,2.429774212941993e-05,0.0,28.79040567897717,0.0,0.11869709193706512,0.2751445770263672,0.0,0.14705753019569265,0.006481654942035675,0
44730,730,freeze_token_embedding,token_embedding,1.7700864418657147e-07,1.0,5.301978308125399e-05,1.0,5.305368501030619e-07,2.457652897424588e-05,0.0,6.413431947294157e-06,2.3724958737147972e-05,0.0,29.167497218412038,0.0,0.12391667813062668,0.282848596572876,0.0,0.1464783933329238,0.006523222662508488,0
44740,740,freeze_token_embedding,token_embedding,1.76790763362078e-07,1.0,5.481023981701583e-05,1.0,5.244363174407265e-07,2.5059967943188318e-05,0.0,6.1281830312509555e-06,2.429912274237722e-05,0.0,29.54346221944337,0.0,0.12925423681735992,0.2906898260116577,0.0,0.14636954176967046,0.006618974264711142,0
44750,750,freeze_token_embedding,token_embedding,1.79996661131554e-07,1.0,5.8617009926820174e-05,1.0,5.589339802334985e-07,2.5876049571353672e-05,0.0,6.528960966534214e-06,2.5038822059286758e-05,0.0,29.91711343572943,0.0,0.13492777943611145,0.29883211851119995,0.0,0.14540704243993627,0.00701320031657815,0
44760,760,freeze_token_embedding,token_embedding,1.8189527395406913e-07,1.0,6.140925688669086e-05,1.0,5.44906331811455e-07,2.561832504917371e-05,0.0,6.256593223952223e-06,2.4842576749506406e-05,0.0,30.289337508627135,0.0,0.14080026745796204,0.3072202801704407,0.0,0.14551435564733586,0.007079384755343199,0
44770,770,freeze_token_embedding,token_embedding,1.8267340351485473e-07,1.0,6.414842937374488e-05,1.0,5.817559416008069e-07,2.608709951027796e-05,0.0,6.793549346184591e-06,2.518698966014199e-05,0.0,30.660144329608638,0.0,0.14688624441623688,0.31577980518341064,0.0,0.1441706255081865,0.006776235066354275,0
44780,780,freeze_token_embedding,token_embedding,1.8491441267087794e-07,1.0,6.674027827102691e-05,1.0,6.11837939051857e-07,2.6303966505863663e-05,0.0,7.150843430281384e-06,2.531331847421825e-05,0.0,31.029317894767875,0.0,0.1532447189092636,0.32463598251342773,0.0,0.14347542464048188,0.006750745233148336,0
44790,790,freeze_token_embedding,token_embedding,1.8510117172354512e-07,1.0,7.27179431123659e-05,1.0,6.033902506812327e-07,2.6013186335575167e-05,0.0,6.871711775602307e-06,2.5089149858104065e-05,0.0,31.39833149075553,0.0,0.1598980873823166,0.3337765634059906,0.0,0.14333252024124513,0.0066157057881355286,0
44800,800,freeze_token_embedding,token_embedding,1.874978039495545e-07,1.0,7.623861165484414e-05,1.0,6.266731730125993e-07,2.811895101605362e-05,0.0,7.111446848284686e-06,2.7204829166294076e-05,0.0,31.766517863680807,0.0,0.1669246107339859,0.3433227837085724,0.0,0.14270062316573828,0.006545709446072578,0
44810,810,freeze_token_embedding,token_embedding,1.889295475621111e-07,1.0,7.747524796286598e-05,1.0,6.621796481109067e-07,2.9400648767764476e-05,0.0,7.645003279321827e-06,2.838929503923282e-05,0.0,32.13253577676645,0.0,0.1743014007806778,0.35315537452697754,0.0,0.14182024722674538,0.006849715020507574,0
44820,820,freeze_token_embedding,token_embedding,1.9067255152549478e-07,1.0,7.518151687690988e-05,1.0,6.689901316911709e-07,2.723167631332843e-05,0.0,7.597528110636631e-06,2.6150368285016157e-05,0.0,32.49748343598904,0.0,0.18210649490356445,0.36340147256851196,0.0,0.14175292479043272,0.006829382851719856,0
44830,830,freeze_token_embedding,token_embedding,1.9070367329732107e-07,1.0,7.702782022533938e-05,1.0,7.253534024473427e-07,2.977475910859204e-05,0.0,8.234046617872082e-06,2.8613576432690024e-05,0.0,32.86274405856824,0.0,0.19027715921401978,0.37401914596557617,0.0,0.14238322331742403,0.00682017020881176,0
44840,840,freeze_token_embedding,token_embedding,1.9151292462993297e-07,1.0,7.673865184187889e-05,1.0,7.378716473595386e-07,2.7788253602371852e-05,0.0,8.31353372632293e-06,2.6515508579905145e-05,0.0,33.23036288961984,0.0,0.19883041083812714,0.3850637972354889,0.0,0.14289787949360364,0.007020437624305487,0
44850,850,freeze_token_embedding,token_embedding,1.9241555548887845e-07,1.0,8.212940156226978e-05,1.0,7.753424165671772e-07,2.915163929534494e-05,0.0,8.509113285981584e-06,2.788212805171497e-05,0.0,33.60190555118579,0.0,0.20769745111465454,0.39648672938346863,0.0,0.14329492123702606,0.006626705173403025,0
44860,860,freeze_token_embedding,token_embedding,1.9509232629388862e-07,1.0,8.324276132043451e-05,1.0,7.51588095518883e-07,2.983528258055462e-05,0.0,7.893778274592478e-06,2.8772075893357396e-05,0.0,33.97730943813174,0.0,0.21678009629249573,0.4082801938056946,0.0,0.14410709424305174,0.006733845453709364,0
44870,870,freeze_token_embedding,token_embedding,1.96804208485446e-07,1.0,8.19005144876428e-05,1.0,8.336279623490624e-07,3.1705364132793487e-05,0.0,8.702921149961185e-06,3.048752660106402e-05,0.0,34.354263917524335,0.0,0.2259645164012909,0.42028212547302246,0.0,0.14398820890468522,0.006779013201594353,0
44880,880,freeze_token_embedding,token_embedding,1.9705321108176577e-07,1.0,8.145312312990427e-05,1.0,8.050466900334936e-07,3.165090191780012e-05,0.0,7.988496690813918e-06,3.062618998228572e-05,0.0,34.73393788247563,0.0,0.2352997064590454,0.43259018659591675,0.0,0.14479180814225603,0.006721352692693472,0
44890,890,freeze_token_embedding,token_embedding,1.9695983155543217e-07,1.0,8.572509250370786e-05,1.0,8.472543750969553e-07,3.1568547019436895e-05,0.0,8.62204615259543e-06,3.03682973026298e-05,0.0,35.117667913119035,0.0,0.24453143775463104,0.44487321376800537,0.0,0.14445999525139408,0.006661440711468458,0
44900,900,freeze_token_embedding,token_embedding,2.0007234979857458e-07,1.0,8.343232912011445e-05,1.0,8.696972153957239e-07,3.0247281842412713e-05,0.0,8.506651283823885e-06,2.9026452466496266e-05,0.0,35.50228035086844,0.0,0.25420504808425903,0.45749977231025696,0.0,0.1438291305525637,0.00677133072167635,0
44910,910,freeze_token_embedding,token_embedding,4.272885322570801,0.8566579818725586,4.463605880737305,0.8483051657676697,38.97071930587306,3278.597541835583,0.0,404.0677795410156,3253.602783203125,0.0,35.81964866315663,0.0,0.2500879466533661,0.5136946439743042,0.0,0.12426519533561378,0.006712550763040781,1
44920,920,freeze_token_embedding,token_embedding,25.206005096435547,0.40992167592048645,26.911611557006836,0.34735429286956787,12.81743720493864,364.53820485355556,0.0,169.88052368164062,322.5348205566406,0.0,35.862567548193525,0.0,0.6490206122398376,2.113666534423828,0.0,0.14563290098996987,0.0067929974757134914,1
44930,930,freeze_token_embedding,token_embedding,4.211699485778809,0.6386423110961914,5.097419738769531,0.577469527721405,3.2999356264708877,52.75872870685541,0.0,28.333759307861328,44.50484848022461,0.0,35.97841554240041,0.0,1.1223076581954956,2.6546108722686768,0.0,0.15772038127546,0.005524227861315012,1
44940,940,freeze_token_embedding,token_embedding,1.332598090171814,0.8295038938522339,1.9705027341842651,0.7458328604698181,1.1145294460270505,16.086268922207243,0.0,7.866523742675781,14.031601905822754,0.0,36.18134491163142,0.0,1.3181657791137695,2.9797611236572266,0.0,0.1641121479601253,0.005902427714318037,1
44950,950,freeze_token_embedding,token_embedding,0.6127607226371765,0.919843316078186,1.0534212589263916,0.8309654593467712,0.5709964364525353,7.2991260721936175,0.0,3.3755335807800293,6.47170877456665,0.0,36.487978097091585,0.0,1.3821308612823486,3.1837830543518066,0.0,0.16894733849031762,0.006468268111348152,0
44960,960,freeze_token_embedding,token_embedding,0.3444334864616394,0.9704960584640503,0.6728752851486206,0.8845508694648743,0.40803234416405837,4.743351494529769,0.0,1.829514741897583,4.37632942199707,0.0,36.89668000279804,0.0,1.3897907733917236,3.2899420261383057,0.0,0.1706186569461812,0.00664745457470417,0
44970,970,freeze_token_embedding,token_embedding,0.20369236171245575,0.9856396913528442,0.49513858556747437,0.9074840545654297,0.30784806058259495,3.778184399967083,0.0,1.081818699836731,3.61999249458313,0.0,37.395197258846814,0.0,1.376357078552246,3.3438310623168945,0.0,0.1718845639012607,0.006423762999475002,0
44980,980,freeze_token_embedding,token_embedding,0.10871489346027374,0.9895561337471008,0.3650052845478058,0.9153149127960205,0.24334266541057895,2.4410174870837515,0.0,0.8265392184257507,2.296823740005493,0.0,37.979180203336696,0.0,1.3592883348464966,3.364474296569824,0.0,0.17333148489062586,0.006683454383164644,0
44990,990,freeze_token_embedding,token_embedding,0.048248905688524246,0.9932115077972412,0.2679496705532074,0.9252712726593018,0.16421153331914345,1.4160735175008914,0.0,0.4530855119228363,1.3416324853897095,0.0,38.63675956460509,0.0,1.3415292501449585,3.374785900115967,0.0,0.1758511668207676,0.006796466652303934,0
45000,1000,freeze_token_embedding,token_embedding,0.021325476467609406,0.9981723427772522,0.19738954305648804,0.9394786953926086,0.08621201596960106,0.7026401322393221,0.0,0.41093119978904724,0.5699462294578552,0.0,39.348341528274666,0.0,1.3225489854812622,3.3723630905151367,0.0,0.17567299476768714,0.00654360419139266,0
45010,1010,freeze_token_embedding,token_embedding,0.009978990070521832,1.0,0.1401105374097824,0.9563709497451782,0.03491092966408984,0.2981572142289354,0.0,0.17945076525211334,0.23810742795467377,0.0,40.09790446440526,0.0,1.3026317358016968,3.352900266647339,0.0,0.17843177530268584,0.006169583182781935,0
45020,1020,freeze_token_embedding,token_embedding,0.0058430577628314495,1.0,0.09637114405632019,0.9675579071044922,0.018520131765330718,0.16659911349860432,0.0,0.10123440623283386,0.13231348991394043,0.0,40.886594214374725,0.0,1.2844189405441284,3.3228373527526855,0.0,0.18148494019766734,0.006224996410310268,0
45030,1030,freeze_token_embedding,token_embedding,0.003963944967836142,1.0,0.0683005079627037,0.9790804386138916,0.010404305122175848,0.10494441848730811,0.0,0.06665439158678055,0.08105876296758652,0.0,41.712267483266224,0.0,1.2684621810913086,3.289381742477417,0.0,0.18315367822725304,0.006769469939172268,0
45040,1040,freeze_token_embedding,token_embedding,0.0028110735584050417,1.0,0.050685495138168335,0.984226405620575,0.007548570170732367,0.07261642008790319,0.0,0.04157041758298874,0.0595402792096138,0.0,42.55477796195032,0.0,1.2542634010314941,3.2555248737335205,0.0,0.18253582016332826,0.007125674746930599,0
45050,1050,freeze_token_embedding,token_embedding,0.001981907058507204,1.0,0.037841539829969406,0.9894843101501465,0.006144204930547371,0.05493620324522173,0.0,0.025739770382642746,0.048532985150814056,0.0,43.39864132160804,0.0,1.2412151098251343,3.2211315631866455,0.0,0.1845680286533799,0.006524613127112389,0
45060,1060,freeze_token_embedding,token_embedding,0.0013246947200968862,1.0,0.027876289561390877,0.9916098117828369,0.0030641787633809907,0.036334192494866656,0.0,0.01624678447842598,0.03249946981668472,0.0,44.23314943013233,0.0,1.2288271188735962,3.1864874362945557,0.0,0.1857194161877648,0.006460417527705431,0
45070,1070,freeze_token_embedding,token_embedding,0.0008623594767414033,1.0,0.020771779119968414,0.9938471913337708,0.001877522000578508,0.024168131961445127,0.0,0.01005601417273283,0.021976696327328682,0.0,45.06170237144774,0.0,1.2167291641235352,3.152521848678589,0.0,0.18615540776659728,0.006155180279165506,0
45080,1080,freeze_token_embedding,token_embedding,0.0005486555746756494,1.0,0.015923526138067245,0.9963083267211914,0.0011457921648131263,0.014450862268162615,0.0,0.006070580333471298,0.013113941997289658,0.0,45.88059079325459,0.0,1.2048544883728027,3.1193149089813232,0.0,0.18565421891465206,0.0058404142037034035,0
45090,1090,freeze_token_embedding,token_embedding,0.00035915846819989383,1.0,0.012201943434774876,0.9975388646125793,0.0007332191031945954,0.009657771115470013,0.0,0.003793061478063464,0.008881735615432262,0.0,46.689519764635754,0.0,1.1932199001312256,3.0867385864257812,0.0,0.1854842706329545,0.005310738459229469,0
45100,1100,freeze_token_embedding,token_embedding,0.00023146989406086504,1.0,0.00926167331635952,0.9985457062721252,0.00043632835321245287,0.006406230110749533,0.0,0.002265078481286764,0.005992428865283728,0.0,47.48729671514211,0.0,1.1817893981933594,3.054718494415283,0.0,0.18579212221628735,0.005388103425502777,0
45110,1110,freeze_token_embedding,token_embedding,0.00015146051009651273,1.0,0.007457874249666929,0.9989931583404541,0.000271058939790946,0.0042846282877932775,0.0,0.001585079007782042,0.0039806487038731575,0.0,48.27660994373838,0.0,1.170509696006775,3.0231921672821045,0.0,0.18641703047172134,0.005709437653422356,0
45120,1120,freeze_token_embedding,token_embedding,0.00010315680992789567,1.0,0.0064263297244906425,0.9988812804222107,0.00018224675983698695,0.00293668373831174,0.0,0.0010525856632739305,0.0027415642980486155,0.0,49.05898628177591,0.0,1.1593486070632935,2.9920902252197266,0.0,0.1867005161132114,0.005842996761202812,0
45130,1130,freeze_token_embedding,token_embedding,7.238755642902106e-05,1.0,0.005667056888341904,0.9988812804222107,0.0001222712249574332,0.0020667770312986205,0.0,0.0007558376528322697,0.001923610339872539,0.0,49.832120511568604,0.0,1.1483027935028076,2.9613611698150635,0.0,0.18619748169350017,0.006096224766224623,0
45140,1140,freeze_token_embedding,token_embedding,5.0432514399290085e-05,1.0,0.0051082950085401535,0.9991050362586975,8.87076357559916e-05,0.0014618737043407442,0.0,0.0005622347234748304,0.0013494320446625352,0.0,50.584826393361865,0.0,1.1373735666275024,2.93097186088562,0.0,0.18507873726983576,0.006387257948517799,0
45150,1150,freeze_token_embedding,token_embedding,3.4779190173139796e-05,1.0,0.0045011816546320915,0.9995525479316711,5.753550356569087e-05,0.000983528274996915,0.0,0.00039633462438359857,0.0009001370635814965,0.0,51.30749491986289,0.0,1.126557469367981,2.900912284851074,0.0,0.1841887911495505,0.006037346087396145,0
45160,1160,freeze_token_embedding,token_embedding,2.411215245956555e-05,1.0,0.003943323157727718,0.9995525479316711,3.8314884942439145e-05,0.000660947074785287,0.0,0.00028117920737713575,0.0005981549038551748,0.0,52.001600570366456,0.0,1.1158515214920044,2.871182441711426,0.0,0.18348881080262075,0.005966655444353819,0
45170,1170,freeze_token_embedding,token_embedding,1.7112497516791336e-05,1.0,0.00338316080160439,0.9995525479316711,2.671913726118486e-05,0.0004724610466155337,0.0,0.0002014103374676779,0.00042737959302030504,0.0,52.67155828942171,0.0,1.1052550077438354,2.84177565574646,0.0,0.18333075026337484,0.0063848113641142845,0
45180,1180,freeze_token_embedding,token_embedding,1.217343560711015e-05,1.0,0.003054423490539193,0.9997762441635132,1.9107571192015895e-05,0.00034247695212807704,0.0,0.00014925445429980755,0.00030824271379970014,0.0,53.31403487656087,0.0,1.0947667360305786,2.812685966491699,0.0,0.18372109278707,0.006604707799851894,0
45190,1190,freeze_token_embedding,token_embedding,8.581337169744074e-06,1.0,0.0029283661860972643,0.9997762441635132,1.283367511776141e-05,0.00023722504473596006,0.0,0.00010320265573682263,0.00021359993843361735,0.0,53.92556096243341,0.0,1.0843855142593384,2.783907651901245,0.0,0.18444636722863883,0.006418364588171244,0
45200,1200,freeze_token_embedding,token_embedding,6.095882781664841e-06,1.0,0.0026981658302247524,0.9997762441635132,8.851369615642818e-06,0.00016822403024130243,0.0,7.39533279556781e-05,0.00015109675587154925,0.0,54.497604069432064,0.0,1.0741106271743774,2.7554373741149902,0.0,0.18450777480018068,0.006122662220150232,0
45210,1210,freeze_token_embedding,token_embedding,4.392282789922319e-06,1.0,0.002389301313087344,0.9997762441635132,6.374410658507273e-06,0.00012222798161950262,0.0,5.387524652178399e-05,0.00010971388837788254,0.0,55.030832971167015,0.0,1.063941478729248,2.727271556854248,0.0,0.18414359856919896,0.006042600143700838,0
45220,1220,freeze_token_embedding,token_embedding,3.194448026988539e-06,1.0,0.002124330261722207,0.9997762441635132,4.567513763307181e-06,8.988295344343177e-05,0.0,4.0403403545496985e-05,8.029016316868365e-05,0.0,55.5295858290229,0.0,1.0538771152496338,2.6994075775146484,0.0,0.18435498841767603,0.00617067189887166,0
45230,1230,freeze_token_embedding,token_embedding,2.33378455050115e-06,1.0,0.0018160352483391762,0.9997762441635132,3.3416024009860172e-06,6.599111258558297e-05,0.0,3.0153471016092226e-05,5.8699191868072376e-05,0.0,55.99873673714211,0.0,1.0439170598983765,2.671842575073242,0.0,0.18559190986813323,0.006156576797366142,0
45240,1240,freeze_token_embedding,token_embedding,1.6958792912191711e-06,1.0,0.0016193208284676075,0.9997762441635132,2.4227406728738837e-06,4.839801714539995e-05,0.0,2.2080161215853877e-05,4.306779010221362e-05,0.0,56.442307041126085,0.0,1.0340605974197388,2.64457368850708,0.0,0.18640249190992877,0.005838918033987284,0
45250,1250,freeze_token_embedding,token_embedding,1.2361945209704572e-06,1.0,0.0014826657716184855,0.9997762441635132,1.759506865634184e-06,3.573156151377196e-05,0.0,1.6276379028568044e-05,3.180918065481819e-05,0.0,56.85797670876217,0.0,1.0243068933486938,2.617598533630371,0.0,0.1857055142694385,0.005800360348075628,0
45260,1260,freeze_token_embedding,token_embedding,9.092262303056486e-07,1.0,0.0013203045818954706,0.9997762441635132,1.2817918291986958e-06,2.6443070355708947e-05,0.0,1.1983259355474729e-05,2.357196353841573e-05,0.0,57.242712847438966,0.0,1.0146551132202148,2.590914487838745,0.0,0.1830759643908478,0.005887605249881744,0
45270,1270,freeze_token_embedding,token_embedding,6.849390956631396e-07,1.0,0.0013043232029303908,0.9997762441635132,9.601665878751074e-07,2.0171328038324786e-05,0.0,9.086249519896228e-06,1.8008957340498455e-05,0.0,57.598611256123675,0.0,1.0051043033599854,2.5645194053649902,0.0,0.17988989965164318,0.006046113092452288,0
45280,1280,freeze_token_embedding,token_embedding,5.320527520780161e-07,1.0,0.0014296837616711855,0.9997762441635132,7.464766912692817e-07,1.5886674192180707e-05,0.0,7.169609489210416e-06,1.417685143678682e-05,0.0,57.92918264162569,0.0,0.9956536293029785,2.538410186767578,0.0,0.17683987612630556,0.00603311276063323,0
45290,1290,freeze_token_embedding,token_embedding,4.2600953520377516e-07,1.0,0.0014875495107844472,0.9997762441635132,5.875637417994506e-07,1.2840589726792328e-05,0.0,5.639084065478528e-06,1.1536094461916946e-05,0.0,58.23543290037551,0.0,0.9863022565841675,2.512585401535034,0.0,0.173146414257218,0.00594341428950429,0
45300,1300,freeze_token_embedding,token_embedding,3.513404180921498e-07,1.0,0.0013819645391777158,0.9997762441635132,4.811152358435039e-07,1.076504789712001e-05,0.0,4.6071236283751205e-06,9.729371413413901e-06,0.0,58.5206502370739,0.0,0.9770492315292358,2.48704195022583,0.0,0.17092526827050608,0.005766547285020351,0
45310,1310,freeze_token_embedding,token_embedding,2.986144806982338e-07,1.0,0.0012127133086323738,0.9997762441635132,4.0195177959911457e-07,9.223343236525664e-06,0.0,3.817152901319787e-06,8.396392331633251e-06,0.0,58.78397355958864,0.0,0.9678938388824463,2.461777687072754,0.0,0.16946358329831931,0.005808217916637659,0
45320,1320,freeze_token_embedding,token_embedding,2.617312020447571e-07,1.0,0.0008769535343162715,0.9997762441635132,3.5166806661653437e-07,8.266545095817662e-06,0.0,3.334384700792725e-06,7.56423469283618e-06,0.0,59.02495427008418,0.0,0.9588350653648376,2.4367902278900146,0.0,0.16814308462409058,0.005866997875273228,0
45330,1330,freeze_token_embedding,token_embedding,2.430561210076121e-07,1.0,0.0005914437351748347,0.9997762441635132,3.255143660833371e-07,7.901769972246653e-06,0.0,3.127931677227025e-06,7.256308435898973e-06,0.0,59.25335516362829,0.0,0.9498719573020935,2.4120771884918213,0.0,0.16695764048103803,0.005637736991047859,0
45340,1340,freeze_token_embedding,token_embedding,2.3287825001716556e-07,1.0,0.0004306999617256224,0.9997762441635132,3.111405562328386e-07,7.711914857080831e-06,0.0,3.012395154655678e-06,7.0992327891872264e-06,0.0,59.47186718866743,0.0,0.9410037994384766,2.3876359462738037,0.0,0.16573846029843475,0.005403761751949787,0
45350,1350,freeze_token_embedding,token_embedding,2.2827171619610453e-07,1.0,0.000322511768899858,1.0,3.0325468949855685e-07,7.635237080423358e-06,0.0,2.99870953313075e-06,7.021722467470681e-06,0.0,59.68205487957492,0.0,0.9322296380996704,2.363464593887329,0.0,0.1652968763206162,0.005412381608039141,0
45360,1360,freeze_token_embedding,token_embedding,2.2525257747929572e-07,1.0,0.00023844180395826697,1.0,2.9968270677703585e-07,7.465481498635618e-06,0.0,2.967190312119783e-06,6.850488716736436e-06,0.0,59.88250346544503,0.0,0.9235486388206482,2.3395602703094482,0.0,0.16454276138699128,0.005373617168515921,0
45370,1370,freeze_token_embedding,token_embedding,2.2565721735645639e-07,1.0,0.00018453056691214442,1.0,2.9986600018722186e-07,7.57954225957973e-06,0.0,2.9877487577323336e-06,6.965832199057331e-06,0.0,60.07776231532349,0.0,0.9149598479270935,2.315920829772949,0.0,0.1639555370991251,0.005292763467878103,0
45380,1380,freeze_token_embedding,token_embedding,2.2562608137377538e-07,1.0,0.0001645640004426241,1.0,2.98085694303625e-07,7.553383142390089e-06,0.0,2.9588113648060244e-06,6.949750513740582e-06,0.0,60.271090116196085,0.0,0.9064624905586243,2.292543888092041,0.0,0.1637285603584324,0.005532973445951939,0
45390,1390,freeze_token_embedding,token_embedding,2.2652871223272086e-07,1.0,0.0001475939789088443,1.0,2.985987227929634e-07,7.636807861702022e-06,0.0,2.9830255243723514e-06,7.030106189631624e-06,0.0,60.46538376992785,0.0,0.8980555534362793,2.2694272994995117,0.0,0.16414632694192932,0.005954044871032238,0
45400,1400,freeze_token_embedding,token_embedding,2.2690221612720052e-07,1.0,0.0001354935229755938,1.0,3.0189902177116984e-07,7.664286645570227e-06,0.0,3.0301000606414163e-06,7.039870979497209e-06,0.0,60.663726408147404,0.0,0.8897383213043213,2.2465686798095703,0.0,0.1646897072229827,0.005881739314645529,0
45410,1410,freeze_token_embedding,token_embedding,2.2805384958246577e-07,1.0,0.00013336542178876698,1.0,3.035771950862988e-07,7.843807638010593e-06,0.0,3.0150008569762576e-06,7.241207640618086e-06,0.0,60.86352752031319,0.0,0.8815099596977234,2.223965644836426,0.0,0.16529958546632292,0.00572851300239563,0
45420,1420,freeze_token_embedding,token_embedding,2.293611061077172e-07,1.0,0.00013031689741183072,1.0,3.037941677012884e-07,7.900397790266315e-06,0.0,3.0209739634301513e-06,7.300000106624793e-06,0.0,61.06725535322962,0.0,0.8733696341514587,2.201616048812866,0.0,0.1660243388059239,0.005524997133761644,0
45430,1430,freeze_token_embedding,token_embedding,2.3125973314108705e-07,1.0,0.00012473147944547236,1.0,3.068493244444684e-07,8.110323394941514e-06,0.0,3.0667101782455575e-06,7.508171165682143e-06,0.0,61.27552837919247,0.0,0.8653163313865662,2.1795177459716797,0.0,0.1661615844507783,0.005556485150009394,0
45440,1440,freeze_token_embedding,token_embedding,2.3462125398054923e-07,1.0,0.00012069682270521298,1.0,3.1019778538266267e-07,8.330207501131019e-06,0.0,3.132926167381811e-06,7.718622327956837e-06,0.0,61.4882532416076,0.0,0.8573495149612427,2.157668352127075,0.0,0.16640381612714522,0.005484066437929869,0
45450,1450,freeze_token_embedding,token_embedding,2.3521262448866764e-07,1.0,0.00011675913265207782,1.0,3.09255858452018e-07,8.501843771183107e-06,0.0,3.1172637591225794e-06,7.909741725597996e-06,0.0,61.70468357825036,0.0,0.8494681119918823,2.136065721511841,0.0,0.166467410361013,0.005499242339283228,0
45460,1460,freeze_token_embedding,token_embedding,2.3804501836366398e-07,1.0,0.00011392244778107852,1.0,3.1491500196686454e-07,8.620157145084287e-06,0.0,3.192292069797986e-06,8.007270480447914e-06,0.0,61.925994388881705,0.0,0.8416715264320374,2.1147077083587646,0.0,0.1670790967537265,0.005597454961389303,0
45470,1470,freeze_token_embedding,token_embedding,2.386052813108108e-07,1.0,0.0001132449324359186,1.0,3.298085141224817e-07,8.933758710531512e-06,0.0,3.631771051004762e-06,8.16224746813532e-06,0.0,62.15341184717911,0.0,0.8339588046073914,2.0935921669006348,0.0,0.16767791635909074,0.00570750841870904,0
45480,1480,freeze_token_embedding,token_embedding,2.4128203790496627e-07,1.0,0.00011496641673147678,1.0,3.303466809180049e-07,9.03634316031767e-06,0.0,3.6801407077291515e-06,8.253003215941135e-06,0.0,62.38404265608784,0.0,0.8263292908668518,2.0727171897888184,0.0,0.16809012744490048,0.005620206240564585,0
45490,1490,freeze_token_embedding,token_embedding,2.4227804829024535e-07,1.0,0.00011741321213776246,1.0,3.3845424832609373e-07,9.161743399945154e-06,0.0,3.850078883260721e-06,8.313509169965982e-06,0.0,62.61861576299068,0.0,0.8187820911407471,2.0520803928375244,0.0,0.1679671412850138,0.005976555403321981,0
45500,1500,freeze_token_embedding,token_embedding,2.433051520256413e-07,1.0,0.00012174552830401808,1.0,3.522288068826242e-07,9.49478984702631e-06,0.0,4.1713610698934644e-06,8.529406841262244e-06,0.0,62.857439127285375,0.0,0.8113164901733398,2.031680107116699,0.0,0.16786278659366494,0.006126766558736563,0
45510,1510,freeze_token_embedding,token_embedding,2.46511064005972e-07,1.0,0.00012707275163847953,1.0,3.518072797671809e-07,9.466799700414635e-06,0.0,4.10983057008707e-06,8.528164471499622e-06,0.0,63.09819796222167,0.0,0.803931713104248,2.0115137100219727,0.0,0.16788790422555375,0.006144316866993904,0
45520,1520,freeze_token_embedding,token_embedding,2.4834744749568927e-07,1.0,0.00013345548359211534,1.0,3.458166708744461e-07,9.51171006197521e-06,0.0,3.863819529215107e-06,8.691577932040673e-06,0.0,63.33951478077182,0.0,0.7966269850730896,1.9915797710418701,0.0,0.1678041698371508,0.006244302727282047,0
45530,1530,freeze_token_embedding,token_embedding,2.5058844244085776e-07,1.0,0.00014514056965708733,1.0,3.599170943040702e-07,9.843763014181853e-06,0.0,4.376142442197306e-06,8.817542038741522e-06,0.0,63.58221666882452,0.0,0.7894015908241272,1.9718759059906006,0.0,0.16782893320404044,0.006175950635224581,0
45540,1540,freeze_token_embedding,token_embedding,2.520202144751238e-07,1.0,0.00015249130956362933,1.0,3.6447524399375255e-07,9.890526484400212e-06,0.0,4.349178652773844e-06,8.882970178092364e-06,0.0,63.825679888639286,0.0,0.7822548151016235,1.9524002075195312,0.0,0.16775598370800546,0.006161285564303398,0
45550,1550,freeze_token_embedding,token_embedding,2.543546031574806e-07,1.0,0.000163688586326316,1.0,3.5266887822390607e-07,9.784229500046227e-06,0.0,4.0989448280015495e-06,8.884244380169548e-06,0.0,64.07075988070842,0.0,0.7751858830451965,1.9331508874893188,0.0,0.16793267299975753,0.006170620676130056,0
45560,1560,freeze_token_embedding,token_embedding,2.558485903136898e-07,1.0,0.00017727971135172993,1.0,3.6541097398414987e-07,1.0171030504796436e-05,0.0,4.551841357169906e-06,9.095636414713226e-06,0.0,64.31896273562876,0.0,0.7681940793991089,1.9141258001327515,0.0,0.16778491766360515,0.006354270037263632,0
45570,1570,freeze_token_embedding,token_embedding,2.5836973804871377e-07,1.0,0.00019152462482452393,1.0,3.5417993006355815e-07,1.0092062340027362e-05,0.0,4.15707199863391e-06,9.196111932396889e-06,0.0,64.57059724101082,0.0,0.7612786293029785,1.8953232765197754,0.0,0.1676245797955554,0.006562686525285244,0
45580,1580,freeze_token_embedding,token_embedding,2.5849422513601894e-07,1.0,0.00020083643903490156,1.0,3.6373944764358337e-07,1.030939426965347e-05,0.0,4.481341875361977e-06,9.28445933823241e-06,0.0,64.82745627202071,0.0,0.7544388771057129,1.8767410516738892,0.0,0.1681433664331268,0.0064370702020823956,0
45590,1590,freeze_token_embedding,token_embedding,2.6160674337916134e-07,1.0,0.00021565199131146073,1.0,3.642856716858424e-07,1.0489435878794374e-05,0.0,4.235538654029369e-06,9.596274139767047e-06,0.0,65.08667576314136,0.0,0.7476741671562195,1.8583776950836182,0.0,0.16790601825809376,0.006640388630330563,0
45600,1600,freeze_token_embedding,token_embedding,2.635676423778932e-07,1.0,0.00022931765124667436,1.0,3.7091757930556687e-07,1.0573434133610134e-05,0.0,4.575350885716034e-06,9.53224389377283e-06,0.0,65.3489673498647,0.0,0.7409837245941162,1.8402310609817505,0.0,0.1682876608707165,0.006408210843801498,0
45610,1610,freeze_token_embedding,token_embedding,2.657152720075828e-07,1.0,0.00024460311396978796,1.0,3.7616515906729134e-07,1.0634052086674578e-05,0.0,4.3992636165057775e-06,9.681401934358291e-06,0.0,65.613434038408,0.0,0.7343668937683105,1.8222993612289429,0.0,0.16823820454408073,0.006557116750627756,0
45620,1620,freeze_token_embedding,token_embedding,2.6767614258460526e-07,1.0,0.00026191744836978614,1.0,3.723464224777381e-07,1.0996371212369658e-05,0.0,4.66611709271092e-06,9.957285328709986e-06,0.0,65.8806708494439,0.0,0.7278229594230652,1.804580807685852,0.0,0.16831758417741471,0.006500729825347662,0
45630,1630,freeze_token_embedding,token_embedding,2.7004165303878835e-07,1.0,0.0002774325548671186,1.0,3.823332836464027e-07,1.1183125698916092e-05,0.0,4.899516170553397e-06,1.0052713150798809e-05,0.0,66.15042630073889,0.0,0.7213512659072876,1.7870736122131348,0.0,0.16853550431333011,0.006585670635104179,0
45640,1640,freeze_token_embedding,token_embedding,2.7327868679094536e-07,1.0,0.0002946957538370043,1.0,3.7494301902679566e-07,1.1005158720582202e-05,0.0,4.48779655926046e-06,1.0048542208096478e-05,0.0,66.42407117760415,0.0,0.7149511575698853,1.7697759866714478,0.0,0.16818005961655824,0.006718266289681196,0
45650,1650,freeze_token_embedding,token_embedding,2.753018009116204e-07,1.0,0.0003123461501672864,1.0,3.640111917083495e-07,1.1264447738489141e-05,0.0,4.497216195886722e-06,1.0327769814466592e-05,0.0,66.6986539928147,0.0,0.7086219191551208,1.7526860237121582,0.0,0.1684488104056344,0.006960335187613964,0
45660,1660,freeze_token_embedding,token_embedding,2.7729382168217853e-07,1.0,0.00033581999014131725,1.0,3.7039943612849913e-07,1.1388084534218597e-05,0.0,4.737313247460406e-06,1.0355980521126185e-05,0.0,66.97627340273894,0.0,0.7023629546165466,1.7358022928237915,0.0,0.16891787659393603,0.006777692120522261,0
45670,1670,freeze_token_embedding,token_embedding,2.7956596682088275e-07,1.0,0.0003697304637171328,1.0,3.6194776427779364e-07,1.1379846182197758e-05,0.0,4.459072442841716e-06,1.046984107233584e-05,0.0,67.25650335382362,0.0,0.6961735486984253,1.7191230058670044,0.0,0.16878464024757975,0.006941310595721006,0
45680,1680,freeze_token_embedding,token_embedding,2.8171359645057237e-07,1.0,0.00040214069304056466,1.0,3.6180127348536066e-07,1.1392168229055234e-05,0.0,4.3857453420059755e-06,1.0514120731386356e-05,0.0,67.53903167548663,0.0,0.6900531649589539,1.702646255493164,0.0,0.1690124158155363,0.00698479451239109,0
45690,1690,freeze_token_embedding,token_embedding,2.831142182913027e-07,1.0,0.00044249260099604726,1.0,3.6171526244169185e-07,1.1564623329893335e-05,0.0,4.445257673069136e-06,1.067615085048601e-05,0.0,67.82278668846824,0.0,0.684001088142395,1.6863704919815063,0.0,0.16953905862538948,0.006879735272377729,0
45700,1700,freeze_token_embedding,token_embedding,2.8644461735893856e-07,1.0,0.0004928889684379101,1.0,3.626693345690507e-07,1.172816842093609e-05,0.0,4.477092261367943e-06,1.0839999049494509e-05,0.0,68.10785830799082,0.0,0.678016722202301,1.670293927192688,0.0,0.16934301385455952,0.007146872580051422,0
45710,1710,freeze_token_embedding,token_embedding,2.8824987907682953e-07,1.0,0.0005428786971606314,1.0,3.637599977494462e-07,1.1741069151721689e-05,0.0,4.495580469665583e-06,1.0846310942724813e-05,0.0,68.39653343416374,0.0,0.6720992922782898,1.6544151306152344,0.0,0.16940125684221968,0.007344069890677929,0
45720,1720,freeze_token_embedding,token_embedding,2.9117563826730475e-07,1.0,0.0005682805785909295,0.9998881220817566,3.8394267749457746e-07,1.1975964049527965e-05,0.0,4.775138222612441e-06,1.0982794265146367e-05,0.0,68.68712625937599,0.0,0.6662484407424927,1.6387321949005127,0.0,0.16991258770582285,0.007107138633728027,0
45730,1730,freeze_token_embedding,token_embedding,2.9335438966882066e-07,1.0,0.0006404835730791092,0.9997762441635132,3.661762600614849e-07,1.2376650955963393e-05,0.0,4.597936822392512e-06,1.1490886208775919e-05,0.0,68.97867974980237,0.0,0.6604633331298828,1.6232436895370483,0.0,0.1697071723729211,0.006954297889024019,0
45740,1740,freeze_token_embedding,token_embedding,2.945682808785932e-07,1.0,0.0006815448869019747,0.9997762441635132,3.7932885497266865e-07,1.2649069732603942e-05,0.0,5.115040949021932e-06,1.1568721674848348e-05,0.0,69.27034893155766,0.0,0.654743492603302,1.6079479455947876,0.0,0.17049677077972952,0.007254976313561201,0
45750,1750,freeze_token_embedding,token_embedding,2.987390530506673e-07,1.0,0.0007122877286747098,0.9997762441635132,3.8409786177427623e-07,1.2734709725412189e-05,0.0,5.08750781591516e-06,1.1674334928102326e-05,0.0,69.56385655959907,0.0,0.6490882039070129,1.5928434133529663,0.0,0.17072229668414526,0.0071886321529746056,0
45760,1760,freeze_token_embedding,token_embedding,3.0129129413580813e-07,1.0,0.0007463015499524772,0.9997762441635132,3.698792075358726e-07,1.2708635873533067e-05,0.0,4.69604492536746e-06,1.1809173884103075e-05,0.0,69.85824450244742,0.0,0.6434969902038574,1.5779284238815308,0.0,0.17037201525537354,0.006997637450695038,0
45770,1770,freeze_token_embedding,token_embedding,3.0347007395903347e-07,1.0,0.0008069775067269802,0.9997762441635132,3.9287330404888224e-07,1.3042656114527388e-05,0.0,4.947874458594015e-06,1.2067701391060837e-05,0.0,70.15320097838588,0.0,0.6379691362380981,1.5632015466690063,0.0,0.17078125012054216,0.006932580843567848,0
45780,1780,freeze_token_embedding,token_embedding,3.063024394123204e-07,1.0,0.0009016204858198762,0.9996643662452698,3.8553959232786173e-07,1.3082026462892884e-05,0.0,4.956246357323835e-06,1.2106817848689388e-05,0.0,70.44803282153325,0.0,0.6325041651725769,1.5486611127853394,0.0,0.17097006257295355,0.007142890710383654,0
45790,1790,freeze_token_embedding,token_embedding,3.091970484092599e-07,1.0,0.0009788626339286566,0.9996643662452698,4.0946777123112696e-07,1.3199884227835175e-05,0.0,4.9912737267732155e-06,1.221982529386878e-05,0.0,70.74488854522693,0.0,0.6271014213562012,1.5343056917190552,0.0,0.17111624627411046,0.007047083228826523,0
45800,1800,freeze_token_embedding,token_embedding,3.115625872851524e-07,1.0,0.0010452695423737168,0.9994406700134277,3.885988694111115e-07,1.3400597149182895e-05,0.0,5.028569830756169e-06,1.2421332030498888e-05,0.0,71.04255239972339,0.0,0.6217604279518127,1.5201336145401,0.0,0.17107962051051376,0.007185559254139662,0
45810,1810,freeze_token_embedding,token_embedding,3.150175018618029e-07,1.0,0.0011872253380715847,0.9992169141769409,3.91465200709491e-07,1.3719294608934127e-05,0.0,4.937739959132159e-06,1.2799912838090677e-05,0.0,71.34171349473932,0.0,0.6164805293083191,1.506143569946289,0.0,0.1708952771269872,0.007125570438802242,0
45820,1820,freeze_token_embedding,token_embedding,3.1850345294515137e-07,1.0,0.0012719144579023123,0.9992169141769409,4.275903660796556e-07,1.406527678303926e-05,0.0,5.395367224991787e-06,1.2989304195798468e-05,0.0,71.64059487072822,0.0,0.6112611293792725,1.492334008216858,0.0,0.17166414740478605,0.007337051909416914,0
45830,1830,freeze_token_embedding,token_embedding,3.253821034832072e-07,1.0,0.0012910127406939864,0.9991050362586975,4.0579928225056906e-07,1.3856021530829468e-05,0.0,5.179806976229884e-06,1.2851417523052078e-05,0.0,71.94013478358794,0.0,0.6061017513275146,1.478703498840332,0.0,0.17202836008104774,0.007448496762663126,0
45840,1840,freeze_token_embedding,token_embedding,3.292727512871352e-07,1.0,0.0014027105644345284,0.9991050362586975,3.8804412876879523e-07,1.4263531349929195e-05,0.0,5.21006631970522e-06,1.327793415839551e-05,0.0,72.2385966679376,0.0,0.6010017991065979,1.4652503728866577,0.0,0.17162129389605826,0.007179942447692156,0
45850,1850,freeze_token_embedding,token_embedding,3.354043940362317e-07,1.0,0.0015445586759597063,0.9991050362586975,4.004347461669117e-07,1.4372557525320743e-05,0.0,5.2383938964339904e-06,1.3383932127908338e-05,0.0,72.53709341477706,0.0,0.5959608554840088,1.4519734382629395,0.0,0.17215797553274192,0.0073317415080964565,0
45860,1860,freeze_token_embedding,token_embedding,3.421585574869823e-07,1.0,0.0016299344133585691,0.9991050362586975,3.9877010692640796e-07,1.4521534915106837e-05,0.0,5.471226359077264e-06,1.3451418453769293e-05,0.0,72.83315736964346,0.0,0.59097820520401,1.4388712644577026,0.0,0.17229967673050167,0.007410687860101461,0
45870,1870,freeze_token_embedding,token_embedding,3.483213220079051e-07,1.0,0.0017401698278263211,0.9991050362586975,4.0507767589115935e-07,1.4803766461984547e-05,0.0,5.6279232012457214e-06,1.3692259926756378e-05,0.0,73.12785025954973,0.0,0.5860533714294434,1.425942301750183,0.0,0.17270667731473305,0.007285610307008028,0
45880,1880,freeze_token_embedding,token_embedding,3.5800124464913097e-07,1.0,0.0018284737598150969,0.9991050362586975,4.2193702503320384e-07,1.4938903011177886e-05,0.0,5.584719929174753e-06,1.3855747056368273e-05,0.0,73.42113594201497,0.0,0.5811858177185059,1.4131852388381958,0.0,0.17324206712317242,0.007213520351797342,0
45890,1890,freeze_token_embedding,token_embedding,3.673076776067319e-07,1.0,0.0019676515366882086,0.9991050362586975,4.3146166645339724e-07,1.530534350880174e-05,0.0,5.712450274586445e-06,1.4199346878740471e-05,0.0,73.71183520762455,0.0,0.5763751268386841,1.4005985260009766,0.0,0.17368563475101265,0.007154042366892099,0
45900,1900,freeze_token_embedding,token_embedding,3.771120873352629e-07,1.0,0.0020777371246367693,0.9991050362586975,4.4484891662424465e-07,1.5720919990022696e-05,0.0,5.860216333530843e-06,1.458784390706569e-05,0.0,74.00184228050458,0.0,0.5716205835342407,1.3881810903549194,0.0,0.17372738016665487,0.006946518085896969,0
45910,1910,freeze_token_embedding,token_embedding,3.8931312928980333e-07,1.0,0.002183756558224559,0.9991050362586975,4.5777818776183965e-07,1.61399584895751e-05,0.0,6.092865078244358e-06,1.4945743714633863e-05,0.0,74.28966278531566,0.0,0.5669218897819519,1.3759313821792603,0.0,0.1738931823155855,0.006682266481220722,0
45920,1920,freeze_token_embedding,token_embedding,4.055604279074032e-07,1.0,0.0022600761149078608,0.9991050362586975,4.98131331142568e-07,1.6920201452897625e-05,0.0,6.49693811283214e-06,1.562315628689248e-05,0.0,74.5734909516867,0.0,0.5622783303260803,1.3638482093811035,0.0,0.17420548005499234,0.006453384179621935,0
45930,1930,freeze_token_embedding,token_embedding,4.2370635355837294e-07,1.0,0.0023874551989138126,0.9991050362586975,5.1184371011973e-07,1.7469295663803965e-05,0.0,6.7309674705029465e-06,1.612049527466297e-05,0.0,74.85558888264505,0.0,0.5576896071434021,1.3519301414489746,0.0,0.17493193470942486,0.006449923384934664,0
45940,1940,freeze_token_embedding,token_embedding,4.396424344577099e-07,1.0,0.002544827526435256,0.9991050362586975,6.14549460928046e-07,1.8443133006788972e-05,0.0,7.148541499191197e-06,1.7001397282001562e-05,0.0,75.13479466060221,0.0,0.5531551241874695,1.340175986289978,0.0,0.17610359698788788,0.006591084413230419,0
45950,1950,freeze_token_embedding,token_embedding,4.5788175384586793e-07,1.0,0.0026750697288662195,0.9991050362586975,5.695496491307305e-07,1.9056821887830077e-05,0.0,7.3262431214971e-06,1.759228871378582e-05,0.0,75.41233641705136,0.0,0.5486743450164795,1.3285844326019287,0.0,0.17674804341370567,0.006636503618210554,0
45960,1960,freeze_token_embedding,token_embedding,4.7643234779570776e-07,1.0,0.002928271656855941,0.9991050362586975,5.513056783638366e-07,1.9856479843574544e-05,0.0,7.702322363911662e-06,1.830174915085081e-05,0.0,75.687258890875,0.0,0.5442468523979187,1.3171539306640625,0.0,0.17725711263923097,0.006503663957118988,0
45970,1970,freeze_token_embedding,token_embedding,4.940179678669665e-07,1.0,0.003126590047031641,0.9991050362586975,5.376098404441559e-07,2.0473718839760583e-05,0.0,7.82566985435551e-06,1.891909232654143e-05,0.0,75.96125987763205,0.0,0.5398721098899841,1.305883526802063,0.0,0.17783188699911065,0.006424061022698879,0
45980,1980,freeze_token_embedding,token_embedding,5.140314556228986e-07,1.0,0.003116016974672675,0.9991050362586975,5.716554913062433e-07,2.123390750523021e-05,0.0,8.195898772100918e-06,1.9588416762417182e-05,0.0,76.23528409365113,0.0,0.5355497002601624,1.294771671295166,0.0,0.17845702380361086,0.006412330083549023,0
45990,1990,freeze_token_embedding,token_embedding,5.328310521690582e-07,1.0,0.0033286926336586475,0.9989931583404541,5.864398377357349e-07,2.220713914398064e-05,0.0,8.533367690688465e-06,2.0502162442426197e-05,0.0,76.5085982822185,0.0,0.5312790870666504,1.2838170528411865,0.0,0.17888102757973176,0.006492964457720518,0
46000,2000,freeze_token_embedding,token_embedding,5.574199235525157e-07,1.0,0.003539139637723565,0.9989931583404541,5.94381149317478e-07,2.3191402801043315e-05,0.0,8.887406693247613e-06,2.1420904886326753e-05,0.0,76.78327870235978,0.0,0.52705979347229,1.2730185985565186,0.0,0.1795743753092547,0.006568963173776865,0
