step,local_step,branch,train_loss,train_accuracy,test_loss,test_accuracy,hidden_gradient_norm,auxiliary_gradient_norm,hidden_delta_norm,auxiliary_delta_norm,muon_applied_update_norm,muon_max_abs_applied_update,collapse_detected
44000,0,freeze_auxiliary,1.8678194635413092e-07,1.0,3.3246786188101396e-05,1.0,nan,nan,0.0,0.0,nan,nan,0
44010,10,freeze_auxiliary,1.8351380504100234e-07,1.0,3.230935544706881e-05,1.0,2.17596262004067e-07,0.0,0.427184601475738,0.0,0.14978297825176565,0.006663029547780752,0
44020,20,freeze_auxiliary,1.7924965334259468e-07,1.0,3.1615476473234594e-05,1.0,2.1288772530401328e-07,0.0,0.8595997893465701,0.0,0.14907343941164694,0.006361093837767839,0
44030,30,freeze_auxiliary,1.7728876855471754e-07,1.0,3.061657116631977e-05,1.0,2.105426194153164e-07,0.0,1.295121400894044,0.0,0.14797629479927943,0.006249739322811365,0
44040,40,freeze_auxiliary,1.752967619950141e-07,1.0,2.933787072834093e-05,1.0,2.0742529010347485e-07,0.0,1.7337138119856073,0.0,0.14741620722839477,0.0062057762406766415,0
44050,50,freeze_auxiliary,1.7352263625980413e-07,1.0,2.8258895326871425e-05,1.0,2.0559506824474397e-07,0.0,2.1693518351464,0.0,0.14715352022870037,0.006161862052977085,0
44060,60,freeze_auxiliary,1.7240212457636517e-07,1.0,2.7546879209694453e-05,1.0,2.0394048572647295e-07,0.0,2.5988815196174784,0.0,0.14697318753723237,0.006223894190043211,0
44070,70,freeze_auxiliary,1.705657410866479e-07,1.0,2.7366862923372537e-05,1.0,2.0223514284198304e-07,0.0,3.0223130302194092,0.0,0.14712092895488263,0.0063109933398664,0
44080,80,freeze_auxiliary,1.6773334721165156e-07,1.0,2.7182260964764282e-05,1.0,2.00405306106023e-07,0.0,3.4409123963572945,0.0,0.14733636693227734,0.00620423536747694,0
44090,90,freeze_auxiliary,1.6623934584458766e-07,1.0,2.662883525772486e-05,1.0,1.983249744823546e-07,0.0,3.8564714298798264,0.0,0.1470850551428225,0.006117837503552437,0
44100,100,freeze_auxiliary,1.643407188112178e-07,1.0,2.6418254492455162e-05,1.0,1.968698328421154e-07,0.0,4.265248909126957,0.0,0.14723221515029616,0.006339983083307743,0
44110,110,freeze_auxiliary,1.627222019351393e-07,1.0,2.6143001377931796e-05,1.0,1.9570226247056882e-07,0.0,4.672591117735165,0.0,0.14682945777159426,0.006146389525383711,0
44120,120,freeze_auxiliary,1.6169506977803394e-07,1.0,2.6047973733511753e-05,1.0,1.9463205322641008e-07,0.0,5.080074414440549,0.0,0.1464174732875028,0.005964844487607479,0
44130,130,freeze_auxiliary,1.6035669148095621e-07,1.0,2.560586653999053e-05,1.0,1.9346281555872232e-07,0.0,5.484538756926641,0.0,0.14611761161672113,0.006228816229850054,0
44140,140,freeze_auxiliary,1.5923619400837197e-07,1.0,2.5194896807079203e-05,1.0,1.9157308041404327e-07,0.0,5.883219809267451,0.0,0.14619279124480936,0.006191855762153864,0
44150,150,freeze_auxiliary,1.573686887468284e-07,1.0,2.4742264940869063e-05,1.0,1.9084701148891316e-07,0.0,6.2789354014906245,0.0,0.14645638479641784,0.006198342423886061,0
44160,160,freeze_auxiliary,1.5621705529156316e-07,1.0,2.4459315682179295e-05,1.0,1.8890647163127576e-07,0.0,6.675535997447167,0.0,0.14726016205182463,0.006301091052591801,0
44170,170,freeze_auxiliary,1.5472303971364454e-07,1.0,2.4169814423657954e-05,1.0,1.8894798893890552e-07,0.0,7.070067111721772,0.0,0.1475535159711115,0.0062368628568947315,0
44180,180,freeze_auxiliary,1.527310331539411e-07,1.0,2.4128325094352476e-05,1.0,1.8783088306577008e-07,0.0,7.462381465580544,0.0,0.14714239753339425,0.006291897967457771,0
44190,190,freeze_auxiliary,1.5304229350476817e-07,1.0,2.408363980066497e-05,1.0,1.8551706757700148e-07,0.0,7.849567591390269,0.0,0.14721511793015088,0.0066457828506827354,0
44200,200,freeze_auxiliary,1.5185953827767662e-07,1.0,2.3936434445204213e-05,1.0,1.845480807868793e-07,0.0,8.233240324392488,0.0,0.1471281893380053,0.00657441234216094,0
44210,210,freeze_auxiliary,1.5098802919055743e-07,1.0,2.4193761419155635e-05,1.0,1.856236463451613e-07,0.0,8.61220128456587,0.0,0.14677457476453878,0.006846575066447258,0
44220,220,freeze_auxiliary,1.5095690741873113e-07,1.0,2.4373548512812704e-05,1.0,1.8373960643201928e-07,0.0,8.987034018838303,0.0,0.1462296967340417,0.006694439332932234,0
44230,230,freeze_auxiliary,1.504277804542653e-07,1.0,2.4260731152025983e-05,1.0,1.837577616016743e-07,0.0,9.35771033661147,0.0,0.14614879220139992,0.006993901450186968,0
44240,240,freeze_auxiliary,1.4986751750711846e-07,1.0,2.417170617263764e-05,1.0,1.8412254747957307e-07,0.0,9.722300049506497,0.0,0.14598957410840635,0.006777993869036436,0
44250,250,freeze_auxiliary,1.5080127013789024e-07,1.0,2.4087603378575295e-05,1.0,1.850543327453799e-07,0.0,10.083248805731374,0.0,0.14565292826774512,0.00672187888994813,0
44260,260,freeze_auxiliary,1.4974301620895858e-07,1.0,2.4174099962692708e-05,1.0,1.8504854871029934e-07,0.0,10.440866634415427,0.0,0.1459190513150127,0.006900000385940075,0
44270,270,freeze_auxiliary,1.4996089703345206e-07,1.0,2.402896643616259e-05,1.0,1.8368626374982959e-07,0.0,10.79259314639987,0.0,0.14592761131650783,0.006812558509409428,0
44280,280,freeze_auxiliary,1.5067678305058507e-07,1.0,2.4038043193286285e-05,1.0,1.8437709127741679e-07,0.0,11.142282231032796,0.0,0.14547989710880055,0.006692149676382542,0
44290,290,freeze_auxiliary,1.505522817524252e-07,1.0,2.3893147954368033e-05,1.0,1.840034405479291e-07,0.0,11.48981041129443,0.0,0.14596217443653375,0.006752836052328348,0
44300,300,freeze_auxiliary,1.5002315478795936e-07,1.0,2.3861077352194116e-05,1.0,1.843842977139694e-07,0.0,11.834517751114685,0.0,0.1454794599369346,0.006884853821247816,0
44310,310,freeze_auxiliary,1.5014765608611924e-07,1.0,2.3708338630967773e-05,1.0,1.8513014482380782e-07,0.0,12.179139327606046,0.0,0.14555719554682306,0.006865006405860186,0
44320,320,freeze_auxiliary,1.511747740323699e-07,1.0,2.3615597456227988e-05,1.0,1.853536588424202e-07,0.0,12.51812025099986,0.0,0.14591883360414315,0.006598586216568947,0
44330,330,freeze_auxiliary,1.49680772665306e-07,1.0,2.35683564824285e-05,1.0,1.8638668369090238e-07,0.0,12.854135032099261,0.0,0.1457391739894909,0.006460141856223345,0
44340,340,freeze_auxiliary,1.5002315478795936e-07,1.0,2.3433693058905192e-05,1.0,1.84229942774502e-07,0.0,13.186471000140338,0.0,0.14535691125679348,0.006290731485933065,0
44350,350,freeze_auxiliary,1.4999201880527835e-07,1.0,2.3426262487191707e-05,1.0,1.8641348396936075e-07,0.0,13.516323474426288,0.0,0.14532670862122019,0.006074245553463697,0
44360,360,freeze_auxiliary,1.4930726877082634e-07,1.0,2.3292561309062876e-05,1.0,1.8579457438449562e-07,0.0,13.845121688604605,0.0,0.1452141727574838,0.0061025661416351795,0
44370,370,freeze_auxiliary,1.4943177006898622e-07,1.0,2.3090226022759452e-05,1.0,1.895797961508208e-07,0.0,14.169762260535878,0.0,0.14473235715025998,0.006047319620847702,0
44380,380,freeze_auxiliary,1.4983639573529217e-07,1.0,2.320386738574598e-05,1.0,1.8705105711617083e-07,0.0,14.49134828338929,0.0,0.1449962309979015,0.006540322210639715,0
44390,390,freeze_auxiliary,1.4927614699900005e-07,1.0,2.3163185687735677e-05,1.0,1.8963038716943516e-07,0.0,14.80856593483325,0.0,0.14526282608526525,0.006578067783266306,0
44400,400,freeze_auxiliary,1.4918276747266646e-07,1.0,2.312505603185855e-05,1.0,1.8549650687716283e-07,0.0,15.124854235984563,0.0,0.14520913423375137,0.0064007495529949665,0
44410,410,freeze_auxiliary,1.4787551094741502e-07,1.0,2.3101183614926413e-05,1.0,1.8801311859356248e-07,0.0,15.440344699603534,0.0,0.14561606427078422,0.0064864871092140675,0
44420,420,freeze_auxiliary,1.4865364050820062e-07,1.0,2.3073571355780587e-05,1.0,1.8697922255853613e-07,0.0,15.756064092881887,0.0,0.1454820091782962,0.006506285630166531,0
44430,430,freeze_auxiliary,1.488092635781868e-07,1.0,2.2904216166352853e-05,1.0,1.8504996226810965e-07,0.0,16.06965137633873,0.0,0.14571640278061404,0.00632926169782877,0
44440,440,freeze_auxiliary,1.480311340174012e-07,1.0,2.278436477354262e-05,1.0,1.8457188067700922e-07,0.0,16.381659362317453,0.0,0.1460562397168356,0.006156342104077339,0
44450,450,freeze_auxiliary,1.473463839829492e-07,1.0,2.2600168449571356e-05,1.0,1.8536941386911765e-07,0.0,16.69312835756965,0.0,0.1461595370612258,0.006055260542780161,0
44460,460,freeze_auxiliary,1.4687951477299066e-07,1.0,2.2450303731602617e-05,1.0,1.8586214909446107e-07,0.0,17.004598548651817,0.0,0.14662136531798164,0.005984465125948191,0
44470,470,freeze_auxiliary,1.4591462615953787e-07,1.0,2.2495081793749705e-05,1.0,1.8404839537807775e-07,0.0,17.313500237686824,0.0,0.1472633107797367,0.006145890336483717,0
44480,480,freeze_auxiliary,1.466305121766709e-07,1.0,2.249217141070403e-05,1.0,1.8451519896179594e-07,0.0,17.621931835029763,0.0,0.1470198572103151,0.006279057823121548,0
44490,490,freeze_auxiliary,1.458523826158853e-07,1.0,2.241431866423227e-05,1.0,1.8308233102749086e-07,0.0,17.92611530390596,0.0,0.14725277541516035,0.00631833728402853,0
44500,500,freeze_auxiliary,1.4597688391404517e-07,1.0,2.249737190140877e-05,1.0,1.8233746144999423e-07,0.0,18.227084170243725,0.0,0.1469497842854963,0.006222160998731852,0
44510,510,freeze_auxiliary,1.4600800568587147e-07,1.0,2.2436683138948865e-05,1.0,1.8309714235806828e-07,0.0,18.524349177885725,0.0,0.1468286973861116,0.006286913994699717,0
44520,520,freeze_auxiliary,1.448563722306062e-07,1.0,2.237207445432432e-05,1.0,1.8520833265400019e-07,0.0,18.818058121665178,0.0,0.1469618925227746,0.006413655821233988,0
44530,530,freeze_auxiliary,1.4557225824773923e-07,1.0,2.2254305804381147e-05,1.0,1.8226815055976417e-07,0.0,19.109793693300897,0.0,0.14668112471273928,0.006266992539167404,0
44540,540,freeze_auxiliary,1.45790124861378e-07,1.0,2.2201493266038597e-05,1.0,1.8305427147838591e-07,0.0,19.395855400151326,0.0,0.14645199421673202,0.005953481886535883,0
44550,550,freeze_auxiliary,1.4560338001956552e-07,1.0,2.2278538381215185e-05,1.0,1.8248286907035332e-07,0.0,19.67551514277997,0.0,0.146460913690044,0.005829330533742905,0
44560,560,freeze_auxiliary,1.4438950302064768e-07,1.0,2.2207621441339143e-05,1.0,1.8397528425866706e-07,0.0,19.949717477982926,0.0,0.14651344507706685,0.006026472430676222,0
44570,570,freeze_auxiliary,1.456656235632181e-07,1.0,2.2399577574105933e-05,1.0,1.8439144407893386e-07,0.0,20.22340125745942,0.0,0.1462273369065418,0.005886882543563843,0
44580,580,freeze_auxiliary,1.4557225824773923e-07,1.0,2.2326452381093986e-05,1.0,1.82580857145492e-07,0.0,20.492901308153378,0.0,0.14613512565578593,0.006082205101847649,0
44590,590,freeze_auxiliary,1.4454512609063386e-07,1.0,2.2325119061861187e-05,1.0,1.833423748658721e-07,0.0,20.75968647650033,0.0,0.14603697562980475,0.0060445452108979225,0
44600,600,freeze_auxiliary,1.4510537482692598e-07,1.0,2.2374528271029703e-05,1.0,1.854017305368118e-07,0.0,21.022678250672783,0.0,0.1461480157999319,0.00590498186647892,0
44610,610,freeze_auxiliary,1.4541662096689834e-07,1.0,2.2427326257457025e-05,1.0,1.8365553477824952e-07,0.0,21.283224058653374,0.0,0.1458499899577216,0.006018218118697405,0
44620,620,freeze_auxiliary,1.450742530550997e-07,1.0,2.2409047232940793e-05,1.0,1.8471587714776088e-07,0.0,21.54197480621387,0.0,0.1459412278108008,0.005892737302929163,0
44630,630,freeze_auxiliary,1.4457624786246015e-07,1.0,2.248896998935379e-05,1.0,1.8527997454250243e-07,0.0,21.797058178940887,0.0,0.146058110760656,0.00589955598115921,0
44640,640,freeze_auxiliary,1.4513649659875227e-07,1.0,2.2423226255341433e-05,1.0,1.8355888584280068e-07,0.0,22.048618730167174,0.0,0.1453678458316546,0.0060700164176523685,0
44650,650,freeze_auxiliary,1.4516763258143328e-07,1.0,2.2308600819087587e-05,1.0,1.858534035900995e-07,0.0,22.299110306743245,0.0,0.14566800138751307,0.006047061178833246,0
44660,660,freeze_auxiliary,1.4541662096689834e-07,1.0,2.2396006897906773e-05,1.0,1.8538350381241202e-07,0.0,22.546624908082645,0.0,0.14599133820750138,0.006187477149069309,0
44670,670,freeze_auxiliary,1.4591462615953787e-07,1.0,2.2441663531935774e-05,1.0,1.853559987911273e-07,0.0,22.79203979108003,0.0,0.14563477614267087,0.006156402640044689,0
44680,680,freeze_auxiliary,1.4547887872140564e-07,1.0,2.2399157387553714e-05,1.0,1.8744831683458107e-07,0.0,23.03779794379215,0.0,0.14565983942469168,0.006275378167629242,0
44690,690,freeze_auxiliary,1.4560338001956552e-07,1.0,2.2269046894507483e-05,1.0,1.8550409169342776e-07,0.0,23.28127427365049,0.0,0.14610756636856503,0.006273775361478329,0
44700,700,freeze_auxiliary,1.456967595458991e-07,1.0,2.2225525754038244e-05,1.0,1.8656843471439438e-07,0.0,23.521680210386776,0.0,0.14602048100758058,0.006242000963538885,0
44710,710,freeze_auxiliary,1.4647488910668471e-07,1.0,2.1969646695652045e-05,1.0,1.8447265664492584e-07,0.0,23.75905426058145,0.0,0.14607026115375735,0.006130184978246689,0
44720,720,freeze_auxiliary,1.4597688391404517e-07,1.0,2.176799353037495e-05,1.0,1.8430080305453005e-07,0.0,23.992070619741543,0.0,0.14594632491643236,0.006119149271398783,0
44730,730,freeze_auxiliary,1.4613250698403135e-07,1.0,2.1677560653188266e-05,1.0,1.8567909916090753e-07,0.0,24.22354775951283,0.0,0.14575528829298404,0.006272632163017988,0
44740,740,freeze_auxiliary,1.4603912745769776e-07,1.0,2.1602716515189968e-05,1.0,1.8630761709463594e-07,0.0,24.453995535455082,0.0,0.14607482500742805,0.006199483294039965,0
44750,750,freeze_auxiliary,1.4597688391404517e-07,1.0,2.1549045413848944e-05,1.0,1.850994200607136e-07,0.0,24.682962827104287,0.0,0.14591251643462128,0.006322824861854315,0
44760,760,freeze_auxiliary,1.4544775694957934e-07,1.0,2.1429856133181602e-05,1.0,1.8469165432726014e-07,0.0,24.910933965653957,0.0,0.14549431527526424,0.00605886522680521,0
44770,770,freeze_auxiliary,1.4557225824773923e-07,1.0,2.1300818843883462e-05,1.0,1.8662765204748848e-07,0.0,25.138980641720813,0.0,0.1453626131990215,0.006123424507677555,0
44780,780,freeze_auxiliary,1.464437531240037e-07,1.0,2.1296787963365205e-05,1.0,1.8370618275262558e-07,0.0,25.36364555889346,0.0,0.14517826786853094,0.0061617703177034855,0
44790,790,freeze_auxiliary,1.4600800568587147e-07,1.0,2.1266399926389568e-05,1.0,1.8759100619086963e-07,0.0,25.588121213915375,0.0,0.14521483004209937,0.006024067755788565,0
44800,800,freeze_auxiliary,1.4697288008846954e-07,1.0,2.1164363715797663e-05,1.0,1.8878036925872067e-07,0.0,25.809460877985313,0.0,0.1456317210645028,0.006041483022272587,0
44810,810,freeze_auxiliary,1.458523826158853e-07,1.0,2.116578252753243e-05,1.0,1.8806671609210892e-07,0.0,26.029245024722425,0.0,0.14536941372224033,0.006024063099175692,0
44820,820,freeze_auxiliary,1.4625700828219124e-07,1.0,2.1248724806355312e-05,1.0,1.892170786474411e-07,0.0,26.24937848129517,0.0,0.1455392836324452,0.006272470112890005,0
44830,830,freeze_auxiliary,1.4743976350928278e-07,1.0,2.1285013644956052e-05,1.0,1.8771090583073517e-07,0.0,26.469313375487417,0.0,0.14598755572644362,0.006191745400428772,0
44840,840,freeze_auxiliary,1.4706625961480313e-07,1.0,2.1200603441684507e-05,1.0,1.8742986115860086e-07,0.0,26.68766974998806,0.0,0.14537100105486916,0.00611794413998723,0
44850,850,freeze_auxiliary,1.4659937619398988e-07,1.0,2.118304109899327e-05,1.0,1.888548693052958e-07,0.0,26.905562178479734,0.0,0.14606009126542485,0.0061263940297067165,0
44860,860,freeze_auxiliary,1.4706625961480313e-07,1.0,2.1145218852325343e-05,1.0,1.8869071215680255e-07,0.0,27.123005414943812,0.0,0.1459497945674066,0.006095724180340767,0
44870,870,freeze_auxiliary,1.4691063654481695e-07,1.0,2.114803464792203e-05,1.0,1.9009377580638676e-07,0.0,27.33911779031951,0.0,0.14569750467012735,0.0060575674287974834,0
44880,880,freeze_auxiliary,1.4787551094741502e-07,1.0,2.1231418941169977e-05,1.0,1.8919749659829576e-07,0.0,27.552602548665266,0.0,0.14565809792239828,0.0061164177022874355,0
44890,890,freeze_auxiliary,1.4697288008846954e-07,1.0,2.125588434864767e-05,1.0,1.8929455171732233e-07,0.0,27.764504445831015,0.0,0.14558071138553894,0.006148187909275293,0
44900,900,freeze_auxiliary,1.4747088528110908e-07,1.0,2.1269239368848503e-05,1.0,1.8850666079610678e-07,0.0,27.976877625381896,0.0,0.14548110646306253,0.006017277482897043,0
44910,910,freeze_auxiliary,1.4719076091296301e-07,1.0,2.1399808247224428e-05,1.0,1.901112605723062e-07,0.0,28.188825525479075,0.0,0.1462214575667829,0.00623695831745863,0
44920,920,freeze_auxiliary,1.480000122455749e-07,1.0,2.1359199308790267e-05,1.0,1.9075080920434266e-07,0.0,28.39951434852116,0.0,0.14610911776531005,0.006133852526545525,0
44930,930,freeze_auxiliary,1.4678613524665707e-07,1.0,2.125044193235226e-05,1.0,1.8942514890209252e-07,0.0,28.60930713453016,0.0,0.14616427477928995,0.00623784214258194,0
44940,940,freeze_auxiliary,1.4775100964925514e-07,1.0,2.1147390725673176e-05,1.0,1.8836624442693416e-07,0.0,28.816719043751043,0.0,0.1461795225071436,0.006111226510256529,0
44950,950,freeze_auxiliary,1.4753314303561638e-07,1.0,2.1165056750760414e-05,1.0,1.905767583433934e-07,0.0,29.02293735773866,0.0,0.1459340970975114,0.006157138850539923,0
44960,960,freeze_auxiliary,1.4762650835109525e-07,1.0,2.1192287022131495e-05,1.0,1.9020913307015467e-07,0.0,29.229750141339753,0.0,0.14653539097288334,0.006235966924577951,0
44970,970,freeze_auxiliary,1.4831127259640198e-07,1.0,2.1234733139863238e-05,1.0,1.8985509986360612e-07,0.0,29.435984615561892,0.0,0.14618864773419712,0.006096306722611189,0
44980,980,freeze_auxiliary,1.480933917719085e-07,1.0,2.1275807739584707e-05,1.0,1.9007426636909137e-07,0.0,29.643462645253752,0.0,0.14597222198771573,0.006055164150893688,0
44990,990,freeze_auxiliary,1.4775100964925514e-07,1.0,2.120267708960455e-05,1.0,1.9335594759290905e-07,0.0,29.85152896933,0.0,0.1461530368538138,0.006062789354473352,0
45000,1000,freeze_auxiliary,1.4778213142108143e-07,1.0,2.1146044673514552e-05,1.0,1.966667613383353e-07,0.0,30.05653064163109,0.0,0.1463245874086494,0.006181106436997652,0
45010,1010,freeze_auxiliary,1.4824901484189468e-07,1.0,2.1095367628731765e-05,1.0,1.9296473575715137e-07,0.0,30.26014304021758,0.0,0.146105580636658,0.006243837997317314,0
45020,1020,freeze_auxiliary,1.4834239436822827e-07,1.0,2.1141853721928783e-05,1.0,1.92868276105653e-07,0.0,30.4613358877972,0.0,0.14610175398307196,0.006275177001953125,0
45030,1030,freeze_auxiliary,1.4815563531556109e-07,1.0,2.1112713511683978e-05,1.0,1.9541893176811605e-07,0.0,30.661444279886627,0.0,0.14604959916512503,0.006146084051579237,0
45040,1040,freeze_auxiliary,1.4762650835109525e-07,1.0,2.106562715198379e-05,1.0,1.915947665177931e-07,0.0,30.86346313381341,0.0,0.14619873306122433,0.006078375969082117,0
45050,1050,freeze_auxiliary,1.480000122455749e-07,1.0,2.110541936417576e-05,1.0,1.9507290942842376e-07,0.0,31.064767475991417,0.0,0.1458237613387713,0.006201634183526039,0
45060,1060,freeze_auxiliary,1.4831127259640198e-07,1.0,2.098544246109668e-05,1.0,1.9281849983851093e-07,0.0,31.264598956699952,0.0,0.14643054996101873,0.006138039752840996,0
45070,1070,freeze_auxiliary,1.4762650835109525e-07,1.0,2.1005753296776675e-05,1.0,1.9412402376276805e-07,0.0,31.461587438955963,0.0,0.146049590643684,0.006135131698101759,0
45080,1080,freeze_auxiliary,1.4759538657926896e-07,1.0,2.0842104277107865e-05,1.0,1.9489879359413866e-07,0.0,31.657853046904645,0.0,0.1459662624595106,0.006080659572035074,0
45090,1090,freeze_auxiliary,1.4824901484189468e-07,1.0,2.096001844620332e-05,1.0,1.924892893612013e-07,0.0,31.85301812789792,0.0,0.1461764654456013,0.006234365981072187,0
45100,1100,freeze_auxiliary,1.4868476228002692e-07,1.0,2.1007996110711247e-05,1.0,1.9286803450963706e-07,0.0,32.04943760113567,0.0,0.14627970451716252,0.006093948148190975,0
45110,1110,freeze_auxiliary,1.496496508934797e-07,1.0,2.0838791897404008e-05,1.0,1.9404165126987154e-07,0.0,32.244176025547404,0.0,0.14631418488150216,0.006104299332946539,0
45120,1120,freeze_auxiliary,1.4824901484189468e-07,1.0,2.093461989716161e-05,1.0,1.9003597710220788e-07,0.0,32.436362405764015,0.0,0.14624991674862942,0.0063001131638884544,0
45130,1130,freeze_auxiliary,1.4793776870192232e-07,1.0,2.0938794477842748e-05,1.0,1.913673194788612e-07,0.0,32.62831993490749,0.0,0.1458891920765782,0.006108659785240889,0
45140,1140,freeze_auxiliary,1.4793776870192232e-07,1.0,2.0935929569532163e-05,1.0,1.9941260422839344e-07,0.0,32.82074080808873,0.0,0.14593211062572733,0.006202404852956533,0
45150,1150,freeze_auxiliary,1.4852913921004074e-07,1.0,2.0920073438901454e-05,1.0,1.9773916619181896e-07,0.0,33.01305907276696,0.0,0.14625867191461184,0.006151668727397919,0
45160,1160,freeze_auxiliary,1.4756426480744267e-07,1.0,2.0873616449534893e-05,1.0,1.9914515773740072e-07,0.0,33.20353241049615,0.0,0.14587145171642096,0.006115318275988102,0
45170,1170,freeze_auxiliary,1.4831127259640198e-07,1.0,2.084746301989071e-05,1.0,1.912557790286711e-07,0.0,33.39259241004884,0.0,0.14557668005648472,0.006088851485401392,0
45180,1180,freeze_auxiliary,1.4787551094741502e-07,1.0,2.080926606140565e-05,1.0,1.9227461650576737e-07,0.0,33.5813486970668,0.0,0.14563414871076205,0.006121157202869654,0
45190,1190,freeze_auxiliary,1.480000122455749e-07,1.0,2.0723407942568883e-05,1.0,1.931931136406132e-07,0.0,33.768227851972505,0.0,0.14567495820571655,0.006259797140955925,0
45200,1200,freeze_auxiliary,1.4837351614005456e-07,1.0,2.0614885215763934e-05,1.0,1.9041032979029878e-07,0.0,33.954625123215706,0.0,0.14559824383006587,0.006289200857281685,0
45210,1210,freeze_auxiliary,1.4737750575477548e-07,1.0,2.050330840575043e-05,1.0,1.929106714675243e-07,0.0,34.139608907681435,0.0,0.14586284183228942,0.006301631219685078,0
45220,1220,freeze_auxiliary,1.4768876610560255e-07,1.0,2.0597859474946745e-05,1.0,2.004066746014609e-07,0.0,34.322631921452015,0.0,0.14601611017526533,0.0064866803586483,0
45230,1230,freeze_auxiliary,1.473152622111229e-07,1.0,2.0748037059092894e-05,1.0,1.9118276495625246e-07,0.0,34.50578100664417,0.0,0.14617663850611207,0.006178520154207945,0
45240,1240,freeze_auxiliary,1.4775100964925514e-07,1.0,2.074703479593154e-05,1.0,1.9502315794976555e-07,0.0,34.6879853428593,0.0,0.14552592333372874,0.006163124460726976,0
45250,1250,freeze_auxiliary,1.4856026098186703e-07,1.0,2.095560557791032e-05,1.0,2.0598869272708302e-07,0.0,34.86955211621659,0.0,0.1456415515299105,0.006398188415914774,0
45260,1260,freeze_auxiliary,1.4712851736931043e-07,1.0,2.0883451725239865e-05,1.0,1.9520211241431448e-07,0.0,35.049786924231725,0.0,0.14568017897035773,0.006347850430756807,0
45270,1270,freeze_auxiliary,1.4793776870192232e-07,1.0,2.0952218619640917e-05,1.0,1.9328348609082304e-07,0.0,35.23057655012298,0.0,0.14583382990090596,0.006257831119000912,0
45280,1280,freeze_auxiliary,1.4831127259640198e-07,1.0,2.102227881550789e-05,1.0,1.922565737115056e-07,0.0,35.410404135048935,0.0,0.1456230819949734,0.006240530405193567,0
45290,1290,freeze_auxiliary,1.4849801743821445e-07,1.0,2.096634307235945e-05,1.0,2.0360851713732453e-07,0.0,35.59095275696948,0.0,0.14570219364154322,0.006421367172151804,0
45300,1300,freeze_auxiliary,1.4771988787742885e-07,1.0,2.1021754946559668e-05,1.0,1.9982419389652007e-07,0.0,35.769766192100974,0.0,0.14591720333522887,0.006256295368075371,0
45310,1310,freeze_auxiliary,1.4765764433377626e-07,1.0,2.1041420041001402e-05,1.0,1.9963323504400922e-07,0.0,35.9484218387204,0.0,0.1449655729111937,0.006092383526265621,0
45320,1320,freeze_auxiliary,1.4828013661372097e-07,1.0,2.1252588339848444e-05,1.0,1.9973405921482707e-07,0.0,36.126164188327145,0.0,0.14551655593448265,0.00638754153624177,0
45330,1330,freeze_auxiliary,1.4859139696454804e-07,1.0,2.1325715351849794e-05,1.0,2.0064500947099425e-07,0.0,36.302178076168985,0.0,0.14551217007609257,0.006405214313417673,0
45340,1340,freeze_auxiliary,1.472841404392966e-07,1.0,2.131986002495978e-05,1.0,1.9883840060436128e-07,0.0,36.47664851470647,0.0,0.1458842507882321,0.006244021467864513,0
45350,1350,freeze_auxiliary,1.473152622111229e-07,1.0,2.134763781214133e-05,1.0,2.0164402904410252e-07,0.0,36.6507938013688,0.0,0.14539487401713355,0.006372932810336351,0
45360,1360,freeze_auxiliary,1.480311340174012e-07,1.0,2.150697764591314e-05,1.0,1.9815530707837132e-07,0.0,36.824013980972815,0.0,0.14529121429067254,0.006300871726125479,0
45370,1370,freeze_auxiliary,1.472530044566156e-07,1.0,2.1713376554544084e-05,1.0,2.0315000855936165e-07,0.0,36.994449403384515,0.0,0.14563872899702926,0.006257507484406233,0
45380,1380,freeze_auxiliary,1.4756426480744267e-07,1.0,2.1806443328387104e-05,1.0,1.9829996587959983e-07,0.0,37.16500378094263,0.0,0.14568719924797718,0.00650831637904048,0
45390,1390,freeze_auxiliary,1.4784438917558873e-07,1.0,2.1802750779897906e-05,1.0,1.9258433826555826e-07,0.0,37.334406549924196,0.0,0.14540946345039515,0.0064543625339865685,0
45400,1400,freeze_auxiliary,1.473463839829492e-07,1.0,2.1750423911726102e-05,1.0,1.9935199751068594e-07,0.0,37.50098784411105,0.0,0.14544796310000502,0.006156161893159151,0
45410,1410,freeze_auxiliary,1.480311340174012e-07,1.0,2.188409780501388e-05,1.0,2.0111028196560416e-07,0.0,37.667757676464014,0.0,0.14566783494095678,0.006023983936756849,0
45420,1420,freeze_auxiliary,1.481867712982421e-07,1.0,2.2062353309593163e-05,1.0,1.933552789706972e-07,0.0,37.83486766401751,0.0,0.14544842098414656,0.006086072884500027,0
45430,1430,freeze_auxiliary,1.480622700000822e-07,1.0,2.213250263594091e-05,1.0,1.912180312928132e-07,0.0,38.00033589385439,0.0,0.14550721870601058,0.006362187210470438,0
45440,1440,freeze_auxiliary,1.4781326740376244e-07,1.0,2.2220081518753432e-05,1.0,1.9217505300058362e-07,0.0,38.163569454218276,0.0,0.1457072238749156,0.006329109892249107,0
45450,1450,freeze_auxiliary,1.472218826847893e-07,1.0,2.2293035726761445e-05,1.0,1.9600937917193677e-07,0.0,38.326227957259164,0.0,0.14542063174440212,0.00630518002435565,0
45460,1460,freeze_auxiliary,1.473463839829492e-07,1.0,2.2446778530138545e-05,1.0,2.0000286067393318e-07,0.0,38.489242031916504,0.0,0.14513894742403793,0.006178281269967556,0
45470,1470,freeze_auxiliary,1.4613250698403135e-07,1.0,2.2430178432841785e-05,1.0,2.067917301795193e-07,0.0,38.65177884663452,0.0,0.14511622171246005,0.006322901230305433,0
45480,1480,freeze_auxiliary,1.4762650835109525e-07,1.0,2.2685442672809586e-05,1.0,1.9818618121947412e-07,0.0,38.81326392192576,0.0,0.1447368366000648,0.006454417947679758,0
45490,1490,freeze_auxiliary,1.4622588651036494e-07,1.0,2.2760283172829077e-05,1.0,2.0018499478235732e-07,0.0,38.97335797374019,0.0,0.145470418369143,0.006339188199490309,0
45500,1500,freeze_auxiliary,1.466305121766709e-07,1.0,2.3005748516879976e-05,1.0,1.983414586402282e-07,0.0,39.13257294990478,0.0,0.14520886909116565,0.006183357909321785,0
45510,1510,freeze_auxiliary,1.4625700828219124e-07,1.0,2.3025217160466127e-05,1.0,2.082163529735182e-07,0.0,39.29072156578669,0.0,0.14533545592321395,0.00610325625166297,0
45520,1520,freeze_auxiliary,1.4659937619398988e-07,1.0,2.3218008209369145e-05,1.0,1.9436598174854352e-07,0.0,39.44815557012321,0.0,0.14513609891042217,0.006451250985264778,0
45530,1530,freeze_auxiliary,1.465371326503373e-07,1.0,2.334691453143023e-05,1.0,1.94254948962393e-07,0.0,39.60202779898799,0.0,0.14531958921844743,0.006064026616513729,0
45540,1540,freeze_auxiliary,1.4619475052768394e-07,1.0,2.3390064598061144e-05,1.0,1.9694427361547881e-07,0.0,39.75581791750012,0.0,0.14537208004363403,0.006017473991960287,0
45550,1550,freeze_auxiliary,1.4600800568587147e-07,1.0,2.3560844056191854e-05,1.0,1.9517501289116677e-07,0.0,39.908319105371916,0.0,0.14479612863192864,0.006041186861693859,0
45560,1560,freeze_auxiliary,1.4603912745769776e-07,1.0,2.3641157895326614e-05,1.0,2.077041416718037e-07,0.0,40.060453131205314,0.0,0.14468997774539327,0.0060391733422875404,0
45570,1570,freeze_auxiliary,1.464437531240037e-07,1.0,2.376975135121029e-05,1.0,2.131055229057365e-07,0.0,40.21081807868914,0.0,0.14539974969208416,0.006124366540461779,0
45580,1580,freeze_auxiliary,1.4600800568587147e-07,1.0,2.3959308236953802e-05,1.0,2.0902355399272844e-07,0.0,40.360322520550845,0.0,0.1450794345320525,0.006126647349447012,0
45590,1590,freeze_auxiliary,1.4532325565141946e-07,1.0,2.402678001089953e-05,1.0,1.9906054368984914e-07,0.0,40.50972721528561,0.0,0.14484049905082844,0.006113176699727774,0
45600,1600,freeze_auxiliary,1.4625700828219124e-07,1.0,2.3975320800673217e-05,1.0,1.919750979247574e-07,0.0,40.65784655407542,0.0,0.14501220614532334,0.006265587639063597,0
45610,1610,freeze_auxiliary,1.4631925182584382e-07,1.0,2.412185313005466e-05,1.0,2.1119986624833852e-07,0.0,40.80422082592133,0.0,0.14508699322000926,0.0061098504811525345,0
45620,1620,freeze_auxiliary,1.4554112226505822e-07,1.0,2.4110122467391193e-05,1.0,2.0610463886149645e-07,0.0,40.95153064212032,0.0,0.1446715778540898,0.006055012810975313,0
45630,1630,freeze_auxiliary,1.4529213387959317e-07,1.0,2.4231374482042156e-05,1.0,1.928251879535369e-07,0.0,41.0966762271299,0.0,0.1447042306545806,0.006211180705577135,0
45640,1640,freeze_auxiliary,1.4588350438771158e-07,1.0,2.429761843814049e-05,1.0,1.8975308421692927e-07,0.0,41.24167233697173,0.0,0.14455596186150751,0.006435094401240349,0
45650,1650,freeze_auxiliary,1.46506010878511e-07,1.0,2.4328235667780973e-05,1.0,2.040545114712464e-07,0.0,41.38538407901129,0.0,0.1451588984569536,0.006366306450217962,0
45660,1660,freeze_auxiliary,1.45790124861378e-07,1.0,2.456682523188647e-05,1.0,1.9869144654160818e-07,0.0,41.52740380720131,0.0,0.1441271417812594,0.006217959336936474,0
45670,1670,freeze_auxiliary,1.449497517569398e-07,1.0,2.447321458021179e-05,1.0,2.0374466347371776e-07,0.0,41.66867852992263,0.0,0.14530842584330436,0.006212390493601561,0
45680,1680,freeze_auxiliary,1.4560338001956552e-07,1.0,2.463351484038867e-05,1.0,1.9890253418866515e-07,0.0,41.808041605882174,0.0,0.14447600219461873,0.006156634539365768,0
45690,1690,freeze_auxiliary,1.4379811830167455e-07,1.0,2.4812376068439335e-05,1.0,2.050659783275411e-07,0.0,41.94512753071243,0.0,0.14428262097467667,0.0063001131638884544,0
45700,1700,freeze_auxiliary,1.4554112226505822e-07,1.0,2.4894825401133858e-05,1.0,1.982211391334176e-07,0.0,42.08329133355293,0.0,0.14429146700677564,0.006301696877926588,0
45710,1710,freeze_auxiliary,1.4638150958035112e-07,1.0,2.4923849196056835e-05,1.0,2.004298155811985e-07,0.0,42.22075979659559,0.0,0.14420864605953362,0.006043709814548492,0
45720,1720,freeze_auxiliary,1.4588350438771158e-07,1.0,2.4982155082398094e-05,1.0,2.0423553599156285e-07,0.0,42.358380533832346,0.0,0.14446761765739513,0.00619219895452261,0
45730,1730,freeze_auxiliary,1.4628813005401753e-07,1.0,2.51566252700286e-05,1.0,2.0800748493923097e-07,0.0,42.49507668919757,0.0,0.14469248687352074,0.005991753656417131,0
45740,1740,freeze_auxiliary,1.448874940024325e-07,1.0,2.524653245927766e-05,1.0,1.9252273268337566e-07,0.0,42.62979855301898,0.0,0.14508251050967405,0.006407442968338728,0
45750,1750,freeze_auxiliary,1.4554112226505822e-07,1.0,2.536090323701501e-05,1.0,1.9959018238436825e-07,0.0,42.766110519661495,0.0,0.14467317539535707,0.006501532159745693,0
45760,1760,freeze_auxiliary,1.4529213387959317e-07,1.0,2.5499972252873704e-05,1.0,2.1108595035635914e-07,0.0,42.90244675781132,0.0,0.14431483529741687,0.006481839343905449,0
45770,1770,freeze_auxiliary,1.458523826158853e-07,1.0,2.549867167545017e-05,1.0,1.9356600924295142e-07,0.0,43.036765637657325,0.0,0.1441534536405189,0.006490114610642195,0
45780,1780,freeze_auxiliary,1.450742530550997e-07,1.0,2.5721272322698496e-05,1.0,1.9387084212429662e-07,0.0,43.16956637628935,0.0,0.14458964574163788,0.006654882337898016,0
45790,1790,freeze_auxiliary,1.449497517569398e-07,1.0,2.5691311748232692e-05,1.0,2.0200155331204596e-07,0.0,43.30347043019861,0.0,0.14421451163994323,0.006564395502209663,0
45800,1800,freeze_auxiliary,1.448874940024325e-07,1.0,2.5755076421773992e-05,1.0,1.9852654323093548e-07,0.0,43.43428540587224,0.0,0.14409971607774724,0.006496913731098175,0
45810,1810,freeze_auxiliary,1.4591462615953787e-07,1.0,2.5754256057552993e-05,1.0,1.9238703232272418e-07,0.0,43.56404884333584,0.0,0.14437862214252084,0.00663323188200593,0
45820,1820,freeze_auxiliary,1.450431312832734e-07,1.0,2.5794966859393753e-05,1.0,1.928345749723454e-07,0.0,43.69238515127488,0.0,0.14449542448087416,0.006518283858895302,0
45830,1830,freeze_auxiliary,1.4541662096689834e-07,1.0,2.57669307757169e-05,1.0,2.0437248737388873e-07,0.0,43.81973963744641,0.0,0.14409695825267263,0.006453033536672592,0
45840,1840,freeze_auxiliary,1.4547887872140564e-07,1.0,2.5671854018582962e-05,1.0,1.9960446706475172e-07,0.0,43.94882529372265,0.0,0.14400036906169708,0.0066069429740309715,0
45850,1850,freeze_auxiliary,1.4510537482692598e-07,1.0,2.564881469879765e-05,1.0,1.907295220100425e-07,0.0,44.07716395812752,0.0,0.14456854491684376,0.006532978732138872,0
45860,1860,freeze_auxiliary,1.4610138521220506e-07,1.0,2.5436140276724473e-05,1.0,1.9682798096711247e-07,0.0,44.20394002768142,0.0,0.144805031312794,0.006496359594166279,0
45870,1870,freeze_auxiliary,1.4616362875585764e-07,1.0,2.5613442630856298e-05,1.0,2.0867231832435726e-07,0.0,44.329177808082484,0.0,0.14390374775641962,0.006306993775069714,0
45880,1880,freeze_auxiliary,1.449186299851135e-07,1.0,2.566276270954404e-05,1.0,1.944261722059804e-07,0.0,44.45272130003235,0.0,0.14454549035210096,0.006361299194395542,0
45890,1890,freeze_auxiliary,1.4557225824773923e-07,1.0,2.5601493689464405e-05,1.0,2.0061852504296548e-07,0.0,44.575118516111445,0.0,0.1445202635125434,0.006528537720441818,0
45900,1900,freeze_auxiliary,1.45790124861378e-07,1.0,2.5687148081487976e-05,1.0,1.9027799522595473e-07,0.0,44.69624297751969,0.0,0.144091838005333,0.006691682152450085,0
45910,1910,freeze_auxiliary,1.448874940024325e-07,1.0,2.5729155822773464e-05,1.0,2.0168242795622945e-07,0.0,44.81790136773522,0.0,0.14400743678064828,0.006515663582831621,0
45920,1920,freeze_auxiliary,1.4466962738879374e-07,1.0,2.588579991424922e-05,1.0,1.9723360738466152e-07,0.0,44.938007755964094,0.0,0.1440188360286631,0.006788969971239567,0
45930,1930,freeze_auxiliary,1.4510537482692598e-07,1.0,2.593266799522098e-05,1.0,1.9969281268975888e-07,0.0,45.05552399184341,0.0,0.14425716764915303,0.006477495189756155,0
45940,1940,freeze_auxiliary,1.4538549919507204e-07,1.0,2.5829174774116836e-05,1.0,1.9866996546223202e-07,0.0,45.17348178436259,0.0,0.14421158868947995,0.0064497943967580795,0
45950,1950,freeze_auxiliary,1.457278813177254e-07,1.0,2.594643592601642e-05,1.0,2.031126122002839e-07,0.0,45.290097079720475,0.0,0.1441933778274272,0.006549268960952759,0
45960,1960,freeze_auxiliary,1.457590030895517e-07,1.0,2.6052817702293396e-05,1.0,1.9661654992388319e-07,0.0,45.40685317022228,0.0,0.14415725836834858,0.006677873432636261,0
45970,1970,freeze_auxiliary,1.4482525045877992e-07,1.0,2.6058096409542486e-05,1.0,1.995579869084964e-07,0.0,45.523431360656204,0.0,0.1442556701612822,0.006267501972615719,0
45980,1980,freeze_auxiliary,1.4538549919507204e-07,1.0,2.6002297090599313e-05,1.0,1.9096589878213987e-07,0.0,45.638547306265195,0.0,0.1444573310085228,0.006487507838755846,0
45990,1990,freeze_auxiliary,1.4532325565141946e-07,1.0,2.5900064429151826e-05,1.0,2.0033677043739766e-07,0.0,45.75306850784073,0.0,0.14389716053092663,0.006124804262071848,0
46000,2000,freeze_auxiliary,1.4641263135217741e-07,1.0,2.5839053705567494e-05,1.0,2.0622805448986615e-07,0.0,45.86563052623427,0.0,0.1440318430201326,0.006495368201285601,0
