step,is_reference,is_detected_collapse,train_accuracy,test_accuracy,diagonal_only_train_accuracy,diagonal_only_test_accuracy,off_diagonal_only_train_accuracy,off_diagonal_only_test_accuracy,full_test_mean_margin,diagonal_test_mean_margin,off_diagonal_test_mean_margin,hidden_non_dc_diagonal_power_fraction,sum_explained_hidden_variance,top_frequency_pairs,current_hidden_reference_readout_test_accuracy,reference_hidden_current_readout_test_accuracy,current_diagonal_reference_readout_test_accuracy,reference_diagonal_current_readout_test_accuracy,relative_unembedding_drift,relative_diagonal_hidden_drift,diagonal_pair_power_cosine_similarity_to_reference,top_frequency_jaccard_to_reference,diagonal_logit_cosine_similarity_to_reference,full_logit_cosine_similarity_to_reference,diagonal_correct_full_wrong_fraction,mean_off_diagonal_interference_advantage_on_rescued_errors
44000,0,0,1.0,1.0,1.0,1.0,0.0174934733659029,0.012976842932403088,15.37320327758789,16.915830612182617,-6.367981910705566,0.2345416396856308,0.23454159498214722,12|11|7|56|47,0.3935563266277313,0.017004139721393585,0.41290971636772156,0.017675355076789856,0.41258302330970764,0.6779632568359375,0.9787644147872925,1.0,0.9100841283798218,0.9012702703475952,0.0,0.0
44010,0,0,1.0,1.0,1.0,1.0,0.016710182651877403,0.012864973396062851,15.376546859741211,16.919879913330078,-6.368704795837402,0.2345476895570755,0.23454761505126953,12|11|7|56|47,0.3912070691585541,0.016780400648713112,0.41290971636772156,0.017675355076789856,0.4106389880180359,0.6753286719322205,0.978882372379303,1.0,0.9129058122634888,0.9042131900787354,0.0,0.0
44020,0,0,1.0,1.0,1.0,1.0,0.016971278935670853,0.012976842932403088,15.381841659545898,16.925621032714844,-6.369048118591309,0.23460634052753448,0.2346065640449524,12|11|7|56|47,0.3897527754306793,0.016780400648713112,0.41290971636772156,0.017675355076789856,0.4086437225341797,0.6726331114768982,0.9790051579475403,1.0,0.9156838059425354,0.9071063995361328,0.0,0.0
44030,0,0,1.0,1.0,1.0,1.0,0.016187990084290504,0.012864973396062851,15.387711524963379,16.932086944580078,-6.369476795196533,0.2346552461385727,0.23465538024902344,12|11|7|56|47,0.3878509998321533,0.01722787693142891,0.41290971636772156,0.017675355076789856,0.40657660365104675,0.6698209643363953,0.9791207909584045,1.0,0.9185000658035278,0.9100307822227478,0.0,0.0
44040,0,0,1.0,1.0,1.0,1.0,0.015665795654058456,0.012529365718364716,15.394636154174805,16.941312789916992,-6.374521732330322,0.2347135990858078,0.23471373319625854,12|11|7|56|47,0.38617295026779175,0.01722787693142891,0.41290971636772156,0.017675355076789856,0.40448442101478577,0.6668959856033325,0.9792550802230835,1.0,0.9212478399276733,0.9129021167755127,0.0,0.0
44050,0,0,1.0,1.0,1.0,1.0,0.015926893800497055,0.012529365718364716,15.40062141418457,16.948179244995117,-6.380361557006836,0.23470072448253632,0.23470085859298706,12|11|7|56|47,0.384718656539917,0.01722787693142891,0.41290971636772156,0.017675355076789856,0.40232691168785095,0.6637693047523499,0.979404091835022,1.0,0.9240292310714722,0.9158255457878113,0.0,0.0
44060,0,0,1.0,1.0,1.0,1.0,0.016710182651877403,0.012864973396062851,15.407891273498535,16.95671272277832,-6.384983062744141,0.23459625244140625,0.2345961332321167,12|11|7|56|47,0.3818100392818451,0.01733974739909172,0.41290971636772156,0.017675355076789856,0.4001239538192749,0.6604992151260376,0.9795690774917603,1.0,0.9268080592155457,0.9187546372413635,0.0,0.0
44070,0,0,1.0,1.0,1.0,1.0,0.016449086368083954,0.012641235254704952,15.413888931274414,16.96497917175293,-6.392613887786865,0.2344416230916977,0.2344418168067932,12|11|7|56|47,0.38046762347221375,0.017451616004109383,0.41290971636772156,0.017675355076789856,0.397854208946228,0.6570546627044678,0.979759693145752,1.0,0.9295812249183655,0.9216883182525635,0.0,0.0
44080,0,0,1.0,1.0,1.0,1.0,0.015665795654058456,0.012864973396062851,15.418580055236816,16.972110748291016,-6.402384281158447,0.23426510393619537,0.23426520824432373,12|11|7|56|47,0.3790132999420166,0.017451616004109383,0.41290971636772156,0.017675355076789856,0.39550358057022095,0.6534504890441895,0.9799869060516357,1.0,0.9323229193687439,0.9246256351470947,0.0,0.0
44090,0,0,1.0,1.0,1.0,1.0,0.015926893800497055,0.01342432014644146,15.425166130065918,16.981393814086914,-6.413467884063721,0.23407284915447235,0.23407286405563354,12|11|7|56|47,0.3769996762275696,0.017451616004109383,0.41290971636772156,0.017675355076789856,0.39308521151542664,0.6497415900230408,0.9802525639533997,1.0,0.9350259304046631,0.9275124669075012,0.0,0.0
44100,0,0,1.0,1.0,1.0,1.0,0.016449086368083954,0.014207405969500542,15.4328031539917,16.992313385009766,-6.4253339767456055,0.23382852971553802,0.2338283658027649,12|11|7|56|47,0.3743148148059845,0.017787223681807518,0.4039601683616638,0.017675355076789856,0.39062294363975525,0.645946741104126,0.9805514812469482,1.0,0.9376658797264099,0.9303505420684814,0.0,0.0
44110,0,0,1.0,1.0,1.0,1.0,0.016449086368083954,0.014319275505840778,15.43777084350586,17.000219345092773,-6.437565326690674,0.2334894984960556,0.23348963260650635,12|11|7|56|47,0.3725248873233795,0.01801096275448799,0.4039601683616638,0.017675355076789856,0.3880789875984192,0.6421040892601013,0.9808779358863831,1.0,0.9402458667755127,0.9331424236297607,0.0,0.0
44120,0,0,1.0,1.0,1.0,1.0,0.016710182651877403,0.014654883183538914,15.444007873535156,17.009410858154297,-6.451813697814941,0.23313257098197937,0.2331324815750122,12|11|7|56|47,0.371629923582077,0.018122833222150803,0.4039601683616638,0.017675355076789856,0.38547247648239136,0.6383128762245178,0.9812247157096863,1.0,0.9427219033241272,0.9358240962028503,0.0,0.0
44130,0,0,1.0,1.0,1.0,1.0,0.016449086368083954,0.014543013647198677,15.449688911437988,17.02046012878418,-6.467945575714111,0.2327461987733841,0.23274624347686768,12|11|7|56|47,0.37107059359550476,0.018346570432186127,0.4039601683616638,0.017675355076789856,0.3827532231807709,0.6346072554588318,0.9816181659698486,1.0,0.9451040029525757,0.9384163022041321,0.0,0.0
44140,0,0,1.0,1.0,1.0,1.0,0.016710182651877403,0.014654883183538914,15.45629596710205,17.032621383666992,-6.485066890716553,0.2323547601699829,0.2323547601699829,12|11|7|56|47,0.37107059359550476,0.01868217997252941,0.3952343761920929,0.017675355076789856,0.3799270689487457,0.6310164332389832,0.98203444480896,1.0,0.9473850131034851,0.9408966302871704,0.0,0.0
44150,0,0,1.0,1.0,1.0,1.0,0.017232375219464302,0.014990490861237049,15.462270736694336,17.04296875,-6.501154899597168,0.23197995126247406,0.23197990655899048,12|11|7|56|47,0.3712943196296692,0.018905917182564735,0.38706791400909424,0.017675355076789856,0.37701982259750366,0.6275588274002075,0.982457160949707,1.0,0.9495382905006409,0.9432616829872131,0.0,0.0
44160,0,0,1.0,1.0,1.0,1.0,0.017232375219464302,0.015102360397577286,15.46837043762207,17.05042266845703,-6.515773773193359,0.23162627220153809,0.23162633180618286,12|11|7|56|47,0.3714061975479126,0.01991274207830429,0.38706791400909424,0.017675355076789856,0.3740295469760895,0.6242006421089172,0.9829027652740479,1.0,0.9516066908836365,0.9455180764198303,0.0,0.0
44170,0,0,1.0,1.0,1.0,1.0,0.0174934733659029,0.015102360397577286,15.47424030303955,17.059913635253906,-6.530296802520752,0.23132461309432983,0.23132455348968506,12|11|7|56|47,0.37286049127578735,0.02058395743370056,0.38706791400909424,0.017675355076789856,0.3709671199321747,0.6209454536437988,0.9833848476409912,1.0,0.9535716772079468,0.947674036026001,0.0,0.0
44180,0,0,1.0,1.0,1.0,1.0,0.0174934733659029,0.015102360397577286,15.47997760772705,17.066740036010742,-6.5436577796936035,0.2310875803232193,0.23108762502670288,12|11|7|56|47,0.3752097487449646,0.021031435579061508,0.39579370617866516,0.017675355076789856,0.36778444051742554,0.6177883148193359,0.9839134812355042,1.0,0.9555045962333679,0.9497632384300232,0.0,0.0
44190,0,0,1.0,1.0,1.0,1.0,0.017232375219464302,0.015661707147955894,15.485697746276855,17.07621955871582,-6.5583014488220215,0.23090843856334686,0.2309083342552185,12|11|7|56|47,0.37755900621414185,0.022261997684836388,0.4039601683616638,0.017675355076789856,0.36454445123672485,0.6146221160888672,0.9844717383384705,1.0,0.957362174987793,0.951776385307312,0.0,0.0
44200,0,0,1.0,1.0,1.0,1.0,0.016449086368083954,0.01599731482565403,15.492600440979004,17.085458755493164,-6.573522090911865,0.23078693449497223,0.23078703880310059,12|11|7|56|47,0.3797963857650757,0.022821344435214996,0.4039601683616638,0.017675355076789856,0.3612332046031952,0.611433744430542,0.9850335717201233,1.0,0.9591481685638428,0.9537211060523987,0.0,0.0
44210,0,0,1.0,1.0,1.0,1.0,0.016449086368083954,0.01610918529331684,15.500308990478516,17.09571075439453,-6.5891265869140625,0.2306727170944214,0.23067259788513184,12|11|7|56|47,0.382928729057312,0.023940037935972214,0.41290971636772156,0.017675355076789856,0.3578481078147888,0.6081394553184509,0.9855886101722717,1.0,0.9608778357505798,0.9556150436401367,0.0,0.0
44220,0,0,1.0,1.0,1.0,1.0,0.016710182651877403,0.015773575752973557,15.50720500946045,17.10745620727539,-6.607387542724609,0.23053963482379913,0.2305395007133484,12|11|7|56|47,0.3867323100566864,0.02505873143672943,0.41290971636772156,0.017675355076789856,0.35432562232017517,0.6046611070632935,0.986177384853363,1.0,0.9626190662384033,0.9575149416923523,0.0,0.0
44230,0,0,1.0,1.0,1.0,1.0,0.016710182651877403,0.01610918529331684,15.513406753540039,17.119930267333984,-6.629931926727295,0.23033402860164642,0.23033392429351807,12|11|7|56|47,0.38919341564178467,0.02628929354250431,0.41290971636772156,0.017675355076789856,0.35074949264526367,0.6010551452636719,0.9867420196533203,1.0,0.9643003344535828,0.9593579173088074,0.0,0.0
44240,0,0,1.0,1.0,1.0,1.0,0.016449086368083954,0.016444792971014977,15.518610954284668,17.130666732788086,-6.654651165008545,0.2300981730222702,0.23009830713272095,12|11|7|56|47,0.3924376368522644,0.027296118438243866,0.41290971636772156,0.017675355076789856,0.34714141488075256,0.5973224639892578,0.9872955083847046,1.0,0.9659185409545898,0.961132287979126,0.0,0.0
44250,0,0,1.0,1.0,1.0,1.0,0.016449086368083954,0.016221053898334503,15.523611068725586,17.142183303833008,-6.677360534667969,0.2298186868429184,0.2298187017440796,12|11|7|56|47,0.39747175574302673,0.02886228822171688,0.42219486832618713,0.017675355076789856,0.3435302972793579,0.5934515595436096,0.9878283739089966,1.0,0.9674963355064392,0.9628753066062927,0.0,0.0
44260,0,0,1.0,1.0,1.0,1.0,0.015665795654058456,0.016332922503352165,15.52804946899414,17.153079986572266,-6.701896667480469,0.2294914722442627,0.2294914722442627,12|11|7|56|47,0.4009397029876709,0.03009285219013691,0.43203938007354736,0.017675355076789856,0.3399183452129364,0.5894374847412109,0.9883414506912231,1.0,0.9690110087394714,0.9645580649375916,0.0,0.0
44270,0,0,1.0,1.0,1.0,1.0,0.015143603086471558,0.01610918529331684,15.53259563446045,17.164121627807617,-6.730649471282959,0.22910776734352112,0.22910791635513306,12|11|7|56|47,0.4048551321029663,0.03210650011897087,0.43203938007354736,0.017675355076789856,0.33629322052001953,0.5851660966873169,0.9888532757759094,1.0,0.9705014824867249,0.9662135243415833,0.0,0.0
44280,0,0,1.0,1.0,1.0,1.0,0.014882506802678108,0.015549837611615658,15.534599304199219,17.17405128479004,-6.758788108825684,0.22853785753250122,0.22853797674179077,12|11|7|56|47,0.4088824391365051,0.034343887120485306,0.43203938007354736,0.02617742493748665,0.3326023817062378,0.5804958939552307,0.9893536567687988,1.0,0.9719923734664917,0.9678855538368225,0.0,0.0
44290,0,0,1.0,1.0,1.0,1.0,0.015404699370265007,0.015437968075275421,15.537327766418457,17.1846866607666,-6.7908220291137695,0.22791056334972382,0.2279103398323059,12|11|7|56|47,0.41279783844947815,0.03591005876660347,0.43203938007354736,0.02617742493748665,0.3288608193397522,0.5755432844161987,0.9898455142974854,1.0,0.9734468460083008,0.9695106744766235,0.0,0.0
44300,0,0,1.0,1.0,1.0,1.0,0.015404699370265007,0.015326099470257759,15.541458129882812,17.196090698242188,-6.8235392570495605,0.22723987698554993,0.22723990678787231,12|11|7|56|47,0.4151470959186554,0.03825931251049042,0.44132453203201294,0.02617742493748665,0.32506439089775085,0.5702529549598694,0.9903368353843689,1.0,0.9748710989952087,0.9711145758628845,0.0,0.0
44310,0,0,1.0,1.0,1.0,1.0,0.014882506802678108,0.015885446220636368,15.546744346618652,17.20846939086914,-6.853357791900635,0.22644150257110596,0.22644168138504028,12|11|7|56|47,0.4188387989997864,0.04016109183430672,0.44132453203201294,0.02617742493748665,0.3212060332298279,0.5645703673362732,0.9908066391944885,1.0,0.9762827754020691,0.9727063775062561,0.0,0.0
44320,0,0,1.0,1.0,1.0,1.0,0.015404699370265007,0.01599731482565403,15.551872253417969,17.222822189331055,-6.884850978851318,0.22555434703826904,0.22555410861968994,12|11|7|56|47,0.42253047227859497,0.04362904280424118,0.44132453203201294,0.02617742493748665,0.31728267669677734,0.5585440993309021,0.9912590980529785,1.0,0.9776748418807983,0.974256157875061,0.0,0.0
44330,0,0,1.0,1.0,1.0,1.0,0.015143603086471558,0.01610918529331684,15.558023452758789,17.2379093170166,-6.921034336090088,0.22471685707569122,0.22471678256988525,12|11|7|56|47,0.42543908953666687,0.04676138237118721,0.44132453203201294,0.02617742493748665,0.31327274441719055,0.5521947741508484,0.9917109608650208,1.0,0.9790071845054626,0.9757497310638428,0.0,0.0
44340,0,0,1.0,1.0,1.0,1.0,0.016710182651877403,0.016332922503352165,15.563302040100098,17.25053596496582,-6.955991744995117,0.22382186353206635,0.22382158041000366,12|11|7|56|47,0.4285714328289032,0.05011746287345886,0.44982659816741943,0.02617742493748665,0.30914169549942017,0.5454501509666443,0.9921494126319885,1.0,0.980315089225769,0.977209746837616,0.0,0.0
44350,0,0,1.0,1.0,1.0,1.0,0.016971278935670853,0.016332922503352165,15.56778621673584,17.264318466186523,-6.991074562072754,0.22286875545978546,0.22286885976791382,12|11|7|56|47,0.4333817958831787,0.05515158176422119,0.4588880240917206,0.02617742493748665,0.3049275279045105,0.5383418202400208,0.9925625324249268,1.0,0.981580376625061,0.9786353707313538,0.0,0.0
44360,0,0,1.0,1.0,1.0,1.0,0.016449086368083954,0.015773575752973557,15.571979522705078,17.277435302734375,-7.023313999176025,0.22186696529388428,0.22186702489852905,12|11|7|56|47,0.4380803108215332,0.059961963444948196,0.4588880240917206,0.03512697294354439,0.3006090223789215,0.530909538269043,0.9929518103599548,1.0,0.9828283190727234,0.9800095558166504,0.0,0.0
44370,0,0,1.0,1.0,1.0,1.0,0.015404699370265007,0.015326099470257759,15.577911376953125,17.291980743408203,-7.053797721862793,0.2208874225616455,0.22088706493377686,12|11|7|56|47,0.44143640995025635,0.06488421559333801,0.46794942021369934,0.03512697294354439,0.2961530089378357,0.5232378244400024,0.9933378100395203,1.0,0.9840225577354431,0.9813318848609924,0.0,0.0
44380,0,0,1.0,1.0,1.0,1.0,0.014621409587562084,0.014654883183538914,15.581753730773926,17.306123733520508,-7.084680080413818,0.2200041115283966,0.2200039029121399,12|11|7|56|47,0.4468061327934265,0.07036581635475159,0.46794942021369934,0.04418838769197464,0.29153478145599365,0.5154098868370056,0.9937148690223694,1.0,0.9851575493812561,0.9825827479362488,0.0,0.0
44390,0,0,1.0,1.0,1.0,1.0,0.014621409587562084,0.014654883183538914,15.585737228393555,17.32038116455078,-7.112372875213623,0.2192346602678299,0.2192344069480896,12|11|7|56|47,0.45486071705818176,0.07696610689163208,0.46794942021369934,0.05369728058576584,0.2867569625377655,0.5076104998588562,0.9940629601478577,1.0,0.9862304329872131,0.9837602376937866,0.0,0.0
44400,0,0,1.0,1.0,1.0,1.0,0.014360313303768635,0.014319275505840778,15.588444709777832,17.33443832397461,-7.137735366821289,0.21851187944412231,0.21851211786270142,12|11|7|56|47,0.4611254036426544,0.08345452696084976,0.46794942021369934,0.05369728058576584,0.28176411986351013,0.4997926652431488,0.9943853616714478,1.0,0.9872634410858154,0.9848766922950745,0.0,0.0
44410,0,0,1.0,1.0,1.0,1.0,0.013315927237272263,0.013983666896820068,15.590761184692383,17.345844268798828,-7.164841651916504,0.21774522960186005,0.2177453637123108,12|11|7|56|47,0.4697393476963043,0.09094977378845215,0.46794942021369934,0.05369728058576584,0.27661585807800293,0.49163737893104553,0.9947054982185364,1.0,0.9882324934005737,0.9859538674354553,0.0,0.0
44420,0,0,1.0,1.0,1.0,1.0,0.013838119804859161,0.013871797360479832,15.591867446899414,17.35707664489746,-7.197530746459961,0.21687732636928558,0.21687722206115723,12|11|7|56|47,0.4808143973350525,0.09844501316547394,0.49390313029289246,0.05369728058576584,0.2713262736797333,0.48290303349494934,0.9950425028800964,1.0,0.9891780614852905,0.9870014786720276,0.0,0.0
44430,0,0,1.0,1.0,1.0,1.0,0.013838119804859161,0.013983666896820068,15.592652320861816,17.37046241760254,-7.2332940101623535,0.21590043604373932,0.21590054035186768,12|11|7|56|47,0.49009954929351807,0.10840138792991638,0.49390313029289246,0.06275869905948639,0.2659161388874054,0.4735700786113739,0.995390772819519,1.0,0.9900754690170288,0.9880179762840271,0.0,0.0
44440,0,0,1.0,1.0,1.0,1.0,0.014099217019975185,0.013983666896820068,15.59469223022461,17.38538932800293,-7.270499229431152,0.21478576958179474,0.21478557586669922,12|11|7|56|47,0.4989372491836548,0.11925271153450012,0.5028526782989502,0.08166461437940598,0.2603733241558075,0.4636511206626892,0.9957452416419983,1.0,0.9909405708312988,0.9890062212944031,0.0,0.0
44450,0,0,1.0,1.0,1.0,1.0,0.013577023521065712,0.01375992875546217,15.595019340515137,17.404476165771484,-7.313002586364746,0.21351268887519836,0.21351265907287598,12|11|7|56|47,0.508893609046936,0.1296565681695938,0.5028526782989502,0.09855688363313675,0.2546464204788208,0.4531882405281067,0.9960892200469971,1.0,0.9917778968811035,0.989957332611084,0.0,0.0
44460,0,0,1.0,1.0,1.0,1.0,0.013054830022156239,0.012529365718364716,15.593622207641602,17.42156219482422,-7.3586506843566895,0.21214883029460907,0.21214914321899414,12|11|7|56|47,0.5205280184745789,0.14397583901882172,0.5216467380523682,0.1247343122959137,0.2486509531736374,0.44227227568626404,0.9964269995689392,1.0,0.9925606846809387,0.9908586740493774,0.0,0.0
44470,0,0,1.0,1.0,1.0,1.0,0.01253263745456934,0.012641235254704952,15.590444564819336,17.436315536499023,-7.404907703399658,0.21075879037380219,0.2107587456703186,12|11|7|56|47,0.5354066491127014,0.16064436733722687,0.5301488041877747,0.1247343122959137,0.24240124225616455,0.43096786737442017,0.9967507123947144,1.0,0.9932913780212402,0.99170982837677,0.0,0.0
44480,0,0,1.0,1.0,1.0,1.0,0.01253263745456934,0.012081888504326344,15.586100578308105,17.45368194580078,-7.4517083168029785,0.2092401087284088,0.2092401385307312,12|11|7|56|47,0.5508446097373962,0.1782078593969345,0.5482715964317322,0.1247343122959137,0.23597438633441925,0.4191567003726959,0.9970599412918091,1.0,0.9939890503883362,0.9925152659416199,0.0,0.0
44490,0,0,1.0,1.0,1.0,1.0,0.012010443955659866,0.011522541753947735,15.584185600280762,17.473663330078125,-7.504323482513428,0.2075566053390503,0.20755678415298462,12|11|7|56|47,0.5678487420082092,0.19879181683063507,0.5841816663742065,0.1247343122959137,0.2293614000082016,0.4067218601703644,0.9973494410514832,1.0,0.9946372509002686,0.9932772517204285,0.0,0.0
44500,0,0,1.0,1.0,1.0,1.0,0.01279373373836279,0.011634411290287971,15.581195831298828,17.49432945251465,-7.556852340698242,0.20568375289440155,0.20568400621414185,12|11|7|56|47,0.586866557598114,0.2238505482673645,0.6109184622764587,0.15214230120182037,0.2225208431482315,0.39352670311927795,0.9976239204406738,1.0,0.9952473640441895,0.9940099120140076,0.0,0.0
44510,0,0,1.0,1.0,1.0,1.0,0.013054830022156239,0.011746279895305634,15.579241752624512,17.51740074157715,-7.611981391906738,0.20372185111045837,0.2037220001220703,12|11|7|56|47,0.6042062640190125,0.25081104040145874,0.6199798583984375,0.18749301135540009,0.215402290225029,0.37967756390571594,0.9978755116462708,1.0,0.9958189129829407,0.9946929216384888,0.0,0.0
44520,0,0,1.0,1.0,1.0,1.0,0.013577023521065712,0.011298802681267262,15.576399803161621,17.53896713256836,-7.6689043045043945,0.20175351202487946,0.20175349712371826,12|11|7|56|47,0.6289294362068176,0.28157511353492737,0.6714397668838501,0.23179326951503754,0.20794175565242767,0.3653291165828705,0.9981000423431396,1.0,0.9963411688804626,0.9953250288963318,0.0,0.0
44530,0,0,1.0,1.0,1.0,1.0,0.014099217019975185,0.010963195003569126,15.574295043945312,17.562335968017578,-7.73270320892334,0.19977129995822906,0.19977140426635742,12|11|7|56|47,0.6537644267082214,0.3221836984157562,0.6986240148544312,0.2600962221622467,0.20011648535728455,0.3506014347076416,0.9982982277870178,1.0,0.9968063235282898,0.9959017634391785,0.0,0.0
44540,0,0,1.0,1.0,1.0,1.0,0.014099217019975185,0.01085132546722889,15.571220397949219,17.584924697875977,-7.796510696411133,0.19778844714164734,0.19778883457183838,12|11|7|56|47,0.6801655888557434,0.36447030305862427,0.7162993550300598,0.32330238819122314,0.1919935643672943,0.33564063906669617,0.9984626173973083,1.0,0.99724942445755,0.9964301586151123,0.0,0.0
44550,0,0,1.0,1.0,1.0,1.0,0.013577023521065712,0.010515717789530754,15.565207481384277,17.606225967407227,-7.859991073608398,0.1957201063632965,0.19572007656097412,12|11|7|56|47,0.7088041305541992,0.41279783844947815,0.7516500949859619,0.3858373463153839,0.18349191546440125,0.3203102648258209,0.9985866546630859,1.0,0.9976447820663452,0.9969156384468079,0.0,0.0
44560,0,0,1.0,1.0,1.0,1.0,0.013577023521065712,0.01062758732587099,15.565633773803711,17.63353729248047,-7.930303573608398,0.19379104673862457,0.19379115104675293,12|11|7|56|47,0.743259847164154,0.46627140045166016,0.7953909635543823,0.46325093507766724,0.17454367876052856,0.30454450845718384,0.9986969828605652,1.0,0.997978150844574,0.9973528981208801,0.0,0.0
44570,0,0,1.0,1.0,1.0,1.0,0.01279373373836279,0.01085132546722889,15.560632705688477,17.653669357299805,-8.003413200378418,0.19186021387577057,0.19186031818389893,12|11|7|56|47,0.7871126532554626,0.533504843711853,0.830629825592041,0.5694149136543274,0.16505715250968933,0.28817111253738403,0.9987950325012207,1.0,0.9983009099960327,0.9977541565895081,0.0,0.0
44580,0,0,1.0,1.0,1.0,1.0,0.01253263745456934,0.010403848253190517,15.559660911560059,17.6829891204834,-8.079346656799316,0.18998651206493378,0.18998634815216064,12|11|7|56|47,0.8300704956054688,0.6070030331611633,0.9021143317222595,0.6925830841064453,0.15503084659576416,0.27107974886894226,0.9988902807235718,1.0,0.9985787868499756,0.9981154203414917,0.0,0.0
44590,0,0,1.0,1.0,1.0,1.0,0.01279373373836279,0.010963195003569126,15.558686256408691,17.715858459472656,-8.156935691833496,0.18813185393810272,0.1881321668624878,12|11|7|56|47,0.8723570704460144,0.6792706251144409,0.9363463521003723,0.7878957390785217,0.14450296759605408,0.25333988666534424,0.9990014433860779,1.0,0.9988386034965515,0.9984449744224548,0.0,0.0
44600,0,0,1.0,1.0,1.0,1.0,0.013315927237272263,0.01085132546722889,15.553845405578613,17.738431930541992,-8.236063957214355,0.18637187778949738,0.18637186288833618,12|11|7|56|47,0.9185591340065002,0.7539993524551392,0.9729276299476624,0.8485289216041565,0.13350620865821838,0.23486649990081787,0.9991245269775391,1.0,0.9990756511688232,0.9987417459487915,0.0,0.0
44610,0,0,1.0,1.0,1.0,1.0,0.013315927237272263,0.01062758732587099,15.559269905090332,17.7799015045166,-8.318037033081055,0.18471047282218933,0.18471050262451172,12|11|7|56|47,0.9437296986579895,0.8240295052528381,0.9729276299476624,0.9201253056526184,0.12223425507545471,0.2157941311597824,0.9992522597312927,1.0,0.9992895126342773,0.9989925026893616,0.0,0.0
44620,0,0,1.0,1.0,1.0,1.0,0.013577023521065712,0.010963195003569126,15.551468849182129,17.80582046508789,-8.411598205566406,0.1829044669866562,0.1829044222831726,12|11|7|56|47,0.971025824546814,0.8865644931793213,0.990602970123291,0.9643136858940125,0.11034836620092392,0.19578516483306885,0.999386727809906,1.0,0.9994394779205322,0.9992135167121887,0.0,0.0
44630,0,0,1.0,1.0,1.0,1.0,0.013838119804859161,0.011298802681267262,15.548358917236328,17.837753295898438,-8.509167671203613,0.18115441501140594,0.1811543107032776,12|11|7|56|47,0.9857925772666931,0.9394786953926086,1.0,0.9909386038780212,0.09796800464391708,0.17514824867248535,0.999518632888794,1.0,0.9995744228363037,0.9994007349014282,0.0,0.0
44640,0,0,1.0,1.0,1.0,1.0,0.013838119804859161,0.011075064539909363,15.542389869689941,17.872737884521484,-8.617682456970215,0.1794196516275406,0.17941981554031372,12|11|7|56|47,0.9926166534423828,0.9703546166419983,1.0,1.0,0.08509644120931625,0.15384897589683533,0.9996442794799805,1.0,0.9997174739837646,0.9995589852333069,0.0,0.0
44650,0,0,1.0,1.0,1.0,1.0,0.013838119804859161,0.010963195003569126,15.52883243560791,17.908370971679688,-8.7395601272583,0.17767636477947235,0.17767608165740967,12|11|7|56|47,0.9972032904624939,0.9870231747627258,1.0,1.0,0.07160626351833344,0.1311616152524948,0.9997618198394775,1.0,0.999803364276886,0.999693751335144,0.0,0.0
44660,0,0,1.0,1.0,1.0,1.0,0.013838119804859161,0.010963195003569126,15.531749725341797,17.956586837768555,-8.864136695861816,0.17592966556549072,0.17592960596084595,12|11|7|56|47,0.9988812804222107,0.9950777292251587,1.0,1.0,0.05799349397420883,0.10775505751371384,0.9998528361320496,1.0,0.9998763799667358,0.9998024702072144,0.0,0.0
44670,0,0,1.0,1.0,1.0,1.0,0.013577023521065712,0.011075064539909363,15.523515701293945,17.99283218383789,-8.97676944732666,0.1740330457687378,0.17403310537338257,12|11|7|56|47,0.9997762441635132,0.9997762441635132,1.0,1.0,0.044069740921258926,0.08324450254440308,0.9999175667762756,1.0,0.9999315142631531,0.9998874664306641,0.0,0.0
44680,0,0,1.0,1.0,1.0,1.0,0.013577023521065712,0.01085132546722889,15.512534141540527,18.034141540527344,-9.103522300720215,0.17185717821121216,0.17185699939727783,12|11|7|56|47,1.0,0.9997762441635132,1.0,1.0,0.029823796823620796,0.05706401169300079,0.9999619126319885,1.0,0.999963104724884,0.9999517798423767,0.0,0.0
44690,0,0,1.0,1.0,1.0,1.0,0.01279373373836279,0.010963195003569126,15.505410194396973,18.08968162536621,-9.244240760803223,0.1696862280368805,0.16968631744384766,12|11|7|56|47,1.0,1.0,1.0,1.0,0.015214827843010426,0.029536059126257896,0.9999895691871643,1.0,0.9999840259552002,0.9999854564666748,0.0,0.0
44700,1,0,1.0,1.0,1.0,1.0,0.01253263745456934,0.011522541753947735,15.486348152160645,18.136966705322266,-9.398103713989258,0.16728444397449493,0.16728460788726807,12|11|7|56|47,1.0,1.0,1.0,1.0,0.0,0.0,1.0,1.0,0.9999975562095642,0.9999998807907104,0.0,0.0
44710,0,1,0.211227148771286,0.1904016137123108,0.2477806806564331,0.24779057502746582,0.019060052931308746,0.016332922503352165,-56.56959915161133,-46.852176666259766,-63.06452941894531,0.19626733660697937,0.1962674856185913,12|11|7|56|47,0.2631166875362396,0.057388968765735626,0.26434725522994995,0.05190737172961235,1.2849688529968262,0.39190009236335754,0.9898941516876221,1.0,0.6145955324172974,0.5698599219322205,0.08457321673631668,13.31030559539795
44720,0,0,0.4660574495792389,0.38046762347221375,0.7986944913864136,0.782861590385437,0.014360313303768635,0.009956371039152145,-5.558963775634766,5.866514205932617,-30.461894989013672,0.24849659204483032,0.2484966516494751,47|7|56|12|11,0.5772457718849182,0.0533616729080677,0.9214677214622498,0.0695827305316925,2.4552290439605713,0.8881204128265381,0.7208780646324158,1.0,0.6999112963676453,0.5557945370674133,0.4264459013938904,9.877864837646484
44730,0,0,0.6684073209762573,0.5515158176422119,0.9744125604629517,0.9730395078659058,0.015665795654058456,0.0092851547524333,0.330265074968338,8.141539573669434,-20.98321533203125,0.2715528905391693,0.2715528607368469,47|56|7|11|12,0.5456986427307129,0.04463586583733559,0.9477570056915283,0.0695827305316925,3.0120584964752197,0.9357867240905762,0.3878709375858307,1.0,0.6056127548217773,0.4834445118904114,0.42510348558425903,5.658977031707764
44740,0,0,0.86997389793396,0.719655454158783,1.0,1.0,0.012010443955659866,0.009844501502811909,2.7493629455566406,8.786799430847168,-18.048748016357422,0.3034278154373169,0.30342769622802734,47|56|7|11|28,0.6505202054977417,0.04430025815963745,0.965432345867157,0.05201924219727516,3.3036317825317383,0.943824827671051,0.35727912187576294,0.6666666666666666,0.6168143153190613,0.5109206438064575,0.28034454584121704,4.0280351638793945
44750,0,0,0.9702349901199341,0.8340978026390076,1.0,1.0,0.01279373373836279,0.009173285216093063,4.374549865722656,9.671863555908203,-17.007577896118164,0.315607488155365,0.31560736894607544,47|56|7|11|28,0.6991833448410034,0.043293435126543045,0.9742700457572937,0.05201924219727516,3.4152843952178955,0.9428762793540955,0.38594698905944824,0.6666666666666666,0.6361277103424072,0.5387305021286011,0.16590222716331482,3.179230213165283
44760,0,0,0.997389018535614,0.8888018727302551,1.0,1.0,0.013315927237272263,0.007830853573977947,5.384178638458252,10.337981224060059,-16.37862777709961,0.3278035521507263,0.32780367136001587,47|56|7|11|28,0.7251370549201965,0.04239847883582115,0.9742700457572937,0.05201924219727516,3.4468984603881836,0.940857470035553,0.40930524468421936,0.6666666666666666,0.643811821937561,0.5531607270240784,0.11119811981916428,2.9637842178344727
44770,0,0,1.0,0.9160979986190796,1.0,1.0,0.014360313303768635,0.0072715068235993385,6.088243007659912,10.827847480773926,-15.993359565734863,0.33688288927078247,0.3368828296661377,47|56|7|11|28,0.7372189164161682,0.041839130222797394,0.9742700457572937,0.05201924219727516,3.436645746231079,0.9385521411895752,0.4289718270301819,0.6666666666666666,0.6483015418052673,0.5616043210029602,0.08390200138092041,2.892055034637451
44780,0,0,1.0,0.9309766292572021,1.0,1.0,0.013315927237272263,0.007159637752920389,6.580430030822754,11.15213680267334,-15.672901153564453,0.3458712697029114,0.3458712100982666,47|56|7|11|28,0.7499720454216003,0.04228660836815834,0.9742700457572937,0.05201924219727516,3.409593343734741,0.9363670945167542,0.44249069690704346,0.6666666666666666,0.6585374474525452,0.5752359628677368,0.06902337819337845,2.788214683532715
44790,0,0,1.0,0.9414923191070557,1.0,1.0,0.015143603086471558,0.007942723110318184,6.935771942138672,11.382391929626465,-15.364275932312012,0.35503649711608887,0.3550364375114441,47|56|7|11|12,0.7580265998840332,0.04251034930348396,0.965432345867157,0.05201924219727516,3.37699818611145,0.9347532987594604,0.45057281851768494,1.0,0.6625097990036011,0.5823449492454529,0.058507662266492844,2.5960750579833984
44800,0,0,1.0,0.948428213596344,1.0,1.0,0.016710182651877403,0.008502069860696793,7.215517044067383,11.538596153259277,-15.000140190124512,0.3645532727241516,0.36455321311950684,47|56|7|11|12,0.7625014185905457,0.04239847883582115,0.965432345867157,0.05201924219727516,3.342700958251953,0.9336189031600952,0.45506978034973145,1.0,0.6634114384651184,0.5863377451896667,0.051571764051914215,2.340214490890503
44810,0,0,1.0,0.9560353755950928,1.0,1.0,0.016710182651877403,0.00962076336145401,7.487938404083252,11.683869361877441,-14.633304595947266,0.3745003938674927,0.3745003342628479,47|56|7|11|12,0.7679830193519592,0.04239847883582115,0.965432345867157,0.05201924219727516,3.3077585697174072,0.9328452944755554,0.45859137177467346,1.0,0.6650704145431519,0.5905543565750122,0.043964650481939316,2.1686248779296875
44820,0,0,1.0,0.9637543559074402,1.0,1.0,0.016449086368083954,0.010068240575492382,7.756722450256348,11.803205490112305,-14.272503852844238,0.3840784430503845,0.3840782642364502,47|56|7|11|12,0.7729052305221558,0.04228660836815834,0.965432345867157,0.05201924219727516,3.2725119590759277,0.9322625994682312,0.46101540327072144,1.0,0.6686614155769348,0.5966165065765381,0.036245666444301605,2.001598834991455
44830,0,0,1.0,0.9713614583015442,1.0,1.0,0.016971278935670853,0.01029197871685028,8.012523651123047,11.91134262084961,-13.924792289733887,0.3942742347717285,0.3942742347717285,47|56|7|11|12,0.7831972241401672,0.04228660836815834,0.965432345867157,0.05201924219727516,3.2378480434417725,0.9318222403526306,0.4632600247859955,1.0,0.6759795546531677,0.6062914133071899,0.028638551011681557,1.8740200996398926
44840,0,0,1.0,0.9776261448860168,1.0,1.0,0.014882506802678108,0.01029197871685028,8.258919715881348,12.010478019714355,-13.593734741210938,0.4045430123806,0.4045429825782776,47|56|7|11|12,0.7961740493774414,0.04217474162578583,0.965432345867157,0.05201924219727516,3.204132556915283,0.9313738346099854,0.4670913815498352,1.0,0.6847562789916992,0.6173036098480225,0.0223738681524992,1.8315801620483398
44850,0,0,1.0,0.9813178181648254,1.0,1.0,0.014360313303768635,0.009732631966471672,8.498650550842285,12.114118576049805,-13.26289176940918,0.41390085220336914,0.41390085220336914,47|56|7|11|12,0.8076965808868408,0.04217474162578583,0.9742700457572937,0.05201924219727516,3.17122483253479,0.9310762286186218,0.4712013602256775,1.0,0.6932434439659119,0.6279318332672119,0.01868217997252941,1.6875154972076416
44860,0,0,1.0,0.9856806993484497,1.0,1.0,0.013838119804859161,0.010068240575492382,8.7274751663208,12.220831871032715,-12.93439769744873,0.4233158528804779,0.4233158826828003,47|56|7|11|12,0.8165342807769775,0.04217474162578583,0.9742700457572937,0.05201924219727516,3.138880729675293,0.9309626817703247,0.475176066160202,1.0,0.6975411176681519,0.634350597858429,0.014319275505840778,1.690606951713562
44870,0,0,1.0,0.9887012243270874,1.0,1.0,0.013315927237272263,0.009061416611075401,8.932182312011719,12.306292533874512,-12.598280906677246,0.4330414831638336,0.43304139375686646,47|56|7|11|12,0.8266025185585022,0.04217474162578583,0.9742700457572937,0.05201924219727516,3.107022285461426,0.9309923052787781,0.4790583848953247,1.0,0.7013758420944214,0.6402066349983215,0.011298802681267262,1.7269277572631836
44880,0,0,1.0,0.9902673959732056,1.0,1.0,0.013054830022156239,0.010068240575492382,9.132827758789062,12.399764060974121,-12.2691011428833,0.44228771328926086,0.4422876834869385,47|56|7|11|12,0.8349927067756653,0.04217474162578583,0.9742700457572937,0.05201924219727516,3.075619697570801,0.9309968948364258,0.48315152525901794,1.0,0.7059036493301392,0.646744430065155,0.009732631966471672,1.6210498809814453
44890,0,0,1.0,0.992392897605896,1.0,1.0,0.01253263745456934,0.00962076336145401,9.347208976745605,12.518479347229004,-11.960636138916016,0.45138993859291077,0.45138996839523315,47|56|7|11|12,0.845620334148407,0.04217474162578583,0.9742700457572937,0.05201924219727516,3.044654607772827,0.9309465885162354,0.4871688187122345,1.0,0.709630012512207,0.6526300311088562,0.007607114966958761,1.5534203052520752
44900,0,0,1.0,0.9938471913337708,1.0,1.0,0.011749347671866417,0.008837677538394928,9.569886207580566,12.660185813903809,-11.68356704711914,0.4608241617679596,0.4608241319656372,47|56|7|11|12,0.8551291823387146,0.04217474162578583,0.9742700457572937,0.05201924219727516,3.014094352722168,0.9309022426605225,0.4914606511592865,1.0,0.7095165252685547,0.6545324325561523,0.006152813322842121,1.350170373916626
44910,0,0,1.0,0.9956371188163757,1.0,1.0,0.012010443955659866,0.008166461251676083,9.7976713180542,12.821856498718262,-11.452746391296387,0.4704836308956146,0.47048360109329224,47|56|7|11|12,0.8667635917663574,0.04217474162578583,0.9742700457572937,0.05201924219727516,2.983893871307373,0.9307832717895508,0.49659228324890137,1.0,0.7067262530326843,0.6535323262214661,0.004362904001027346,1.415919303894043
44920,0,0,1.0,0.9963083267211914,1.0,1.0,0.014099217019975185,0.008725808002054691,10.018166542053223,12.990991592407227,-11.272126197814941,0.47969308495521545,0.47969305515289307,47|56|7|11|12,0.8738113641738892,0.04217474162578583,0.9742700457572937,0.05201924219727516,2.9540152549743652,0.9306108951568604,0.5018541812896729,1.0,0.703874409198761,0.6522635817527771,0.0036916881799697876,1.2033125162124634
44930,0,0,1.0,0.9974269866943359,1.0,1.0,0.013315927237272263,0.009173285216093063,10.23568344116211,13.167177200317383,-11.131183624267578,0.48837313055992126,0.4883731007575989,47|56|7|11|12,0.8805235624313354,0.04217474162578583,0.9742700457572937,0.05201924219727516,2.924447536468506,0.9305213093757629,0.5069459080696106,1.0,0.7022802829742432,0.6521515250205994,0.00257299467921257,1.251047968864441
44940,0,0,1.0,0.9976507425308228,1.0,1.0,0.01279373373836279,0.008949547074735165,10.453693389892578,13.349011421203613,-11.013815879821777,0.49693170189857483,0.49693167209625244,47|56|7|11|12,0.8877950310707092,0.04217474162578583,0.9742700457572937,0.05201924219727516,2.8951900005340576,0.9305890798568726,0.5121136903762817,1.0,0.7006928324699402,0.6519360542297363,0.002349256072193384,1.0603386163711548
44950,0,0,1.0,0.9984338283538818,1.0,1.0,0.009921670891344547,0.008166461251676083,10.66689395904541,13.524219512939453,-10.892611503601074,0.5051174163818359,0.5051175355911255,47|56|7|11|12,0.8921579718589783,0.04217474162578583,0.9742700457572937,0.05201924219727516,2.866244316101074,0.9306345582008362,0.5181775093078613,1.0,0.6979763507843018,0.650455892086029,0.0015661707147955894,1.2401822805404663
44960,0,0,1.0,0.9986575841903687,1.0,1.0,0.009399477392435074,0.007607114966958761,10.8710355758667,13.685988426208496,-10.776787757873535,0.5129604935646057,0.51296067237854,47|56|7|11|12,0.8956258893013,0.04228660836815834,0.9742700457572937,0.05201924219727516,2.8376047611236572,0.9306652545928955,0.525030255317688,1.0,0.6949951648712158,0.6486112475395203,0.0013424319913610816,1.3666048049926758
44970,0,0,1.0,0.9985457062721252,1.0,1.0,0.009138381108641624,0.007607114966958761,11.053863525390625,13.8362398147583,-10.663984298706055,0.5206605195999146,0.5206606388092041,47|56|7|11|12,0.8984226584434509,0.04228660836815834,0.9742700457572937,0.05201924219727516,2.8092737197875977,0.9308250546455383,0.5318679213523865,1.0,0.6918531060218811,0.6465139985084534,0.0014543014112859964,1.1794580221176147
44980,0,0,1.0,0.9984338283538818,1.0,1.0,0.009399477392435074,0.007718984037637711,11.210293769836426,13.970845222473145,-10.548473358154297,0.5278956890106201,0.5278956890106201,47|56|7|11|12,0.9013312458992004,0.04228660836815834,0.9742700457572937,0.05201924219727516,2.781250238418579,0.9309365749359131,0.5389083027839661,1.0,0.6878055334091187,0.643379807472229,0.0015661707147955894,0.852698802947998
44990,0,0,1.0,0.9987694621086121,1.0,1.0,0.008877284824848175,0.007830853573977947,11.345504760742188,14.093595504760742,-10.434956550598145,0.5346968173980713,0.5346968173980713,47|56|7|11|12,0.9039042592048645,0.04228660836815834,0.9742700457572937,0.05201924219727516,2.7535345554351807,0.9310084581375122,0.5465038418769836,1.0,0.6829112768173218,0.6393254399299622,0.0012305626878514886,0.8077537417411804
45000,0,0,1.0,0.9989931583404541,1.0,1.0,0.008616187609732151,0.00805459264665842,11.468071937561035,14.20368766784668,-10.32276725769043,0.5412564277648926,0.541256308555603,47|56|7|11|12,0.9072602987289429,0.04228660836815834,0.9742700457572937,0.05201924219727516,2.7261250019073486,0.9311122894287109,0.5541341304779053,1.0,0.6776129603385925,0.6348242163658142,0.0010068240808323026,0.7673159837722778
