run,depth,regime,step,checkpoint,train_loss,train_accuracy,test_loss,test_accuracy,full_accuracy,first_layer_with_95pct_direct_readout,final_sum_explained_variance,final_dc_power_fraction_total,final_dc_power_fraction_non_dc,final_addition_power_fraction_total,final_addition_power_fraction_non_dc,final_subtraction_power_fraction_total,final_subtraction_power_fraction_non_dc,final_a_only_power_fraction_total,final_a_only_power_fraction_non_dc,final_b_only_power_fraction_total,final_b_only_power_fraction_non_dc,final_generic_interaction_power_fraction_total,final_generic_interaction_power_fraction_non_dc,final_dominant_non_dc_family,final_dominant_non_dc_family_fraction,final_top_1_non_dc_pair_power_fraction,final_top_5_non_dc_pair_power_fraction,final_top_10_non_dc_pair_power_fraction,final_top_20_non_dc_pair_power_fraction,final_normalized_non_dc_pair_entropy,final_effective_non_dc_pair_count,final_top_non_dc_mode_pairs
depth2_adamw,2,adamw,0,checkpoints/depth_sweep_v2_depth_2_adamw_seed_0/step_000000.pt,5.2187628746032715,0.008616187609732151,5.209828853607178,0.009844501502811909,0.009476074948906898,nan,0.0003870725631713867,0.9669432812592008,nan,1.2790150254456708e-05,0.00038691530017681065,7.8867047543049e-06,0.00023858099214702148,0.01850239968677618,0.5597167653527635,0.013766776604411415,0.41645925938257833,0.000766948637238829,0.023200991098134862,a_only,0.5597167653527635,0.01365356681277666,0.06552691779335991,0.12534560835597008,0.23548329293284537,0.559486500406914,134.55446017882392,"(41,0)/(72,0):a_only|(55,0)/(58,0):a_only|(27,0)/(86,0):a_only|(5,0)/(108,0):a_only|(14,0)/(99,0):a_only|(51,0)/(62,0):a_only|(7,0)/(106,0):a_only|(6,0)/(107,0):a_only|(25,0)/(88,0):a_only|(23,0)/(90,0):a_only|(26,0)/(87,0):a_only|(43,0)/(70,0):a_only|(30,0)/(83,0):a_only|(47,0)/(66,0):a_only|(8,0)/(105,0):a_only|(13,0)/(100,0):a_only|(0,13)/(0,100):b_only|(29,0)/(84,0):a_only|(0,27)/(0,86):b_only|(39,0)/(74,0):a_only"
depth2_adamw,2,adamw,5000,checkpoints/depth_sweep_v2_depth_2_adamw_seed_0/step_005000.pt,0.09260199964046478,1.0,0.47913670539855957,0.8732520341873169,0.91126948595047,nan,0.4953407049179077,0.19976464607977265,nan,0.39638918937366047,0.4953407612295708,0.011499914311092404,0.01437066514839182,0.2344742024146343,0.29300655271724996,0.14614802703145,0.1826313050473136,0.011724093240103471,0.014650806394230123,addition,0.4953407612295708,0.4562686317401646,0.8865725144275513,0.9479976379129268,0.9716992756553693,0.21230316329342716,6.424410077865153,"(44,44)/(69,69):addition|(44,0)/(69,0):a_only|(0,44)/(0,69):b_only|(20,0)/(93,0):a_only|(20,20)/(93,93):addition|(0,20)/(0,93):b_only|(44,69)/(69,44):subtraction|(22,0)/(91,0):a_only|(25,0)/(88,0):a_only|(0,22)/(0,91):b_only|(0,25)/(0,88):b_only|(22,22)/(91,91):addition|(25,25)/(88,88):addition|(40,0)/(73,0):a_only|(20,93)/(93,20):subtraction|(0,40)/(0,73):b_only|(49,0)/(64,0):a_only|(19,69)/(94,44):generic_interaction|(11,0)/(102,0):a_only|(44,94)/(69,19):generic_interaction"
depth2_adamw,2,adamw,6000,checkpoints/depth_sweep_v2_depth_2_adamw_seed_0/step_006000.pt,0.02737700194120407,1.0,0.03797191008925438,1.0,1.0,2,0.6295157670974731,0.30096568040093846,nan,0.44005316753559565,0.6295158090845381,0.005956905233555665,0.008521620327703653,0.15645579730239156,0.2238170409642935,0.09322076348163724,0.1333564866156186,0.0033477906856903593,0.00478916485012592,addition,0.6295158090845381,0.33515009687784103,0.910399324913006,0.9802476623966819,0.994638302438329,0.20326457258951186,5.935271331790526,"(20,20)/(93,93):addition|(44,44)/(69,69):addition|(20,0)/(93,0):a_only|(0,20)/(0,93):b_only|(44,0)/(69,0):a_only|(0,44)/(0,69):b_only|(22,22)/(91,91):addition|(22,0)/(91,0):a_only|(44,69)/(69,44):subtraction|(0,22)/(0,91):b_only|(20,93)/(93,20):subtraction|(25,25)/(88,88):addition|(40,40)/(73,73):addition|(25,0)/(88,0):a_only|(40,0)/(73,0):a_only|(0,40)/(0,73):b_only|(19,69)/(94,44):generic_interaction|(0,25)/(0,88):b_only|(19,44)/(94,69):generic_interaction|(53,53)/(60,60):addition"
depth2_adamw,2,adamw,25000,checkpoints/depth_sweep_v2_depth_2_adamw_seed_0/step_025000.pt,0.00941854901611805,1.0,0.015825293958187103,0.9998881220817566,0.9999216794967651,2,0.9454920887947083,0.21875652190234843,nan,0.7386594862167289,0.9454919978724005,0.003696998857488152,0.004732197854523798,0.017035452852093524,0.021805560819753815,0.01960691369813057,0.025097058049719477,0.0022445913858016872,0.002873100844664619,addition,0.9454919978724005,0.8341344606100705,0.9796219687435872,0.9927970206470402,0.9966931226646432,0.0808089248530589,2.0299505776847715,"(20,20)/(93,93):addition|(44,44)/(69,69):addition|(0,20)/(0,93):b_only|(20,0)/(93,0):a_only|(40,40)/(73,73):addition|(20,93)/(93,20):subtraction|(40,0)/(73,0):a_only|(0,40)/(0,73):b_only|(44,0)/(69,0):a_only|(0,44)/(0,69):b_only|(44,69)/(69,44):subtraction|(53,53)/(60,60):addition|(25,25)/(88,88):addition|(25,0)/(88,0):a_only|(33,33)/(80,80):addition|(0,25)/(0,88):b_only|(13,13)/(100,100):addition|(20,53)/(93,60):generic_interaction|(40,73)/(73,40):subtraction|(19,69)/(94,44):generic_interaction"
depth2_adamw,2,adamw,29000,checkpoints/depth_sweep_v2_depth_2_adamw_seed_0/step_029000.pt,4.431218147277832,0.19216710329055786,4.580897808074951,0.1782078593969345,0.1823948621749878,nan,0.6930645704269409,0.2394089631712589,nan,0.5271386951998641,0.6930645638393942,0.017447378796749888,0.02293923797668738,0.09333879032864051,0.12271876186947124,0.07327741193977425,0.09634272347634015,0.04938877433612036,0.06493473094561461,addition,0.6930645638393942,0.4117583490820363,0.8497220302927013,0.9067960963998074,0.9327854615584223,0.245630877958847,8.602967939394375,"(44,44)/(69,69):addition|(20,20)/(93,93):addition|(20,0)/(93,0):a_only|(0,20)/(0,93):b_only|(44,0)/(69,0):a_only|(0,44)/(0,69):b_only|(44,69)/(69,44):subtraction|(20,40)/(93,73):generic_interaction|(25,0)/(88,0):a_only|(20,93)/(93,20):subtraction|(0,40)/(0,73):b_only|(25,25)/(88,88):addition|(40,0)/(73,0):a_only|(0,25)/(0,88):b_only|(40,93)/(73,20):generic_interaction|(20,73)/(93,40):generic_interaction|(40,20)/(73,93):generic_interaction|(49,0)/(64,0):a_only|(20,53)/(93,60):generic_interaction|(53,93)/(60,20):generic_interaction"
depth2_adamw,2,adamw,32000,checkpoints/depth_sweep_v2_depth_2_adamw_seed_0/step_032000.pt,0.003465763060376048,1.0,0.0051880814135074615,1.0,1.0,2,0.9219757914543152,0.4975981853515755,nan,0.4632022827884704,0.9219757359208873,0.0029181619532696003,0.0058084223985371145,0.01935302171217172,0.038521002806717095,0.015953582774322326,0.031754628086856085,0.0009747354913117967,0.001940151215404957,addition,0.9219757359208873,0.7530025689193999,0.9735730312362549,0.9940427952054629,0.9977737113346619,0.1038365918769177,2.483749977949434,"(20,20)/(93,93):addition|(44,44)/(69,69):addition|(20,0)/(93,0):a_only|(0,20)/(0,93):b_only|(40,40)/(73,73):addition|(44,0)/(69,0):a_only|(20,93)/(93,20):subtraction|(0,44)/(0,69):b_only|(53,53)/(60,60):addition|(0,40)/(0,73):b_only|(25,25)/(88,88):addition|(40,0)/(73,0):a_only|(33,33)/(80,80):addition|(13,13)/(100,100):addition|(44,69)/(69,44):subtraction|(25,0)/(88,0):a_only|(40,93)/(73,20):generic_interaction|(40,73)/(73,40):subtraction|(20,73)/(93,40):generic_interaction|(53,40)/(60,73):generic_interaction"
depth2_adamw,2,adamw,50000,checkpoints/depth_sweep_v2_depth_2_adamw_seed_0/step_050000.pt,1.0172020196914673,0.7832897901535034,1.140619158744812,0.6345228552818298,0.6791447997093201,nan,0.9284921884536743,0.4061823093874766,nan,0.551355010926392,0.9284920601770368,0.010852699441232608,0.01827614706129425,0.014337088992466784,0.024143923663975157,0.009499062958147769,0.015996598128205777,0.007773741851308862,0.013091125397915043,addition,0.9284920601770368,0.5957567866243715,0.9457098339692158,0.9745380033806765,0.9935598596276612,0.1327933229247216,3.201038719398473,"(25,25)/(88,88):addition|(44,44)/(69,69):addition|(44,0)/(69,0):a_only|(19,19)/(94,94):addition|(44,69)/(69,44):subtraction|(0,44)/(0,69):b_only|(25,88)/(88,25):subtraction|(25,0)/(88,0):a_only|(50,50)/(63,63):addition|(0,25)/(0,88):b_only|(38,38)/(75,75):addition|(0,50)/(0,63):b_only|(50,0)/(63,0):a_only|(19,69)/(94,44):generic_interaction|(19,44)/(94,69):generic_interaction|(44,94)/(69,19):generic_interaction|(44,19)/(69,94):generic_interaction|(25,69)/(88,44):generic_interaction|(44,88)/(69,25):generic_interaction|(6,6)/(107,107):addition"
depth2_adamw,2,adamw,75000,checkpoints/depth_sweep_v2_depth_2_adamw_seed_0/step_075000.pt,0.9782206416130066,0.7271540760993958,1.1420615911483765,0.5725472569465637,0.6189208030700684,nan,0.9156513214111328,0.37459523829487845,nan,0.5726526298458018,0.9156512148780338,0.014511674547673077,0.023203652156577815,0.01325879539657881,0.021200342895422875,0.010929112426089065,0.01747526257441919,0.014052486959584049,0.022469427513265076,addition,0.9156512148780338,0.6431152848645642,0.9368533485275296,0.9665034832446074,0.9911797458551346,0.13411945463016395,3.2384484005293617,"(25,25)/(88,88):addition|(44,44)/(69,69):addition|(44,69)/(69,44):subtraction|(44,0)/(69,0):a_only|(0,44)/(0,69):b_only|(38,38)/(75,75):addition|(19,19)/(94,94):addition|(19,44)/(94,69):generic_interaction|(44,19)/(69,94):generic_interaction|(0,25)/(0,88):b_only|(25,0)/(88,0):a_only|(25,88)/(88,25):subtraction|(50,0)/(63,0):a_only|(0,50)/(0,63):b_only|(44,94)/(69,19):generic_interaction|(19,69)/(94,44):generic_interaction|(50,50)/(63,63):addition|(6,6)/(107,107):addition|(25,69)/(88,44):generic_interaction|(31,31)/(82,82):addition"
depth2_adamw,2,adamw,100000,checkpoints/depth_sweep_v2_depth_2_adamw_seed_0/step_100000.pt,1.1354005336761475,0.575195848941803,1.304181456565857,0.45653876662254333,0.492129385471344,nan,0.8548362851142883,0.36290154554064946,nan,0.5446149017235651,0.8548362905523975,0.03165067502308137,0.049679407494331515,0.014790171380176327,0.023214890373458,0.012100028661515038,0.01899239918675117,0.033942697145678706,0.053277002203812374,addition,0.8548362905523975,0.5984361784543512,0.9303602757602158,0.9741403269135084,0.9918815433481085,0.15430369020520238,3.8649143384274427,"(25,25)/(88,88):addition|(44,44)/(69,69):addition|(44,69)/(69,44):subtraction|(44,19)/(69,94):generic_interaction|(19,44)/(94,69):generic_interaction|(44,0)/(69,0):a_only|(0,25)/(0,88):b_only|(25,0)/(88,0):a_only|(38,38)/(75,75):addition|(0,44)/(0,69):b_only|(25,88)/(88,25):subtraction|(19,19)/(94,94):addition|(50,0)/(63,0):a_only|(0,50)/(0,63):b_only|(19,69)/(94,44):generic_interaction|(44,94)/(69,19):generic_interaction|(12,12)/(101,101):addition|(6,6)/(107,107):addition|(50,50)/(63,63):addition|(25,69)/(88,44):generic_interaction"
depth2_muon,2,muon,0,checkpoints/depth_sweep_v2_depth_2_muon_seed_0/step_000000.pt,5.2187628746032715,0.008616187609732151,5.209828853607178,0.009844501502811909,0.009476074948906898,nan,0.0003870725631713867,0.9669432812592008,nan,1.2790150254456708e-05,0.00038691530017681065,7.8867047543049e-06,0.00023858099214702148,0.01850239968677618,0.5597167653527635,0.013766776604411415,0.41645925938257833,0.000766948637238829,0.023200991098134862,a_only,0.5597167653527635,0.01365356681277666,0.06552691779335991,0.12534560835597008,0.23548329293284537,0.559486500406914,134.55446017882392,"(41,0)/(72,0):a_only|(55,0)/(58,0):a_only|(27,0)/(86,0):a_only|(5,0)/(108,0):a_only|(14,0)/(99,0):a_only|(51,0)/(62,0):a_only|(7,0)/(106,0):a_only|(6,0)/(107,0):a_only|(25,0)/(88,0):a_only|(23,0)/(90,0):a_only|(26,0)/(87,0):a_only|(43,0)/(70,0):a_only|(30,0)/(83,0):a_only|(47,0)/(66,0):a_only|(8,0)/(105,0):a_only|(13,0)/(100,0):a_only|(0,13)/(0,100):b_only|(29,0)/(84,0):a_only|(0,27)/(0,86):b_only|(39,0)/(74,0):a_only"
depth2_muon,2,muon,2000,checkpoints/depth_sweep_v2_depth_2_muon_seed_0/step_002000.pt,0.0037182942032814026,0.9994778037071228,0.33053258061408997,0.9407092332839966,0.958336591720581,2,0.5487744212150574,0.03322201833014072,nan,0.530543093570649,0.5487745058981244,0.023243961279111523,0.024042709292870983,0.14437469956697532,0.14933594533448888,0.14954899607396197,0.15468804970339414,0.1190673907112057,0.12315898425208656,addition,0.5487745058981244,0.10610640998888182,0.46545401616629506,0.5894588821153984,0.7016293750791479,0.48306007334892653,68.8792555998702,"(52,52)/(61,61):addition|(5,5)/(108,108):addition|(20,20)/(93,93):addition|(11,11)/(102,102):addition|(22,22)/(91,91):addition|(7,7)/(106,106):addition|(12,12)/(101,101):addition|(0,22)/(0,91):b_only|(22,0)/(91,0):a_only|(0,7)/(0,106):b_only|(20,0)/(93,0):a_only|(0,20)/(0,93):b_only|(7,0)/(106,0):a_only|(0,5)/(0,108):b_only|(5,0)/(108,0):a_only|(0,11)/(0,102):b_only|(11,0)/(102,0):a_only|(0,52)/(0,61):b_only|(52,0)/(61,0):a_only|(0,44)/(0,69):b_only"
depth2_muon,2,muon,3000,checkpoints/depth_sweep_v2_depth_2_muon_seed_0/step_003000.pt,0.0030615534633398056,0.9986945390701294,0.09618203341960907,0.9749412536621094,0.9820659160614014,2,0.6860184669494629,0.018835800251103263,nan,0.6730967590814118,0.6860184781564075,0.013489370274245988,0.013748331338655632,0.09910447020022674,0.10100702002790868,0.09661330097724143,0.09846802679086687,0.09886034723458478,0.10075821053192882,addition,0.6860184781564075,0.243671080931966,0.6149314851891934,0.7347396102387548,0.8158535214474454,0.40412386855566557,34.49283208398711,"(5,5)/(108,108):addition|(52,52)/(61,61):addition|(7,7)/(106,106):addition|(11,11)/(102,102):addition|(22,22)/(91,91):addition|(20,20)/(93,93):addition|(22,0)/(91,0):a_only|(0,22)/(0,91):b_only|(11,0)/(102,0):a_only|(0,11)/(0,102):b_only|(7,0)/(106,0):a_only|(20,0)/(93,0):a_only|(0,20)/(0,93):b_only|(0,7)/(0,106):b_only|(44,0)/(69,0):a_only|(0,44)/(0,69):b_only|(14,0)/(99,0):a_only|(40,0)/(73,0):a_only|(22,91)/(91,22):subtraction|(0,14)/(0,99):b_only"
depth2_muon,2,muon,4000,checkpoints/depth_sweep_v2_depth_2_muon_seed_0/step_004000.pt,0.0007689811754971743,0.9997389316558838,0.05533187836408615,0.9853451251983643,0.9896624684333801,2,0.7106941938400269,0.02140985037511926,nan,0.6954783728151206,0.7106942412300497,0.012658859498598215,0.012935813531883372,0.08856966319354284,0.09050741480938752,0.09331867316422374,0.09536032493518408,0.08856457998183351,0.0905022203857649,addition,0.7106942412300497,0.24330032136802882,0.6531335940309179,0.7613526362112897,0.8301379528314248,0.3894244201803882,30.324670307841732,"(5,5)/(108,108):addition|(52,52)/(61,61):addition|(7,7)/(106,106):addition|(11,11)/(102,102):addition|(20,20)/(93,93):addition|(22,22)/(91,91):addition|(0,22)/(0,91):b_only|(22,0)/(91,0):a_only|(0,11)/(0,102):b_only|(11,0)/(102,0):a_only|(0,7)/(0,106):b_only|(7,0)/(106,0):a_only|(0,20)/(0,93):b_only|(20,0)/(93,0):a_only|(0,44)/(0,69):b_only|(44,0)/(69,0):a_only|(11,102)/(102,11):subtraction|(10,10)/(103,103):addition|(0,14)/(0,99):b_only|(14,0)/(99,0):a_only"
depth2_muon,2,muon,5000,checkpoints/depth_sweep_v2_depth_2_muon_seed_0/step_005000.pt,0.0008984573651105165,1.0,0.10219401866197586,0.9785211086273193,0.984963595867157,2,0.6770772933959961,0.041704498616365465,nan,0.6488401289592298,0.6770773177047729,0.023786324191361688,0.02482149278802591,0.09478931082712,0.09891449288880706,0.09539223017360343,0.0995436509751975,0.09548748357667318,0.0996430497573847,addition,0.6770773177047729,0.19100591765054456,0.6357654723255688,0.7235038794406653,0.8070970487744558,0.4061300947860488,35.10449512380946,"(5,5)/(108,108):addition|(52,52)/(61,61):addition|(20,20)/(93,93):addition|(7,7)/(106,106):addition|(22,22)/(91,91):addition|(11,11)/(102,102):addition|(22,0)/(91,0):a_only|(0,22)/(0,91):b_only|(11,102)/(102,11):subtraction|(0,11)/(0,102):b_only|(11,0)/(102,0):a_only|(20,0)/(93,0):a_only|(0,20)/(0,93):b_only|(7,0)/(106,0):a_only|(0,7)/(0,106):b_only|(40,0)/(73,0):a_only|(0,40)/(0,73):b_only|(44,0)/(69,0):a_only|(0,44)/(0,69):b_only|(10,10)/(103,103):addition"
depth2_muon,2,muon,9000,checkpoints/depth_sweep_v2_depth_2_muon_seed_0/step_009000.pt,1.8747967260424048e-05,1.0,0.025662876665592194,0.9932878613471985,0.9953011274337769,2,0.8464531302452087,0.05494584303652168,nan,0.7999441633903426,0.8464532829593304,0.00633782317568382,0.006706307114157344,0.03869047765376107,0.04093995972230134,0.037365638548664426,0.03953809386562811,0.06271616302683919,0.06636250943276961,addition,0.8464532829593304,0.33092093745797363,0.8037033705996558,0.8453420677712686,0.8832496543539705,0.30465433536093334,14.42906008324462,"(5,5)/(108,108):addition|(52,52)/(61,61):addition|(20,20)/(93,93):addition|(7,7)/(106,106):addition|(10,10)/(103,103):addition|(15,15)/(98,98):addition|(7,0)/(106,0):a_only|(0,7)/(0,106):b_only|(20,0)/(93,0):a_only|(9,9)/(104,104):addition|(25,25)/(88,88):addition|(0,20)/(0,93):b_only|(40,0)/(73,0):a_only|(9,0)/(104,0):a_only|(0,10)/(0,103):b_only|(10,0)/(103,0):a_only|(0,9)/(0,104):b_only|(0,40)/(0,73):b_only|(40,40)/(73,73):addition|(56,56)/(57,57):addition"
depth2_muon,2,muon,10000,checkpoints/depth_sweep_v2_depth_2_muon_seed_0/step_010000.pt,0.000656682183034718,1.0,0.014621162787079811,0.9959726929664612,0.997180700302124,2,0.9078792929649353,0.09247656535664954,nan,0.8239219219498853,0.9078794863141815,0.0040869624788819415,0.00450342356121744,0.021691078802422676,0.023901397639886728,0.022300031554599878,0.02457240261876612,0.035523625535551155,0.03914347955071789,addition,0.9078794863141815,0.4347672604602193,0.857981180467063,0.8991857607425969,0.9374749420360629,0.24195771592021878,8.330509839969897,"(52,52)/(61,61):addition|(20,20)/(93,93):addition|(5,5)/(108,108):addition|(9,9)/(104,104):addition|(40,40)/(73,73):addition|(32,32)/(81,81):addition|(0,9)/(0,104):b_only|(9,0)/(104,0):a_only|(41,41)/(72,72):addition|(10,10)/(103,103):addition|(15,15)/(98,98):addition|(25,25)/(88,88):addition|(56,56)/(57,57):addition|(47,47)/(66,66):addition|(0,52)/(0,61):b_only|(52,0)/(61,0):a_only|(0,40)/(0,73):b_only|(40,0)/(73,0):a_only|(20,0)/(93,0):a_only|(0,20)/(0,93):b_only"
depth2_muon,2,muon,25000,checkpoints/depth_sweep_v2_depth_2_muon_seed_0/step_025000.pt,0.02913624793291092,0.990078330039978,0.2438858598470688,0.9589439630508423,0.9682825803756714,2,0.8193913102149963,0.09598316300489719,nan,0.7407435515939206,0.8193913697076041,0.011250561867783906,0.012445080728663956,0.04520939610514438,0.05000946537912717,0.046863460974716775,0.05183914918285086,0.05994986889686554,0.06631499536309578,addition,0.8193913697076041,0.33665031699542447,0.7914448504474423,0.8503510388608553,0.9005256983673912,0.2943606991426513,13.184686262996875,"(52,52)/(61,61):addition|(20,20)/(93,93):addition|(5,5)/(108,108):addition|(9,9)/(104,104):addition|(40,40)/(73,73):addition|(0,9)/(0,104):b_only|(9,0)/(104,0):a_only|(5,0)/(108,0):a_only|(0,5)/(0,108):b_only|(0,40)/(0,73):b_only|(40,0)/(73,0):a_only|(32,32)/(81,81):addition|(10,10)/(103,103):addition|(52,61)/(61,52):subtraction|(41,41)/(72,72):addition|(10,0)/(103,0):a_only|(0,10)/(0,103):b_only|(20,93)/(93,20):subtraction|(5,108)/(108,5):subtraction|(52,43)/(61,70):generic_interaction"
depth2_muon,2,muon,50000,checkpoints/depth_sweep_v2_depth_2_muon_seed_0/step_050000.pt,0.016816450282931328,0.9997389316558838,0.06636486202478409,0.9810940623283386,0.9866865277290344,2,0.822700023651123,0.08639287724685822,nan,0.7516246118975977,0.8227000350353967,0.007641178689322892,0.008363746843715832,0.04595065903100283,0.050295863382206554,0.04288522483996224,0.04694055439358686,0.06550544398003454,0.0716997956218148,addition,0.8227000350353967,0.3725335791151552,0.7988601187228374,0.8732436757462706,0.9197415714875503,0.28062895591363374,11.69012733103666,"(9,9)/(104,104):addition|(5,5)/(108,108):addition|(18,18)/(95,95):addition|(4,4)/(109,109):addition|(14,14)/(99,99):addition|(52,52)/(61,61):addition|(0,18)/(0,95):b_only|(0,52)/(0,61):b_only|(52,0)/(61,0):a_only|(18,0)/(95,0):a_only|(9,0)/(104,0):a_only|(0,9)/(0,104):b_only|(9,27)/(104,86):generic_interaction|(5,0)/(108,0):a_only|(18,9)/(95,104):generic_interaction|(0,5)/(0,108):b_only|(9,104)/(104,9):subtraction|(9,18)/(104,95):generic_interaction|(27,9)/(86,104):generic_interaction|(52,61)/(61,52):subtraction"
depth2_muon,2,muon,67000,checkpoints/depth_sweep_v2_depth_2_muon_seed_0/step_067000.pt,0.010087935253977776,0.9994778037071228,0.34597793221473694,0.9103926420211792,0.937113344669342,nan,0.790152907371521,0.12290706924323365,nan,0.6930375942019228,0.7901529613413159,0.020838658895837418,0.023758780439449078,0.05801980339988141,0.06615011920911756,0.05544857673583669,0.06321858651901253,0.04974835736106903,0.05671959532870848,addition,0.7901529613413159,0.4662272649732338,0.8163846915794092,0.8775615482753771,0.9247194127056586,0.24270651220836156,8.38534279026472,"(10,10)/(103,103):addition|(9,9)/(104,104):addition|(0,9)/(0,104):b_only|(9,0)/(104,0):a_only|(5,5)/(108,108):addition|(0,10)/(0,103):b_only|(10,0)/(103,0):a_only|(10,103)/(103,10):subtraction|(20,0)/(93,0):a_only|(9,104)/(104,9):subtraction|(0,20)/(0,93):b_only|(18,0)/(95,0):a_only|(0,18)/(0,95):b_only|(5,0)/(108,0):a_only|(0,5)/(0,108):b_only|(18,18)/(95,95):addition|(20,20)/(93,93):addition|(5,108)/(108,5):subtraction|(20,10)/(93,103):generic_interaction|(10,20)/(103,93):generic_interaction"
depth2_muon,2,muon,75000,checkpoints/depth_sweep_v2_depth_2_muon_seed_0/step_075000.pt,0.1777360588312149,0.9342036843299866,0.7842669486999512,0.7789461612701416,0.8255149126052856,nan,0.8879785537719727,0.09215405854179158,nan,0.8061478097181812,0.8879786515092409,0.010147997708258352,0.011178105568069856,0.029557212529401612,0.03255752035523784,0.028609957611884056,0.031514111027379235,0.03338305098744262,0.036771713873981114,addition,0.8879786515092409,0.7343539639858321,0.9034723898828297,0.9346097790110748,0.9582155208543012,0.1564418687416988,3.9380011680999676,"(5,5)/(108,108):addition|(9,9)/(104,104):addition|(10,10)/(103,103):addition|(9,0)/(104,0):a_only|(0,9)/(0,104):b_only|(9,104)/(104,9):subtraction|(10,0)/(103,0):a_only|(0,10)/(0,103):b_only|(5,0)/(108,0):a_only|(0,5)/(0,108):b_only|(18,0)/(95,0):a_only|(0,18)/(0,95):b_only|(15,108)/(98,5):generic_interaction|(5,108)/(108,5):subtraction|(5,98)/(108,15):generic_interaction|(14,14)/(99,99):addition|(4,4)/(109,109):addition|(15,15)/(98,98):addition|(10,5)/(103,108):generic_interaction|(5,10)/(108,103):generic_interaction"
depth2_muon,2,muon,83000,checkpoints/depth_sweep_v2_depth_2_muon_seed_0/step_083000.pt,0.0005502115818671882,1.0,0.003319614101201296,0.9993287920951843,0.9995301365852356,2,0.9594557285308838,0.034805827940121235,nan,0.9260611506711686,0.9594558343878928,0.0016963455199156966,0.001757517422085235,0.010159905736122276,0.010526282015273643,0.009818252385936192,0.010172308306370476,0.017458571234244286,0.018088144631304447,addition,0.9594558343878928,0.671878633967225,0.9451452669777874,0.9692107651574811,0.9815176464021056,0.14742513181178693,3.638868145067908,"(5,5)/(108,108):addition|(9,9)/(104,104):addition|(10,10)/(103,103):addition|(18,18)/(95,95):addition|(14,14)/(99,99):addition|(4,4)/(109,109):addition|(10,0)/(103,0):a_only|(0,10)/(0,103):b_only|(18,0)/(95,0):a_only|(0,18)/(0,95):b_only|(5,98)/(108,15):generic_interaction|(15,108)/(98,5):generic_interaction|(20,20)/(93,93):addition|(15,5)/(98,108):generic_interaction|(5,15)/(108,98):generic_interaction|(5,108)/(108,5):subtraction|(24,24)/(89,89):addition|(5,10)/(108,103):generic_interaction|(6,6)/(107,107):addition|(27,9)/(86,104):generic_interaction"
depth2_muon,2,muon,100000,checkpoints/depth_sweep_v2_depth_2_muon_seed_0/step_100000.pt,0.02091175690293312,0.9942559003829956,0.31098565459251404,0.9139724969863892,0.9380530714988708,nan,0.8437093496322632,0.0869636249887086,nan,0.7703373924889143,0.8437094609686493,0.017392202286476165,0.019048751572047933,0.04899323508021938,0.053659677387706536,0.04798878704280502,0.05255955902336259,0.028324813052499006,0.031022657066339415,addition,0.8437094609686493,0.5326444074337466,0.8885333458690671,0.9352782638023425,0.9631631946844975,0.18786100936926078,5.185953148123412,"(10,10)/(103,103):addition|(9,9)/(104,104):addition|(0,10)/(0,103):b_only|(10,0)/(103,0):a_only|(9,0)/(104,0):a_only|(0,9)/(0,104):b_only|(9,104)/(104,9):subtraction|(10,103)/(103,10):subtraction|(20,20)/(93,93):addition|(20,0)/(93,0):a_only|(0,20)/(0,93):b_only|(18,0)/(95,0):a_only|(0,18)/(0,95):b_only|(18,18)/(95,95):addition|(20,10)/(93,103):generic_interaction|(10,20)/(103,93):generic_interaction|(30,30)/(83,83):addition|(10,93)/(103,20):generic_interaction|(20,103)/(93,10):generic_interaction|(30,103)/(83,10):generic_interaction"
depth2_stable_muon,2,stable_muon,0,checkpoints/depth_sweep_v2_depth_2_stable_muon_seed_0/step_000000.pt,5.2187628746032715,0.008616187609732151,5.209828853607178,0.009844501502811909,0.009476074948906898,nan,0.0003870725631713867,0.9669432812592008,nan,1.2790150254456708e-05,0.00038691530017681065,7.8867047543049e-06,0.00023858099214702148,0.01850239968677618,0.5597167653527635,0.013766776604411415,0.41645925938257833,0.000766948637238829,0.023200991098134862,a_only,0.5597167653527635,0.01365356681277666,0.06552691779335991,0.12534560835597008,0.23548329293284537,0.559486500406914,134.55446017882392,"(41,0)/(72,0):a_only|(55,0)/(58,0):a_only|(27,0)/(86,0):a_only|(5,0)/(108,0):a_only|(14,0)/(99,0):a_only|(51,0)/(62,0):a_only|(7,0)/(106,0):a_only|(6,0)/(107,0):a_only|(25,0)/(88,0):a_only|(23,0)/(90,0):a_only|(26,0)/(87,0):a_only|(43,0)/(70,0):a_only|(30,0)/(83,0):a_only|(47,0)/(66,0):a_only|(8,0)/(105,0):a_only|(13,0)/(100,0):a_only|(0,13)/(0,100):b_only|(29,0)/(84,0):a_only|(0,27)/(0,86):b_only|(39,0)/(74,0):a_only"
depth2_stable_muon,2,stable_muon,2000,checkpoints/depth_sweep_v2_depth_2_stable_muon_seed_0/step_002000.pt,0.0033123153261840343,0.9984334111213684,0.3025582432746887,0.9488757252693176,0.9637402892112732,2,0.5667150020599365,0.023229902542897016,nan,0.5535503201924211,0.5667150499034042,0.02658500859148459,0.027217262678790325,0.13344599622256315,0.13661965615409788,0.1364624470193117,0.13970784525173277,0.126726397940476,0.12974025000645065,addition,0.5667150499034042,0.11539881152531294,0.48181844756978676,0.6196626623360666,0.726841860844678,0.4754192706492469,64.41907448442925,"(47,47)/(66,66):addition|(20,20)/(93,93):addition|(11,11)/(102,102):addition|(22,22)/(91,91):addition|(10,10)/(103,103):addition|(7,7)/(106,106):addition|(5,5)/(108,108):addition|(20,0)/(93,0):a_only|(0,20)/(0,93):b_only|(0,47)/(0,66):b_only|(47,0)/(66,0):a_only|(0,22)/(0,91):b_only|(11,0)/(102,0):a_only|(7,0)/(106,0):a_only|(22,0)/(91,0):a_only|(0,7)/(0,106):b_only|(0,11)/(0,102):b_only|(10,0)/(103,0):a_only|(0,10)/(0,103):b_only|(0,14)/(0,99):b_only"
depth2_stable_muon,2,stable_muon,3000,checkpoints/depth_sweep_v2_depth_2_stable_muon_seed_0/step_003000.pt,0.000745658646337688,1.0,0.15476833283901215,0.9714733362197876,0.9800297617912292,2,0.6276298761367798,0.02797750716935633,nan,0.6100702852667619,0.6276298161837854,0.0202830129475559,0.020866814849638805,0.11414685503155947,0.11743232111376872,0.11208562712923034,0.11531176530127568,0.1154366407585988,0.11875923048524253,addition,0.6276298161837854,0.26522579691620396,0.5632342691774374,0.6691358543720479,0.7770025558126319,0.4340678892529652,44.84031286197104,"(47,47)/(66,66):addition|(7,7)/(106,106):addition|(11,11)/(102,102):addition|(10,10)/(103,103):addition|(5,5)/(108,108):addition|(20,20)/(93,93):addition|(22,22)/(91,91):addition|(20,0)/(93,0):a_only|(7,0)/(106,0):a_only|(0,20)/(0,93):b_only|(10,0)/(103,0):a_only|(0,10)/(0,103):b_only|(0,7)/(0,106):b_only|(0,22)/(0,91):b_only|(0,11)/(0,102):b_only|(22,0)/(91,0):a_only|(11,0)/(102,0):a_only|(0,5)/(0,108):b_only|(5,0)/(108,0):a_only|(14,0)/(99,0):a_only"
depth2_stable_muon,2,stable_muon,4000,checkpoints/depth_sweep_v2_depth_2_stable_muon_seed_0/step_004000.pt,0.0013026924571022391,0.9997389316558838,0.09564106166362762,0.9790804386138916,0.9852768182754517,2,0.6452844142913818,0.03016138618447839,nan,0.6258216799569322,0.6452843718058182,0.021550997995606933,0.02222122155362321,0.1048683788505581,0.10812972470613968,0.10882006559607754,0.11220430662112126,0.10877746573831332,0.11216038193244907,addition,0.6452843718058182,0.2775304980489566,0.5866403584522892,0.6859441839087618,0.7872233572007576,0.4208536738776176,39.938092388461094,"(47,47)/(66,66):addition|(7,7)/(106,106):addition|(11,11)/(102,102):addition|(20,20)/(93,93):addition|(5,5)/(108,108):addition|(10,10)/(103,103):addition|(22,22)/(91,91):addition|(20,0)/(93,0):a_only|(0,20)/(0,93):b_only|(0,11)/(0,102):b_only|(11,0)/(102,0):a_only|(0,10)/(0,103):b_only|(7,0)/(106,0):a_only|(10,0)/(103,0):a_only|(0,5)/(0,108):b_only|(0,22)/(0,91):b_only|(0,7)/(0,106):b_only|(5,0)/(108,0):a_only|(22,0)/(91,0):a_only|(11,102)/(102,11):subtraction"
depth2_stable_muon,2,stable_muon,5000,checkpoints/depth_sweep_v2_depth_2_stable_muon_seed_0/step_005000.pt,0.0015746778808534145,0.9992167353630066,0.08036521077156067,0.9815415740013123,0.9868431091308594,2,0.652475118637085,0.03482335653690617,nan,0.6297538791501199,0.6524752449489601,0.01920420863268527,0.0198970917790493,0.1088183603882098,0.11274450019277488,0.11364386454539803,0.1177441073586929,0.0937564186301251,0.09713912726315357,addition,0.6524752449489601,0.31915739951122074,0.5931746574148604,0.7086485431188737,0.8157333712325,0.39721079071077325,32.46563867903725,"(47,47)/(66,66):addition|(7,7)/(106,106):addition|(11,11)/(102,102):addition|(10,10)/(103,103):addition|(20,20)/(93,93):addition|(5,5)/(108,108):addition|(0,20)/(0,93):b_only|(20,0)/(93,0):a_only|(0,10)/(0,103):b_only|(0,11)/(0,102):b_only|(10,0)/(103,0):a_only|(11,0)/(102,0):a_only|(5,0)/(108,0):a_only|(0,5)/(0,108):b_only|(7,0)/(106,0):a_only|(0,7)/(0,106):b_only|(19,19)/(94,94):addition|(0,22)/(0,91):b_only|(22,0)/(91,0):a_only|(20,93)/(93,20):subtraction"
depth2_stable_muon,2,stable_muon,6000,checkpoints/depth_sweep_v2_depth_2_stable_muon_seed_0/step_006000.pt,0.0010795502457767725,0.9994778037071228,0.11780378967523575,0.9789685606956482,0.9851202368736267,2,0.651174783706665,0.05093285645566776,nan,0.6180085836809408,0.6511747800437875,0.022455755756590496,0.023660871712202707,0.10758628448570479,0.11336003574325065,0.11025333065312753,0.11617021224774843,0.09076320908414208,0.09563412915628282,addition,0.6511747800437875,0.269066925919511,0.6072048720033627,0.7180823286350435,0.8241942344855098,0.39716874604543473,32.45368130506911,"(47,47)/(66,66):addition|(7,7)/(106,106):addition|(11,11)/(102,102):addition|(10,10)/(103,103):addition|(5,5)/(108,108):addition|(20,20)/(93,93):addition|(0,20)/(0,93):b_only|(11,0)/(102,0):a_only|(20,0)/(93,0):a_only|(0,11)/(0,102):b_only|(0,5)/(0,108):b_only|(10,0)/(103,0):a_only|(5,0)/(108,0):a_only|(0,10)/(0,103):b_only|(0,7)/(0,106):b_only|(7,0)/(106,0):a_only|(0,14)/(0,99):b_only|(10,103)/(103,10):subtraction|(20,93)/(93,20):subtraction|(5,108)/(108,5):subtraction"
depth2_stable_muon,2,stable_muon,25000,checkpoints/depth_sweep_v2_depth_2_stable_muon_seed_0/step_025000.pt,0.0009570348192937672,0.9997389316558838,0.15236680209636688,0.9757243394851685,0.9829273819923401,2,0.7256389856338501,0.06834790661784892,nan,0.6760431446517412,0.7256390333978389,0.012474659080577414,0.013389825233507681,0.07489650032384254,0.08039105866219666,0.08207877666000028,0.08810024127782759,0.08615901497967951,0.0924798141109344,addition,0.7256390333978389,0.3303654594987261,0.694209285449368,0.7779898231057076,0.8419462321682009,0.3587796797375149,23.18408734223968,"(47,47)/(66,66):addition|(11,11)/(102,102):addition|(7,7)/(106,106):addition|(5,5)/(108,108):addition|(10,10)/(103,103):addition|(20,20)/(93,93):addition|(20,0)/(93,0):a_only|(0,20)/(0,93):b_only|(10,0)/(103,0):a_only|(0,10)/(0,103):b_only|(0,5)/(0,108):b_only|(5,0)/(108,0):a_only|(0,7)/(0,106):b_only|(7,0)/(106,0):a_only|(0,19)/(0,94):b_only|(19,19)/(94,94):addition|(22,22)/(91,91):addition|(10,103)/(103,10):subtraction|(20,93)/(93,20):subtraction|(19,0)/(94,0):a_only"
depth2_stable_muon,2,stable_muon,29000,checkpoints/depth_sweep_v2_depth_2_stable_muon_seed_0/step_029000.pt,0.0009443082381039858,0.9997389316558838,0.0407697893679142,0.9916098117828369,0.9940480589866638,2,0.730940580368042,0.03368456969262715,nan,0.7063192665864645,0.7309406864724709,0.015189094883103481,0.015718568027185558,0.07644248976097638,0.07910718082431488,0.08223965665038031,0.08510642981296987,0.08612505090675117,0.08912726412872224,addition,0.7309406864724709,0.32043412698609675,0.6881457632417973,0.7778561715549475,0.8498731976784005,0.3598494051590842,23.402400576410766,"(47,47)/(66,66):addition|(11,11)/(102,102):addition|(7,7)/(106,106):addition|(5,5)/(108,108):addition|(20,20)/(93,93):addition|(10,10)/(103,103):addition|(20,0)/(93,0):a_only|(0,20)/(0,93):b_only|(0,5)/(0,108):b_only|(5,0)/(108,0):a_only|(10,0)/(103,0):a_only|(0,10)/(0,103):b_only|(7,0)/(106,0):a_only|(0,7)/(0,106):b_only|(0,19)/(0,94):b_only|(19,19)/(94,94):addition|(20,93)/(93,20):subtraction|(22,22)/(91,91):addition|(0,14)/(0,99):b_only|(10,103)/(103,10):subtraction"
depth2_stable_muon,2,stable_muon,50000,checkpoints/depth_sweep_v2_depth_2_stable_muon_seed_0/step_050000.pt,8.719947800273076e-05,1.0,0.06898064911365509,0.9837789535522461,0.9886443614959717,2,0.7370363473892212,0.047408755542760216,nan,0.7020943397842785,0.7370362891248173,0.011644535147025114,0.012224062333252668,0.06953134065679031,0.07299178812821674,0.08038738380679407,0.08438811666195209,0.08893360551408752,0.09335966817042443,addition,0.7370362891248173,0.2610978780609973,0.7093264167425631,0.7814338766179431,0.8429125928539077,0.36154229480666744,23.752099898821683,"(47,47)/(66,66):addition|(11,11)/(102,102):addition|(7,7)/(106,106):addition|(10,10)/(103,103):addition|(5,5)/(108,108):addition|(0,10)/(0,103):b_only|(10,0)/(103,0):a_only|(0,5)/(0,108):b_only|(0,20)/(0,93):b_only|(5,0)/(108,0):a_only|(20,0)/(93,0):a_only|(22,22)/(91,91):addition|(20,20)/(93,93):addition|(0,7)/(0,106):b_only|(7,0)/(106,0):a_only|(19,19)/(94,94):addition|(10,103)/(103,10):subtraction|(0,19)/(0,94):b_only|(19,0)/(94,0):a_only|(0,22)/(0,91):b_only"
depth2_stable_muon,2,stable_muon,72000,checkpoints/depth_sweep_v2_depth_2_stable_muon_seed_0/step_072000.pt,0.0004110188747290522,1.0,0.06787464767694473,0.9866875410079956,0.9906805753707886,2,0.77386873960495,0.04126280870016442,nan,0.7419367688447023,0.7738687439156581,0.009752891007403012,0.010172642508603148,0.06440286546092408,0.06717467942237342,0.0685323821197697,0.07148192500441376,0.07411231526453091,0.07730201107535165,addition,0.7738687439156581,0.3374883368035247,0.7401631964444758,0.8121993053262712,0.8681533401573102,0.3328449380759939,18.471659036924446,"(47,47)/(66,66):addition|(11,11)/(102,102):addition|(7,7)/(106,106):addition|(5,5)/(108,108):addition|(10,10)/(103,103):addition|(22,22)/(91,91):addition|(0,10)/(0,103):b_only|(10,0)/(103,0):a_only|(0,5)/(0,108):b_only|(5,0)/(108,0):a_only|(19,19)/(94,94):addition|(7,0)/(106,0):a_only|(0,7)/(0,106):b_only|(0,19)/(0,94):b_only|(19,0)/(94,0):a_only|(0,20)/(0,93):b_only|(20,0)/(93,0):a_only|(14,0)/(99,0):a_only|(11,0)/(102,0):a_only|(5,108)/(108,5):subtraction"
depth2_stable_muon,2,stable_muon,75000,checkpoints/depth_sweep_v2_depth_2_stable_muon_seed_0/step_075000.pt,0.004889720119535923,0.9981723427772522,0.10965550690889359,0.9828839898109436,0.9874696731567383,2,0.7739915251731873,0.039515390878129324,nan,0.7434069624025929,0.7739915489322222,0.011824244052036467,0.012310706559985268,0.06302874763583596,0.06562182018346492,0.06813946545568088,0.07094279859985361,0.0740852139311058,0.0771331617586578,addition,0.7739915489322222,0.2853202906172409,0.7487289995979546,0.8187391374285476,0.8696700921126628,0.33362888682325625,18.598970314735983,"(47,47)/(66,66):addition|(11,11)/(102,102):addition|(7,7)/(106,106):addition|(5,5)/(108,108):addition|(10,10)/(103,103):addition|(0,5)/(0,108):b_only|(5,0)/(108,0):a_only|(22,22)/(91,91):addition|(0,10)/(0,103):b_only|(10,0)/(103,0):a_only|(7,0)/(106,0):a_only|(0,7)/(0,106):b_only|(19,19)/(94,94):addition|(47,0)/(66,0):a_only|(5,108)/(108,5):subtraction|(0,19)/(0,94):b_only|(0,14)/(0,99):b_only|(0,20)/(0,93):b_only|(20,0)/(93,0):a_only|(14,0)/(99,0):a_only"
depth2_stable_muon,2,stable_muon,100000,checkpoints/depth_sweep_v2_depth_2_stable_muon_seed_0/step_100000.pt,0.00022090785205364227,1.0,0.035502586513757706,0.9899317622184753,0.9929516911506653,2,0.7642413377761841,0.03138033643296943,nan,0.7402591556982407,0.7642413131093682,0.010926396110186844,0.011280378292553324,0.0637368437114101,0.06580172464805137,0.0754023777329666,0.07784518668446092,0.07829486579549141,0.08083138261063229,addition,0.7642413131093682,0.2831771504618127,0.7342553597836382,0.8075256691027182,0.8650360677642441,0.34530311775199457,20.602049875862175,"(47,47)/(66,66):addition|(11,11)/(102,102):addition|(5,5)/(108,108):addition|(7,7)/(106,106):addition|(10,10)/(103,103):addition|(0,5)/(0,108):b_only|(0,10)/(0,103):b_only|(5,0)/(108,0):a_only|(22,22)/(91,91):addition|(10,0)/(103,0):a_only|(0,7)/(0,106):b_only|(7,0)/(106,0):a_only|(19,19)/(94,94):addition|(0,19)/(0,94):b_only|(0,20)/(0,93):b_only|(0,22)/(0,91):b_only|(20,0)/(93,0):a_only|(5,108)/(108,5):subtraction|(19,0)/(94,0):a_only|(11,0)/(102,0):a_only"
depth4_adamw,4,adamw,0,checkpoints/depth_sweep_v2_depth_4_adamw_seed_0/step_000000.pt,5.319661617279053,0.008355091325938702,5.3094072341918945,0.008725808002054691,0.008614613674581051,nan,0.0005173087120056152,0.9210238767973634,nan,4.0855842653841e-05,0.000517318918643465,2.6722737953555887e-05,0.0003383647724134397,0.0473724969171266,0.5998331520474673,0.02879060632315266,0.3645482350315154,0.0027454815478099776,0.03476343781481442,a_only,0.5998331520474673,0.015199991304774018,0.0686972595884427,0.1317126736295645,0.24887585901340628,0.5679521480270544,144.9141099243458,"(6,0)/(107,0):a_only|(47,0)/(66,0):a_only|(4,0)/(109,0):a_only|(41,0)/(72,0):a_only|(26,0)/(87,0):a_only|(25,0)/(88,0):a_only|(7,0)/(106,0):a_only|(8,0)/(105,0):a_only|(30,0)/(83,0):a_only|(11,0)/(102,0):a_only|(45,0)/(68,0):a_only|(2,0)/(111,0):a_only|(51,0)/(62,0):a_only|(38,0)/(75,0):a_only|(1,0)/(112,0):a_only|(20,0)/(93,0):a_only|(39,0)/(74,0):a_only|(29,0)/(84,0):a_only|(5,0)/(108,0):a_only|(43,0)/(70,0):a_only"
depth4_adamw,4,adamw,25000,checkpoints/depth_sweep_v2_depth_4_adamw_seed_0/step_025000.pt,1.028900146484375,0.715143620967865,1.0927919149398804,0.6224409937858582,0.6502466797828674,nan,0.9740918874740601,0.34752073605928213,nan,0.6355747909006438,0.97409193828172,0.003467363347140996,0.00531413569559205,0.003690794651598871,0.0056565700330581,0.002208167621610117,0.0033842724874866585,0.007538176003477248,0.011553127310053707,addition,0.97409193828172,0.6065250843061126,0.9695231441180059,0.9813290295123597,0.9938877477999051,0.11103915826503918,2.6455398658262292,"(10,10)/(103,103):addition|(5,5)/(108,108):addition|(15,15)/(98,98):addition|(20,20)/(93,93):addition|(30,30)/(83,83):addition|(10,103)/(103,10):subtraction|(5,0)/(108,0):a_only|(5,108)/(108,5):subtraction|(25,25)/(88,88):addition|(15,5)/(98,108):generic_interaction|(20,0)/(93,0):a_only|(15,10)/(98,103):generic_interaction|(5,15)/(108,98):generic_interaction|(5,10)/(108,103):generic_interaction|(0,20)/(0,93):b_only|(10,5)/(103,108):generic_interaction|(0,5)/(0,108):b_only|(15,108)/(98,5):generic_interaction|(35,35)/(78,78):addition|(10,0)/(103,0):a_only"
depth4_adamw,4,adamw,50000,checkpoints/depth_sweep_v2_depth_4_adamw_seed_0/step_050000.pt,4.718595027923584,0.011227154172956944,4.744393348693848,0.007830853573977947,0.008849557489156723,nan,-3.126361846923828,1.0,nan,1.6612745818722173e-29,0.0,1.413307757563399e-29,0.0,3.300116027210706e-14,0.0,3.3461722982826393e-14,0.0,1.1098992479871288e-27,0.0,addition,0.0,0.0,0.0,0.0,0.0,0.5169851591446699,92.7206670301208,"(23,0)/(90,0):a_only|(0,45)/(0,68):b_only|(45,0)/(68,0):a_only|(0,23)/(0,90):b_only|(0,54)/(0,59):b_only|(54,0)/(59,0):a_only|(11,0)/(102,0):a_only|(0,56)/(0,57):b_only|(0,5)/(0,108):b_only|(0,11)/(0,102):b_only|(0,36)/(0,77):b_only|(5,0)/(108,0):a_only|(36,0)/(77,0):a_only|(0,6)/(0,107):b_only|(6,0)/(107,0):a_only|(56,0)/(57,0):a_only|(27,0)/(86,0):a_only|(0,9)/(0,104):b_only|(0,39)/(0,74):b_only|(35,0)/(78,0):a_only"
depth4_adamw,4,adamw,56000,checkpoints/depth_sweep_v2_depth_4_adamw_seed_0/step_056000.pt,2.590855360031128,0.24334204196929932,2.647611618041992,0.17932654917240143,0.19852767884731293,nan,0.8967583179473877,0.05337719829761419,nan,0.8488918648853375,0.8967582928545406,0.0010418858075868652,0.001100634576451234,0.01529600443061134,0.01615849955464385,0.013426061056405997,0.014183115766258102,0.0679669419320864,0.07179939087506061,addition,0.8967582928545406,0.8846065251044395,0.915611574056083,0.9242561293092015,0.9292797545809826,0.11461385788831907,2.7297091430880553,"(28,28)/(85,85):addition|(56,56)/(57,57):addition|(28,0)/(85,0):a_only|(0,28)/(0,85):b_only|(56,28)/(57,85):generic_interaction|(28,56)/(85,57):generic_interaction|(29,29)/(84,84):addition|(28,85)/(85,28):subtraction|(28,94)/(85,19):generic_interaction|(28,75)/(85,38):generic_interaction|(28,112)/(85,1):generic_interaction|(19,85)/(94,28):generic_interaction|(28,103)/(85,10):generic_interaction|(28,57)/(85,56):generic_interaction|(28,33)/(85,80):generic_interaction|(28,17)/(85,96):generic_interaction|(28,23)/(85,90):generic_interaction|(28,51)/(85,62):generic_interaction|(28,67)/(85,46):generic_interaction|(28,102)/(85,11):generic_interaction"
depth4_adamw,4,adamw,75000,checkpoints/depth_sweep_v2_depth_4_adamw_seed_0/step_075000.pt,2.4997756481170654,0.2574412524700165,2.60709285736084,0.18928292393684387,0.20972667634487152,nan,0.7673618197441101,0.40167824171617234,nan,0.4591292612743798,0.7673618411764477,0.0018182302561564557,0.00303888389333812,0.012497132029379644,0.020886976832781207,0.01784363288968607,0.02982280621692579,0.10703347080541123,0.17888949398862702,addition,0.7673618411764477,0.7473513649337512,0.7953693495843719,0.8098971266297419,0.8216485438445288,0.25137356797602106,9.04689965512467,"(28,28)/(85,85):addition|(56,56)/(57,57):addition|(0,28)/(0,85):b_only|(28,56)/(85,57):generic_interaction|(28,0)/(85,0):a_only|(56,28)/(57,85):generic_interaction|(56,84)/(57,29):generic_interaction|(29,29)/(84,84):addition|(0,56)/(0,57):b_only|(28,84)/(85,29):generic_interaction|(29,85)/(84,28):generic_interaction|(38,28)/(75,85):generic_interaction|(1,1)/(112,112):addition|(28,85)/(85,28):subtraction|(56,57)/(57,56):subtraction|(28,38)/(85,75):generic_interaction|(29,57)/(84,56):generic_interaction|(56,0)/(57,0):a_only|(28,57)/(85,56):generic_interaction|(18,28)/(95,85):generic_interaction"
depth4_adamw,4,adamw,100000,checkpoints/depth_sweep_v3_depth_4_adamw_seed_0_to_300k/step_100000.pt,2.2552924156188965,0.18616187572479248,2.4296696186065674,0.13536189496517181,0.15059910714626312,nan,0.8261725902557373,0.4023418851635209,nan,0.4937687326413025,0.8261726020085346,0.0015233141491318289,0.0025488054043691544,0.008222769685000866,0.01375831756303034,0.011480681460981872,0.0192094473554706,0.08266257599662706,0.13831081432504022,addition,0.8261726020085346,0.7955395184656345,0.8370447339981746,0.8528380741371916,0.8639847567139156,0.2070564224096929,6.135767833531451,"(28,28)/(85,85):addition|(56,56)/(57,57):addition|(0,28)/(0,85):b_only|(29,29)/(84,84):addition|(28,56)/(85,57):generic_interaction|(28,0)/(85,0):a_only|(56,28)/(57,85):generic_interaction|(0,56)/(0,57):b_only|(28,84)/(85,29):generic_interaction|(29,85)/(84,28):generic_interaction|(56,0)/(57,0):a_only|(29,57)/(84,56):generic_interaction|(56,57)/(57,56):subtraction|(56,84)/(57,29):generic_interaction|(56,112)/(57,1):generic_interaction|(1,57)/(112,56):generic_interaction|(38,28)/(75,85):generic_interaction|(28,38)/(85,75):generic_interaction|(1,1)/(112,112):addition|(38,57)/(75,56):generic_interaction"
depth4_adamw,4,adamw,125000,checkpoints/depth_sweep_v3_depth_4_adamw_seed_0_to_300k/step_125000.pt,2.3903379440307617,0.27545690536499023,2.5271949768066406,0.21277548372745514,0.23157647252082825,nan,0.8699480295181274,0.3337799234889269,nan,0.5795767599107257,0.8699479051215482,0.0018101275453388716,0.002717011403826684,0.011173332088737819,0.01677123293439523,0.011420141928158092,0.017141695861169804,0.06223961204622362,0.09342200008766795,addition,0.8699479051215482,0.829966402030372,0.8742613706460364,0.88568347726008,0.8953945663462614,0.16580413113143153,4.2746456419572665,"(28,28)/(85,85):addition|(56,56)/(57,57):addition|(29,29)/(84,84):addition|(28,0)/(85,0):a_only|(0,28)/(0,85):b_only|(0,56)/(0,57):b_only|(56,0)/(57,0):a_only|(28,56)/(85,57):generic_interaction|(56,28)/(57,85):generic_interaction|(28,85)/(85,28):subtraction|(28,84)/(85,29):generic_interaction|(29,57)/(84,56):generic_interaction|(29,85)/(84,28):generic_interaction|(1,1)/(112,112):addition|(56,84)/(57,29):generic_interaction|(1,57)/(112,56):generic_interaction|(56,112)/(57,1):generic_interaction|(56,57)/(57,56):subtraction|(10,0)/(103,0):a_only|(19,0)/(94,0):a_only"
depth4_adamw,4,adamw,150000,checkpoints/depth_sweep_v3_depth_4_adamw_seed_0_to_300k/step_150000.pt,1.9854834079742432,0.37597912549972534,2.1517856121063232,0.28895848989486694,0.3150599002838135,nan,0.8509883880615234,0.3557683622515391,nan,0.5482335493113778,0.8509881970742956,0.0015470427358017559,0.002401376402794873,0.007800631559551301,0.012108426044413997,0.011051658286013628,0.017154788814564715,0.07559861601739067,0.11734694096477488,addition,0.8509881970742956,0.8100065909126505,0.859112361477124,0.8716306922517943,0.8818349319113011,0.1859246417242923,5.098712569792847,"(28,28)/(85,85):addition|(56,56)/(57,57):addition|(0,28)/(0,85):b_only|(29,29)/(84,84):addition|(28,56)/(85,57):generic_interaction|(28,0)/(85,0):a_only|(28,84)/(85,29):generic_interaction|(0,56)/(0,57):b_only|(56,28)/(57,85):generic_interaction|(29,85)/(84,28):generic_interaction|(56,0)/(57,0):a_only|(1,1)/(112,112):addition|(56,57)/(57,56):subtraction|(29,57)/(84,56):generic_interaction|(56,112)/(57,1):generic_interaction|(28,85)/(85,28):subtraction|(1,57)/(112,56):generic_interaction|(28,38)/(85,75):generic_interaction|(38,28)/(75,85):generic_interaction|(56,84)/(57,29):generic_interaction"
depth4_adamw,4,adamw,175000,checkpoints/depth_sweep_v3_depth_4_adamw_seed_0_to_300k/step_175000.pt,2.4918529987335205,0.27362924814224243,2.6260762214660645,0.20550397038459778,0.22593781352043152,nan,0.7293169498443604,0.34750822546419635,nan,0.475873383480092,0.7293170612283018,0.0032557720778204013,0.004989751909342651,0.018588509206046742,0.028488495842374405,0.019826182941479604,0.030385337739444095,0.13494801054012448,0.20681948157297358,addition,0.7293170612283018,0.7025463973267653,0.7503249053260855,0.7703613043350788,0.7875941504888718,0.2866461267973611,12.32296274967793,"(28,28)/(85,85):addition|(56,56)/(57,57):addition|(0,28)/(0,85):b_only|(28,0)/(85,0):a_only|(28,56)/(85,57):generic_interaction|(56,28)/(57,85):generic_interaction|(0,56)/(0,57):b_only|(29,29)/(84,84):addition|(28,85)/(85,28):subtraction|(28,84)/(85,29):generic_interaction|(56,0)/(57,0):a_only|(29,85)/(84,28):generic_interaction|(38,28)/(75,85):generic_interaction|(28,57)/(85,56):generic_interaction|(29,0)/(84,0):a_only|(56,85)/(57,28):generic_interaction|(28,38)/(85,75):generic_interaction|(28,103)/(85,10):generic_interaction|(10,85)/(103,28):generic_interaction|(56,84)/(57,29):generic_interaction"
depth4_adamw,4,adamw,200000,checkpoints/depth_sweep_v3_depth_4_adamw_seed_0_to_300k/step_200000.pt,3.0156242847442627,0.16057440638542175,3.1995904445648193,0.12316814064979553,0.13438796997070312,nan,0.8190460205078125,0.32835780946465204,nan,0.5501057981776591,0.8190459517137888,0.001285527594920807,0.0019140066800317735,0.017335971922673662,0.025811321511837897,0.00918915999945495,0.013681630555679385,0.09372563552831374,0.13954697915486364,addition,0.8190459517137888,0.6341623846845931,0.8108639740931172,0.8213551271359996,0.8338847272052383,0.26873604193511746,10.533327789441552,"(28,28)/(85,85):addition|(56,56)/(57,57):addition|(29,29)/(84,84):addition|(1,1)/(112,112):addition|(27,27)/(86,86):addition|(55,55)/(58,58):addition|(30,30)/(83,83):addition|(29,0)/(84,0):a_only|(56,85)/(57,28):generic_interaction|(56,0)/(57,0):a_only|(0,56)/(0,57):b_only|(56,28)/(57,85):generic_interaction|(6,0)/(107,0):a_only|(18,0)/(95,0):a_only|(19,0)/(94,0):a_only|(28,56)/(85,57):generic_interaction|(10,0)/(103,0):a_only|(28,85)/(85,28):subtraction|(36,0)/(77,0):a_only|(28,84)/(85,29):generic_interaction"
depth4_adamw,4,adamw,225000,checkpoints/depth_sweep_v3_depth_4_adamw_seed_0_to_300k/step_225000.pt,2.5951120853424072,0.215665802359581,2.7218754291534424,0.16590222716331482,0.18082857131958008,nan,0.7945382595062256,0.19460764091456578,nan,0.6399149984473119,0.7945381879081539,0.0015778253847937914,0.0019590766353521634,0.03233497329246537,0.04014809958852576,0.021052599095932736,0.026139555998883936,0.11051190957248455,0.13721499353358452,addition,0.7945381879081539,0.5585399557365329,0.81629453595957,0.8498539185699497,0.8688740205042199,0.26299665677506945,10.016747025147763,"(28,28)/(85,85):addition|(56,56)/(57,57):addition|(29,29)/(84,84):addition|(0,28)/(0,85):b_only|(28,0)/(85,0):a_only|(56,28)/(57,85):generic_interaction|(28,56)/(85,57):generic_interaction|(1,1)/(112,112):addition|(27,27)/(86,86):addition|(56,84)/(57,29):generic_interaction|(29,57)/(84,56):generic_interaction|(18,0)/(95,0):a_only|(56,0)/(57,0):a_only|(10,28)/(103,85):generic_interaction|(10,0)/(103,0):a_only|(29,0)/(84,0):a_only|(38,28)/(75,85):generic_interaction|(56,85)/(57,28):generic_interaction|(46,28)/(67,85):generic_interaction|(29,85)/(84,28):generic_interaction"
depth4_adamw,4,adamw,250000,checkpoints/depth_sweep_v3_depth_4_adamw_seed_0_to_300k/step_250000.pt,2.4198317527770996,0.2519582211971283,2.5327773094177246,0.19767311215400696,0.21395567059516907,nan,0.840278685092926,0.1594647636772148,nan,0.7062838841877135,0.8402787002534149,0.0007780627167710878,0.0009256752744910272,0.02770837508564274,0.03296515455662015,0.011949578294940737,0.014216629237968804,0.09381536004161224,0.11161382917611731,addition,0.8402787002534149,0.6410242030010792,0.8478158072671095,0.8767082036498388,0.8934294466186884,0.22268405664025856,7.036124542264197,"(28,28)/(85,85):addition|(56,56)/(57,57):addition|(29,29)/(84,84):addition|(28,0)/(85,0):a_only|(56,28)/(57,85):generic_interaction|(0,28)/(0,85):b_only|(1,1)/(112,112):addition|(28,56)/(85,57):generic_interaction|(27,27)/(86,86):addition|(29,57)/(84,56):generic_interaction|(56,84)/(57,29):generic_interaction|(18,0)/(95,0):a_only|(10,28)/(103,85):generic_interaction|(29,0)/(84,0):a_only|(46,28)/(67,85):generic_interaction|(55,55)/(58,58):addition|(38,28)/(75,85):generic_interaction|(56,0)/(57,0):a_only|(10,0)/(103,0):a_only|(18,28)/(95,85):generic_interaction"
depth4_adamw,4,adamw,275000,checkpoints/depth_sweep_v3_depth_4_adamw_seed_0_to_300k/step_275000.pt,2.5935943126678467,0.12114882469177246,2.7331085205078125,0.0962076261639595,0.10368862003087997,nan,0.830916166305542,0.20391725774041713,nan,0.6614780670249096,0.8309162250489007,0.0012788775406678166,0.0016064630882939128,0.03172365188823752,0.039849691752133494,0.016439465719261685,0.02065044856091251,0.08516273014103945,0.10697723442580294,addition,0.8309162250489007,0.6118273514964192,0.8442547928955659,0.871813596184796,0.8888199996297134,0.23079218551392205,7.554151691956295,"(28,28)/(85,85):addition|(56,56)/(57,57):addition|(29,29)/(84,84):addition|(28,0)/(85,0):a_only|(0,28)/(0,85):b_only|(56,28)/(57,85):generic_interaction|(28,56)/(85,57):generic_interaction|(1,1)/(112,112):addition|(27,27)/(86,86):addition|(29,57)/(84,56):generic_interaction|(18,0)/(95,0):a_only|(10,0)/(103,0):a_only|(56,84)/(57,29):generic_interaction|(10,28)/(103,85):generic_interaction|(46,28)/(67,85):generic_interaction|(38,28)/(75,85):generic_interaction|(12,0)/(101,0):a_only|(18,28)/(95,85):generic_interaction|(55,55)/(58,58):addition|(56,0)/(57,0):a_only"
depth4_adamw,4,adamw,300000,checkpoints/depth_sweep_v3_depth_4_adamw_seed_0_to_300k/step_300000.pt,4.471990585327148,0.016971278935670853,4.607696056365967,0.016444792971014977,0.016602709889411926,nan,0.8365199565887451,0.18828818662810795,nan,0.6790132520535682,0.836520117440717,0.001017583552983278,0.0012536266570245954,0.020768301201628675,0.02558580662113501,0.017956450362242686,0.02212170663888109,0.09295634589896959,0.11451890394347028,addition,0.836520117440717,0.538323497343015,0.8465562244914,0.8763191352803941,0.8920027096807334,0.24287790759946495,8.397944429422047,"(28,28)/(85,85):addition|(56,56)/(57,57):addition|(29,29)/(84,84):addition|(0,28)/(0,85):b_only|(28,0)/(85,0):a_only|(28,56)/(85,57):generic_interaction|(56,28)/(57,85):generic_interaction|(1,1)/(112,112):addition|(56,84)/(57,29):generic_interaction|(27,27)/(86,86):addition|(29,57)/(84,56):generic_interaction|(55,55)/(58,58):addition|(0,56)/(0,57):b_only|(28,84)/(85,29):generic_interaction|(29,1)/(84,112):generic_interaction|(18,0)/(95,0):a_only|(10,28)/(103,85):generic_interaction|(56,0)/(57,0):a_only|(10,0)/(103,0):a_only|(18,28)/(95,85):generic_interaction"
depth4_muon,4,muon,0,checkpoints/depth_sweep_v2_depth_4_muon_seed_0/step_000000.pt,5.319661617279053,0.008355091325938702,5.3094072341918945,0.008725808002054691,0.008614613674581051,nan,0.0005173683166503906,0.9210238767973634,nan,4.0855842653841e-05,0.000517318918643465,2.6722737953555887e-05,0.0003383647724134397,0.0473724969171266,0.5998331520474673,0.02879060632315266,0.3645482350315154,0.0027454815478099776,0.03476343781481442,a_only,0.5998331520474673,0.015199991304774018,0.0686972595884427,0.1317126736295645,0.24887585901340628,0.5679521480270544,144.9141099243458,"(6,0)/(107,0):a_only|(47,0)/(66,0):a_only|(4,0)/(109,0):a_only|(41,0)/(72,0):a_only|(26,0)/(87,0):a_only|(25,0)/(88,0):a_only|(7,0)/(106,0):a_only|(8,0)/(105,0):a_only|(30,0)/(83,0):a_only|(11,0)/(102,0):a_only|(45,0)/(68,0):a_only|(2,0)/(111,0):a_only|(51,0)/(62,0):a_only|(38,0)/(75,0):a_only|(1,0)/(112,0):a_only|(20,0)/(93,0):a_only|(39,0)/(74,0):a_only|(29,0)/(84,0):a_only|(5,0)/(108,0):a_only|(43,0)/(70,0):a_only"
depth4_muon,4,muon,25000,checkpoints/depth_sweep_v2_depth_4_muon_seed_0/step_025000.pt,0.02672000788152218,0.992428183555603,0.25371915102005005,0.9244881868362427,0.9448664784431458,nan,0.520753026008606,0.030975911914663135,nan,0.5046222154474368,0.520752995298366,0.03194460346087425,0.03296574630809452,0.1537956153937925,0.15871185399370383,0.11628853965650611,0.12000582513257638,0.16237314288563584,0.1675635711732,addition,0.520752995298366,0.19777838146269622,0.5499527026344501,0.6712805223737497,0.7561672333875153,0.4481585005245907,50.73231948162494,"(42,42)/(71,71):addition|(47,47)/(66,66):addition|(38,38)/(75,75):addition|(21,21)/(92,92):addition|(38,0)/(75,0):a_only|(21,0)/(92,0):a_only|(0,21)/(0,92):b_only|(47,0)/(66,0):a_only|(0,47)/(0,66):b_only|(0,38)/(0,75):b_only|(42,0)/(71,0):a_only|(0,42)/(0,71):b_only|(38,75)/(75,38):subtraction|(47,66)/(66,47):subtraction|(21,92)/(92,21):subtraction|(37,0)/(76,0):a_only|(42,21)/(71,92):generic_interaction|(19,0)/(94,0):a_only|(28,0)/(85,0):a_only|(0,19)/(0,94):b_only"
depth4_muon,4,muon,50000,checkpoints/depth_sweep_v2_depth_4_muon_seed_0/step_050000.pt,0.02627628855407238,0.9921671152114868,0.11814509332180023,0.9712495803833008,0.977523684501648,4,0.8731503486633301,0.01790201197867526,nan,0.8575191813883218,0.8731503613121921,0.0050132853735011616,0.005104669411763762,0.02328061689273167,0.02370498467282007,0.015939730791375346,0.016230286157769204,0.08034516417595641,0.08180972583767222,addition,0.8731503613121921,0.33484014202913565,0.7885595795487101,0.8570403844134286,0.8956694093387253,0.3041251415515589,14.36231376409198,"(37,37)/(76,76):addition|(23,23)/(90,90):addition|(47,47)/(66,66):addition|(39,39)/(74,74):addition|(24,24)/(89,89):addition|(46,46)/(67,67):addition|(53,53)/(60,60):addition|(14,14)/(99,99):addition|(29,29)/(84,84):addition|(10,10)/(103,103):addition|(43,43)/(70,70):addition|(37,0)/(76,0):a_only|(47,0)/(66,0):a_only|(0,37)/(0,76):b_only|(0,47)/(0,66):b_only|(23,0)/(90,0):a_only|(0,23)/(0,90):b_only|(19,19)/(94,94):addition|(23,90)/(90,23):subtraction|(37,23)/(76,90):generic_interaction"
depth4_muon,4,muon,52000,checkpoints/depth_sweep_v2_depth_4_muon_seed_0/step_052000.pt,0.04317618906497955,0.9997389316558838,0.12846988439559937,0.9806466102600098,0.986373245716095,4,0.847602903842926,0.037125160185351176,nan,0.8161354182954708,0.8476028147133077,0.011211277273096188,0.011643545862835399,0.033364341702133815,0.034650756852151375,0.02533696951404776,0.026313876588354566,0.07682670972112604,0.07978888545333708,addition,0.8476028147133077,0.466467746610234,0.7489713114862773,0.8489801846296832,0.8875603046813938,0.30631035019077074,14.639941188275465,"(47,47)/(66,66):addition|(37,37)/(76,76):addition|(23,23)/(90,90):addition|(10,10)/(103,103):addition|(29,29)/(84,84):addition|(43,43)/(70,70):addition|(19,19)/(94,94):addition|(24,24)/(89,89):addition|(0,47)/(0,66):b_only|(47,0)/(66,0):a_only|(23,0)/(90,0):a_only|(0,37)/(0,76):b_only|(0,23)/(0,90):b_only|(37,0)/(76,0):a_only|(47,66)/(66,47):subtraction|(23,90)/(90,23):subtraction|(37,76)/(76,37):subtraction|(14,14)/(99,99):addition|(39,39)/(74,74):addition|(46,0)/(67,0):a_only"
depth4_muon,4,muon,53000,checkpoints/depth_sweep_v2_depth_4_muon_seed_0/step_053000.pt,0.0027444062288850546,0.9994778037071228,0.03365645557641983,0.9901555180549622,0.9929516911506653,4,0.8794747591018677,0.08632914984397055,nan,0.8035504100544351,0.8794747203213209,0.004137076858112714,0.004527972940104663,0.02758558639965351,0.030192039703011788,0.011831928619544421,0.01294988090769655,0.06656583110805059,0.07285537405517992,addition,0.8794747203213209,0.32080691396643474,0.7844722648868176,0.8722266404645749,0.9038047163362354,0.3116967044134637,15.347403458397624,"(47,47)/(66,66):addition|(37,37)/(76,76):addition|(10,10)/(103,103):addition|(29,29)/(84,84):addition|(23,23)/(90,90):addition|(24,24)/(89,89):addition|(43,43)/(70,70):addition|(19,19)/(94,94):addition|(47,0)/(66,0):a_only|(14,14)/(99,99):addition|(39,39)/(74,74):addition|(37,0)/(76,0):a_only|(23,0)/(90,0):a_only|(0,47)/(0,66):b_only|(0,37)/(0,76):b_only|(53,53)/(60,60):addition|(39,0)/(74,0):a_only|(0,23)/(0,90):b_only|(47,66)/(66,47):subtraction|(10,0)/(103,0):a_only"
depth4_muon,4,muon,54000,checkpoints/depth_sweep_v2_depth_4_muon_seed_0/step_054000.pt,0.05657222867012024,0.9798955321311951,0.10545442998409271,0.9657679796218872,0.970005452632904,4,0.8563172817230225,0.02152312792264846,nan,0.8378866623899501,0.8563173088959335,0.006310956862816807,0.006449776371795879,0.03136547750355273,0.03205541094480176,0.017883335037271093,0.018276707364597404,0.08503045952146132,0.08690083938550076,addition,0.8563173088959335,0.32393335471503293,0.6960271818817405,0.8434670932707206,0.89178413173802,0.3317092462425703,18.28876967608931,"(37,37)/(76,76):addition|(23,23)/(90,90):addition|(29,29)/(84,84):addition|(47,47)/(66,66):addition|(14,14)/(99,99):addition|(39,39)/(74,74):addition|(10,10)/(103,103):addition|(24,24)/(89,89):addition|(53,53)/(60,60):addition|(43,43)/(70,70):addition|(37,0)/(76,0):a_only|(23,0)/(90,0):a_only|(46,46)/(67,67):addition|(0,37)/(0,76):b_only|(37,76)/(76,37):subtraction|(0,23)/(0,90):b_only|(47,0)/(66,0):a_only|(0,47)/(0,66):b_only|(39,0)/(74,0):a_only|(0,39)/(0,74):b_only"
depth4_muon,4,muon,55000,checkpoints/depth_sweep_v2_depth_4_muon_seed_0/step_055000.pt,0.06230216473340988,0.9783290028572083,0.20847821235656738,0.938807487487793,0.9506617784500122,4,0.799626350402832,0.019898541305878415,nan,0.7837149120492284,0.7996263003744124,0.006486228150299201,0.006617914932416558,0.04446570304832511,0.04536846891060052,0.02323271930766837,0.023704402075306063,0.12220187290214825,0.12468287897197881,addition,0.7996263003744124,0.25944949737358014,0.6491073732915003,0.7758768670337324,0.8392795290419275,0.38500624711216747,29.173230875186313,"(23,23)/(90,90):addition|(37,37)/(76,76):addition|(29,29)/(84,84):addition|(47,47)/(66,66):addition|(39,39)/(74,74):addition|(10,10)/(103,103):addition|(24,24)/(89,89):addition|(53,53)/(60,60):addition|(14,14)/(99,99):addition|(43,43)/(70,70):addition|(46,46)/(67,67):addition|(37,0)/(76,0):a_only|(23,0)/(90,0):a_only|(0,37)/(0,76):b_only|(47,0)/(66,0):a_only|(0,23)/(0,90):b_only|(0,47)/(0,66):b_only|(39,0)/(74,0):a_only|(37,76)/(76,37):subtraction|(19,19)/(94,94):addition"
depth4_muon,4,muon,75000,checkpoints/depth_sweep_v2_depth_4_muon_seed_0/step_075000.pt,0.014014462009072304,0.9997389316558838,0.055093176662921906,0.9866875410079956,0.9906022548675537,4,0.8020986318588257,0.04202803165015834,nan,0.7683879206636982,0.8020985739761896,0.013131405208707696,0.013707505166284112,0.04984585585449006,0.05203268925020994,0.0427859330424942,0.04466303407006002,0.08382076718927937,0.08749814517391008,addition,0.8020985739761896,0.3757824131208303,0.771243027064077,0.8444481066787052,0.8823555927125861,0.31765900736050207,16.170447050831346,"(47,47)/(66,66):addition|(37,37)/(76,76):addition|(19,19)/(94,94):addition|(22,22)/(91,91):addition|(10,10)/(103,103):addition|(29,29)/(84,84):addition|(0,22)/(0,91):b_only|(22,0)/(91,0):a_only|(37,0)/(76,0):a_only|(0,47)/(0,66):b_only|(22,91)/(91,22):subtraction|(0,37)/(0,76):b_only|(47,0)/(66,0):a_only|(39,39)/(74,74):addition|(37,76)/(76,37):subtraction|(47,66)/(66,47):subtraction|(0,44)/(0,69):b_only|(44,0)/(69,0):a_only|(10,0)/(103,0):a_only|(19,0)/(94,0):a_only"
depth4_muon,4,muon,100000,checkpoints/depth_sweep_v3_depth_4_muon_seed_0_to_300k/step_100000.pt,1.2622586488723755,0.6289817094802856,5.800485610961914,0.09486519545316696,0.25507086515426636,nan,0.27127015590667725,0.08270535565318948,nan,0.24883461966338064,0.2712701178053219,0.020210955531942642,0.022033221484715475,0.2788360419932228,0.3039765369553305,0.12102361677938404,0.13193538272681526,0.24838936647607318,0.2707847195728031,a_only,0.3039765369553305,0.14900974482766488,0.3916552532594721,0.4800636479818714,0.5470539587457978,0.5802579753828689,161.41187771954756,"(19,19)/(94,94):addition|(22,22)/(91,91):addition|(19,0)/(94,0):a_only|(22,0)/(91,0):a_only|(0,22)/(0,91):b_only|(0,19)/(0,94):b_only|(44,0)/(69,0):a_only|(41,0)/(72,0):a_only|(3,0)/(110,0):a_only|(38,0)/(75,0):a_only|(19,94)/(94,19):subtraction|(22,91)/(91,22):subtraction|(19,22)/(94,91):generic_interaction|(0,44)/(0,69):b_only|(0,41)/(0,72):b_only|(0,3)/(0,110):b_only|(16,0)/(97,0):a_only|(50,0)/(63,0):a_only|(53,0)/(60,0):a_only|(0,38)/(0,75):b_only"
depth4_muon,4,muon,105000,checkpoints/depth_sweep_v3_depth_4_muon_seed_0_to_300k/step_105000.pt,1.903874158859253,0.5511749386787415,6.875933647155762,0.11488980799913406,0.24575142562389374,nan,0.18653684854507446,0.1817205380223669,nan,0.15263928171525734,0.18653685403402265,0.016478239607956982,0.020137666673649413,0.2861631208614993,0.3497131780640854,0.1291819074081754,0.15787015200312465,0.23381700051148066,0.28574222313523506,a_only,0.3497131780640854,0.08848983807687058,0.29093369510716716,0.40440696359162287,0.4699560895770348,0.6302885211980367,250.2109796578347,"(38,38)/(75,75):addition|(33,33)/(80,80):addition|(38,0)/(75,0):a_only|(33,0)/(80,0):a_only|(0,38)/(0,75):b_only|(19,19)/(94,94):addition|(19,0)/(94,0):a_only|(0,33)/(0,80):b_only|(0,19)/(0,94):b_only|(37,0)/(76,0):a_only|(56,0)/(57,0):a_only|(5,0)/(108,0):a_only|(38,75)/(75,38):subtraction|(22,0)/(91,0):a_only|(52,0)/(61,0):a_only|(42,0)/(71,0):a_only|(33,80)/(80,33):subtraction|(0,37)/(0,76):b_only|(14,0)/(99,0):a_only|(19,94)/(94,19):subtraction"
depth4_muon,4,muon,125000,checkpoints/depth_sweep_v3_depth_4_muon_seed_0_to_300k/step_125000.pt,0.1252426952123642,0.9650130271911621,0.8606789708137512,0.8279449343681335,0.8690578937530518,nan,0.5362563133239746,0.03335212598973062,nan,0.5183709987772918,0.5362562678887014,0.024754481238438923,0.025608581023548693,0.12986699524082587,0.13434777476755674,0.10304921464656557,0.10660470471067132,0.1906061959725713,0.19718265012859587,addition,0.5362562678887014,0.24760152573002497,0.5346675478101584,0.64071658546222,0.7210457283159504,0.46934886959615346,61.082392755700006,"(38,38)/(75,75):addition|(33,33)/(80,80):addition|(19,19)/(94,94):addition|(40,40)/(73,73):addition|(37,37)/(76,76):addition|(33,0)/(80,0):a_only|(0,33)/(0,80):b_only|(40,0)/(73,0):a_only|(19,0)/(94,0):a_only|(0,38)/(0,75):b_only|(38,0)/(75,0):a_only|(0,19)/(0,94):b_only|(0,40)/(0,73):b_only|(33,80)/(80,33):subtraction|(19,94)/(94,19):subtraction|(40,73)/(73,40):subtraction|(0,47)/(0,66):b_only|(47,0)/(66,0):a_only|(7,0)/(106,0):a_only|(38,19)/(75,94):generic_interaction"
depth4_muon,4,muon,150000,checkpoints/depth_sweep_v3_depth_4_muon_seed_0_to_300k/step_150000.pt,0.2764956057071686,0.9391645193099976,1.3012127876281738,0.756460428237915,0.8112616539001465,nan,0.4671177268028259,0.047672309716164527,nan,0.44484905737700403,0.4671176154635666,0.0248239076001913,0.026066559729409678,0.1782274683740769,0.1871493007715896,0.09256788552875232,0.09720171199564834,0.21185926650843978,0.22246466243810106,addition,0.4671176154635666,0.27581037424225924,0.49306363733447806,0.6115172089941453,0.6864750805021461,0.48984602874287614,73.09869696964822,"(37,37)/(76,76):addition|(47,47)/(66,66):addition|(42,42)/(71,71):addition|(38,38)/(75,75):addition|(37,0)/(76,0):a_only|(42,0)/(71,0):a_only|(0,42)/(0,71):b_only|(0,37)/(0,76):b_only|(38,0)/(75,0):a_only|(0,38)/(0,75):b_only|(47,0)/(66,0):a_only|(42,71)/(71,42):subtraction|(29,0)/(84,0):a_only|(39,0)/(74,0):a_only|(0,47)/(0,66):b_only|(38,76)/(75,37):generic_interaction|(37,76)/(76,37):subtraction|(10,0)/(103,0):a_only|(37,75)/(76,38):generic_interaction|(39,39)/(74,74):addition"
depth4_muon,4,muon,175000,checkpoints/depth_sweep_v3_depth_4_muon_seed_0_to_300k/step_175000.pt,0.5398375391960144,0.8232375979423523,4.432998180389404,0.2878398001194,0.44842979311943054,nan,0.307977557182312,0.06747651802932275,nan,0.28719638444816725,0.3079776452371193,0.02519710389028314,0.02702034267539673,0.18920591415001853,0.20289667649132942,0.12569149969022225,0.13478641862186505,0.3052326820466255,0.3273190323992255,generic_interaction,0.3273190323992255,0.14224708249623322,0.35883543315146366,0.46149589193418855,0.5289761684385471,0.6053743566710789,201.14333812716143,"(42,42)/(71,71):addition|(39,39)/(74,74):addition|(37,37)/(76,76):addition|(39,0)/(74,0):a_only|(0,39)/(0,74):b_only|(42,0)/(71,0):a_only|(37,0)/(76,0):a_only|(0,42)/(0,71):b_only|(0,37)/(0,76):b_only|(37,76)/(76,37):subtraction|(29,0)/(84,0):a_only|(39,74)/(74,39):subtraction|(42,71)/(71,42):subtraction|(35,0)/(78,0):a_only|(5,0)/(108,0):a_only|(32,0)/(81,0):a_only|(3,0)/(110,0):a_only|(2,0)/(111,0):a_only|(0,29)/(0,84):b_only|(34,0)/(79,0):a_only"
depth4_muon,4,muon,200000,checkpoints/depth_sweep_v3_depth_4_muon_seed_0_to_300k/step_200000.pt,1.205345630645752,0.6712793707847595,3.719235897064209,0.3209531307220459,0.42603179812431335,nan,0.2654113173484802,0.06518448073904815,nan,0.24811056623868216,0.265411257113768,0.01935604306594193,0.02070573535323679,0.2307865287092541,0.24687921856064837,0.12529576433814074,0.1340326082365439,0.3112665975890425,0.3329711435350918,generic_interaction,0.3329711435350918,0.15761983214333677,0.34587466764057945,0.44817570853742106,0.5088351823400299,0.6186164143932408,225.88787133014742,"(42,42)/(71,71):addition|(39,39)/(74,74):addition|(39,0)/(74,0):a_only|(0,39)/(0,74):b_only|(42,0)/(71,0):a_only|(37,37)/(76,76):addition|(37,0)/(76,0):a_only|(0,42)/(0,71):b_only|(0,37)/(0,76):b_only|(29,0)/(84,0):a_only|(39,74)/(74,39):subtraction|(3,0)/(110,0):a_only|(35,0)/(78,0):a_only|(32,0)/(81,0):a_only|(42,71)/(71,42):subtraction|(34,0)/(79,0):a_only|(2,0)/(111,0):a_only|(37,74)/(76,39):generic_interaction|(37,76)/(76,37):subtraction|(42,39)/(71,74):generic_interaction"
depth4_muon,4,muon,225000,checkpoints/depth_sweep_v3_depth_4_muon_seed_0_to_300k/step_225000.pt,0.34411922097206116,0.8843342065811157,2.887901544570923,0.476004034280777,0.5984807014465332,nan,0.32877206802368164,0.06722467148578266,nan,0.3066703749319098,0.32877196463917524,0.02619797337215804,0.02808604899329315,0.1999573687170558,0.2143682022490199,0.11739152887874578,0.1258518811607773,0.28255803171392824,0.30292185618448664,addition,0.32877196463917524,0.11721557515472435,0.3623260986240745,0.4940267619841012,0.585758794524312,0.5778474258197551,158.03858215738944,"(29,29)/(84,84):addition|(39,39)/(74,74):addition|(37,37)/(76,76):addition|(42,42)/(71,71):addition|(37,0)/(76,0):a_only|(39,0)/(74,0):a_only|(42,0)/(71,0):a_only|(29,0)/(84,0):a_only|(0,39)/(0,74):b_only|(0,29)/(0,84):b_only|(0,42)/(0,71):b_only|(0,37)/(0,76):b_only|(37,74)/(76,39):generic_interaction|(37,76)/(76,37):subtraction|(39,76)/(74,37):generic_interaction|(39,74)/(74,39):subtraction|(35,0)/(78,0):a_only|(29,84)/(84,29):subtraction|(45,0)/(68,0):a_only|(10,0)/(103,0):a_only"
depth4_muon,4,muon,250000,checkpoints/depth_sweep_v3_depth_4_muon_seed_0_to_300k/step_250000.pt,0.14117495715618134,0.9603133201599121,0.593971312046051,0.8427116870880127,0.8779857754707336,nan,0.6113567352294922,0.025327051221743245,nan,0.5958728716230838,0.6113567206950414,0.020250862846116244,0.020777084660900457,0.08430336790585699,0.08649400400807862,0.09771579226784523,0.10025495229924723,0.17653007274829127,0.18111723409304406,addition,0.6113567206950414,0.3729438736589521,0.6330169847678754,0.7137019207102508,0.7695540115520831,0.407741887265206,35.603750701692,"(39,39)/(74,74):addition|(29,29)/(84,84):addition|(37,37)/(76,76):addition|(42,42)/(71,71):addition|(0,37)/(0,76):b_only|(0,39)/(0,74):b_only|(29,0)/(84,0):a_only|(37,0)/(76,0):a_only|(0,29)/(0,84):b_only|(39,0)/(74,0):a_only|(42,0)/(71,0):a_only|(0,42)/(0,71):b_only|(29,84)/(84,29):subtraction|(37,76)/(76,37):subtraction|(39,76)/(74,37):generic_interaction|(35,35)/(78,78):addition|(37,74)/(76,39):generic_interaction|(39,37)/(74,76):generic_interaction|(39,74)/(74,39):subtraction|(0,55)/(0,58):b_only"
depth4_muon,4,muon,275000,checkpoints/depth_sweep_v3_depth_4_muon_seed_0_to_300k/step_275000.pt,0.4931134581565857,0.8417754769325256,2.081834316253662,0.5623671412467957,0.6461743116378784,nan,0.6105556488037109,0.03966111917707136,nan,0.5863403023092906,0.6105556522005202,0.014518522963139834,0.015118125467132188,0.11970897609007591,0.12465285378315823,0.0696408620781416,0.0725169697502687,0.17013020775004814,0.1771564389190628,addition,0.6105556522005202,0.267147535992047,0.5820356105579524,0.6702010522630648,0.7457658685560097,0.44455364828033916,49.15502497675843,"(29,29)/(84,84):addition|(39,39)/(74,74):addition|(37,37)/(76,76):addition|(55,55)/(58,58):addition|(45,45)/(68,68):addition|(37,0)/(76,0):a_only|(39,0)/(74,0):a_only|(29,0)/(84,0):a_only|(10,10)/(103,103):addition|(0,39)/(0,74):b_only|(0,29)/(0,84):b_only|(0,37)/(0,76):b_only|(35,35)/(78,78):addition|(55,0)/(58,0):a_only|(29,84)/(84,29):subtraction|(45,0)/(68,0):a_only|(10,0)/(103,0):a_only|(37,74)/(76,39):generic_interaction|(39,74)/(74,39):subtraction|(37,76)/(76,37):subtraction"
depth4_muon,4,muon,300000,checkpoints/depth_sweep_v3_depth_4_muon_seed_0_to_300k/step_300000.pt,0.32658568024635315,0.9266318678855896,1.0074976682662964,0.8300704956054688,0.8590335845947266,nan,0.5919622778892517,0.03353741134624798,nan,0.5721093695368099,0.591962247020187,0.018077839044784782,0.018705161621254542,0.11214649605997366,0.11603811323147924,0.08408720967949847,0.08700513614701581,0.18004167926930267,0.1862893402774221,addition,0.591962247020187,0.29453469563528845,0.6034859841424975,0.6929203672327682,0.7569070004289566,0.4320273658266963,44.04577469691774,"(39,39)/(74,74):addition|(55,55)/(58,58):addition|(29,29)/(84,84):addition|(37,37)/(76,76):addition|(29,0)/(84,0):a_only|(39,0)/(74,0):a_only|(0,39)/(0,74):b_only|(55,0)/(58,0):a_only|(0,37)/(0,76):b_only|(37,0)/(76,0):a_only|(0,55)/(0,58):b_only|(0,29)/(0,84):b_only|(35,35)/(78,78):addition|(29,84)/(84,29):subtraction|(37,76)/(76,37):subtraction|(39,74)/(74,39):subtraction|(39,76)/(74,37):generic_interaction|(37,74)/(76,39):generic_interaction|(55,84)/(58,29):generic_interaction|(35,0)/(78,0):a_only"
depth4_stable_muon_observed,4,stable_muon,0,checkpoints/depth_sweep_v2_depth_4_stable_muon_seed_0/step_000000.pt,5.319661617279053,0.008355091325938702,5.3094072341918945,0.008725808002054691,0.008614613674581051,nan,0.0005173087120056152,0.9210238767973634,nan,4.0855842653841e-05,0.000517318918643465,2.6722737953555887e-05,0.0003383647724134397,0.0473724969171266,0.5998331520474673,0.02879060632315266,0.3645482350315154,0.0027454815478099776,0.03476343781481442,a_only,0.5998331520474673,0.015199991304774018,0.0686972595884427,0.1317126736295645,0.24887585901340628,0.5679521480270544,144.9141099243458,"(6,0)/(107,0):a_only|(47,0)/(66,0):a_only|(4,0)/(109,0):a_only|(41,0)/(72,0):a_only|(26,0)/(87,0):a_only|(25,0)/(88,0):a_only|(7,0)/(106,0):a_only|(8,0)/(105,0):a_only|(30,0)/(83,0):a_only|(11,0)/(102,0):a_only|(45,0)/(68,0):a_only|(2,0)/(111,0):a_only|(51,0)/(62,0):a_only|(38,0)/(75,0):a_only|(1,0)/(112,0):a_only|(20,0)/(93,0):a_only|(39,0)/(74,0):a_only|(29,0)/(84,0):a_only|(5,0)/(108,0):a_only|(43,0)/(70,0):a_only"
depth4_stable_muon_observed,4,stable_muon,25000,checkpoints/depth_sweep_v2_depth_4_stable_muon_seed_0/step_025000.pt,0.04492055997252464,0.9840731024742126,0.20437344908714294,0.9389193654060364,0.9524629712104797,4,0.6837928295135498,0.021572666099964406,nan,0.6690416463114996,0.6837929015031693,0.018877535873279897,0.01929375413202638,0.09950543473953312,0.10169936402464294,0.06519977853398123,0.06663732517535625,0.12580292577605426,0.12857667098640432,addition,0.6837929015031693,0.3602049982169345,0.7044831088146766,0.7721500993504377,0.8185956921588339,0.3622931089684018,23.90886329343927,"(13,13)/(100,100):addition|(5,5)/(108,108):addition|(27,27)/(86,86):addition|(27,0)/(86,0):a_only|(0,27)/(0,86):b_only|(13,0)/(100,0):a_only|(26,26)/(87,87):addition|(0,13)/(0,100):b_only|(5,0)/(108,0):a_only|(0,5)/(0,108):b_only|(27,86)/(86,27):subtraction|(8,8)/(105,105):addition|(10,10)/(103,103):addition|(5,108)/(108,5):subtraction|(13,100)/(100,13):subtraction|(54,0)/(59,0):a_only|(32,0)/(81,0):a_only|(26,0)/(87,0):a_only|(18,18)/(95,95):addition|(18,0)/(95,0):a_only"
depth4_stable_muon_observed,4,stable_muon,50000,checkpoints/depth_sweep_v2_depth_4_stable_muon_seed_0/step_050000.pt,0.5112626552581787,0.8571801781654358,1.4303092956542969,0.6774806976318359,0.7313807010650635,nan,0.4590799808502197,0.04359488958636216,nan,0.43906636269916116,0.45907988790438203,0.02267139871486171,0.02370480652781318,0.16723544432660203,0.17485837121096015,0.1250169749365491,0.13071549933179508,0.20241482460857066,0.2116412981860733,addition,0.45907988790438203,0.19932198575410245,0.5182983815780604,0.638321532310114,0.7002784694477061,0.48357449461610597,69.19040386822991,"(45,45)/(68,68):addition|(13,13)/(100,100):addition|(8,8)/(105,105):addition|(0,13)/(0,100):b_only|(8,0)/(105,0):a_only|(13,0)/(100,0):a_only|(45,0)/(68,0):a_only|(23,23)/(90,90):addition|(0,8)/(0,105):b_only|(0,45)/(0,68):b_only|(13,100)/(100,13):subtraction|(8,105)/(105,8):subtraction|(0,26)/(0,87):b_only|(23,0)/(90,0):a_only|(26,0)/(87,0):a_only|(37,0)/(76,0):a_only|(16,0)/(97,0):a_only|(5,0)/(108,0):a_only|(21,0)/(92,0):a_only|(32,0)/(81,0):a_only"
depth4_stable_muon_observed,4,stable_muon,75000,checkpoints/depth_sweep_v2_depth_4_stable_muon_seed_0/step_075000.pt,2.823415517807007,0.26422977447509766,4.6484856605529785,0.08434948325157166,0.1383036971092224,nan,0.20154696702957153,0.1390649576207051,nan,0.17351883596373094,0.20154696187897564,0.02755297019461317,0.032003542454762605,0.26106690849815983,0.3032364870516924,0.1704335885773398,0.19796336109051627,0.2283627506867373,0.2652496966776461,a_only,0.3032364870516924,0.115943727536808,0.3833149826586124,0.4936158017540862,0.564115372509164,0.5791378247559049,159.83548844622018,"(23,23)/(90,90):addition|(9,9)/(104,104):addition|(23,0)/(90,0):a_only|(9,0)/(104,0):a_only|(0,9)/(0,104):b_only|(0,23)/(0,90):b_only|(32,0)/(81,0):a_only|(23,90)/(90,23):subtraction|(9,104)/(104,9):subtraction|(14,0)/(99,0):a_only|(46,0)/(67,0):a_only|(18,0)/(95,0):a_only|(23,9)/(90,104):generic_interaction|(0,32)/(0,81):b_only|(0,14)/(0,99):b_only|(23,104)/(90,9):generic_interaction|(0,18)/(0,95):b_only|(9,90)/(104,23):generic_interaction|(9,23)/(104,90):generic_interaction|(41,0)/(72,0):a_only"
depth4_stable_muon_observed,4,stable_muon,100000,checkpoints/depth_sweep_v3_depth_4_stable_muon_seed_0_to_300k/step_100000.pt,0.08012056350708008,0.9853785634040833,0.38441002368927,0.9477570056915283,0.95904141664505,4,0.5722620487213135,0.03326839072378321,nan,0.5532237753589663,0.5722619999431812,0.019414391850918124,0.020082504048344746,0.1227581283345585,0.12698263371713128,0.09313437788178988,0.09633943392167924,0.17820090151960763,0.18433337256541274,addition,0.5722619999431812,0.20686810310190465,0.5651242253355357,0.668851671540238,0.7480115217387996,0.461034777927221,56.791082927619385,"(38,38)/(75,75):addition|(18,18)/(95,95):addition|(44,44)/(69,69):addition|(9,9)/(104,104):addition|(52,52)/(61,61):addition|(44,0)/(69,0):a_only|(0,44)/(0,69):b_only|(52,0)/(61,0):a_only|(9,0)/(104,0):a_only|(0,18)/(0,95):b_only|(18,0)/(95,0):a_only|(0,52)/(0,61):b_only|(0,9)/(0,104):b_only|(44,69)/(69,44):subtraction|(25,0)/(88,0):a_only|(52,61)/(61,52):subtraction|(9,104)/(104,9):subtraction|(36,0)/(77,0):a_only|(18,9)/(95,104):generic_interaction|(0,43)/(0,70):b_only"
depth4_stable_muon_observed,4,stable_muon,105000,checkpoints/depth_sweep_v3_depth_4_stable_muon_seed_0_to_300k/step_105000.pt,0.03778695687651634,0.9898172616958618,0.10550861060619354,0.9770668148994446,0.980891227722168,4,0.5973095893859863,0.10032069230308381,nan,0.5373871103729745,0.5973096482278056,0.02560229144775843,0.028457131559915087,0.1320155160060961,0.14673619799232746,0.08086354289798987,0.08988041103056846,0.1238107828555218,0.13761657793189994,addition,0.5973096482278056,0.2228294531922395,0.6046218618428645,0.7326026564443425,0.8103411244606491,0.41438906899088485,37.73887027493373,"(18,18)/(95,95):addition|(38,38)/(75,75):addition|(44,44)/(69,69):addition|(52,52)/(61,61):addition|(44,0)/(69,0):a_only|(9,9)/(104,104):addition|(0,44)/(0,69):b_only|(52,0)/(61,0):a_only|(9,0)/(104,0):a_only|(0,52)/(0,61):b_only|(18,0)/(95,0):a_only|(0,9)/(0,104):b_only|(44,69)/(69,44):subtraction|(0,18)/(0,95):b_only|(52,61)/(61,52):subtraction|(9,104)/(104,9):subtraction|(25,0)/(88,0):a_only|(37,37)/(76,76):addition|(38,0)/(75,0):a_only|(9,61)/(104,52):generic_interaction"
depth4_stable_muon_observed,4,stable_muon,115000,checkpoints/depth_sweep_v3_depth_4_stable_muon_seed_0_to_300k/step_115000.pt,0.019338343292474747,0.9942559003829956,0.07611464709043503,0.9840027093887329,0.987078070640564,4,0.6177254915237427,0.0810629135921222,nan,0.567650857812119,0.6177255031578064,0.021351018816401633,0.02323447354968819,0.13890881379473574,0.15116248960696144,0.08272807922269844,0.0900258383473357,0.1082983009689316,0.11785170679564254,addition,0.6177255031578064,0.25885107416195513,0.6444711074215118,0.763974742785185,0.8326254450697607,0.3888932655146216,30.183875096276804,"(38,38)/(75,75):addition|(18,18)/(95,95):addition|(44,44)/(69,69):addition|(44,0)/(69,0):a_only|(9,9)/(104,104):addition|(0,44)/(0,69):b_only|(52,52)/(61,61):addition|(9,0)/(104,0):a_only|(52,0)/(61,0):a_only|(0,9)/(0,104):b_only|(0,52)/(0,61):b_only|(44,69)/(69,44):subtraction|(18,0)/(95,0):a_only|(0,18)/(0,95):b_only|(25,0)/(88,0):a_only|(9,104)/(104,9):subtraction|(37,37)/(76,76):addition|(52,61)/(61,52):subtraction|(38,0)/(75,0):a_only|(18,95)/(95,18):subtraction"
depth4_stable_muon_observed,4,stable_muon,120000,checkpoints/depth_sweep_v3_depth_4_stable_muon_seed_0_to_300k/step_120000.pt,0.07269773632287979,0.9838120341300964,0.3410639762878418,0.9468620419502258,0.9579450488090515,4,0.4911765456199646,0.1023492813527667,nan,0.4409049168978086,0.49117646291876216,0.025906001356064537,0.028859778212429542,0.17331887757440784,0.1930805259397431,0.10592282447904554,0.11800004099759462,0.15159796626730948,0.16888301763736802,addition,0.49117646291876216,0.17726376620998532,0.4919076425238641,0.6605694379374646,0.7621935964568554,0.46450714937686827,58.54540922799017,"(38,38)/(75,75):addition|(18,18)/(95,95):addition|(44,44)/(69,69):addition|(44,0)/(69,0):a_only|(9,9)/(104,104):addition|(52,52)/(61,61):addition|(9,0)/(104,0):a_only|(0,44)/(0,69):b_only|(18,0)/(95,0):a_only|(52,0)/(61,0):a_only|(0,9)/(0,104):b_only|(0,52)/(0,61):b_only|(0,18)/(0,95):b_only|(44,69)/(69,44):subtraction|(52,61)/(61,52):subtraction|(9,104)/(104,9):subtraction|(36,0)/(77,0):a_only|(25,0)/(88,0):a_only|(37,37)/(76,76):addition|(38,0)/(75,0):a_only"
depth4_stable_muon_observed,4,stable_muon,125000,checkpoints/depth_sweep_v3_depth_4_stable_muon_seed_0_to_300k/step_125000.pt,0.021864445880055428,0.9916449189186096,0.12046048045158386,0.9730395078659058,0.9786201119422913,4,0.5662453174591064,0.0771633001657946,nan,0.522551920786482,0.5662452839142414,0.025254686030235677,0.027366365508393258,0.12388007557470122,0.13423835177859136,0.10242102193811332,0.11098499180492157,0.1487289955046731,0.1611650229111591,addition,0.5662452839142414,0.23877422391244682,0.5655564147128208,0.6995028218625864,0.7761464707463035,0.43734819787768625,46.14774807406229,"(18,18)/(95,95):addition|(38,38)/(75,75):addition|(44,44)/(69,69):addition|(0,44)/(0,69):b_only|(9,9)/(104,104):addition|(44,0)/(69,0):a_only|(52,52)/(61,61):addition|(9,0)/(104,0):a_only|(0,9)/(0,104):b_only|(52,0)/(61,0):a_only|(0,52)/(0,61):b_only|(18,0)/(95,0):a_only|(44,69)/(69,44):subtraction|(0,18)/(0,95):b_only|(9,104)/(104,9):subtraction|(52,61)/(61,52):subtraction|(38,0)/(75,0):a_only|(25,0)/(88,0):a_only|(37,37)/(76,76):addition|(0,25)/(0,88):b_only"
depth4_stable_muon_observed,4,stable_muon,150000,checkpoints/depth_sweep_v3_depth_4_stable_muon_seed_0_to_300k/step_150000.pt,0.03532770648598671,0.9885117411613464,0.32915231585502625,0.9404855370521545,0.9548907279968262,4,0.47083938121795654,0.11048805775589575,nan,0.41881732631708496,0.4708394717060263,0.030751896046839724,0.03457165112049472,0.18353733408531617,0.20633487678023385,0.11511285811630555,0.12941125855193894,0.14129258060527844,0.15884281720905635,addition,0.4708394717060263,0.16326012898135298,0.5601664161178203,0.6710372061387619,0.765862806820921,0.45474764064619755,53.74734412572553,"(18,18)/(95,95):addition|(38,38)/(75,75):addition|(44,44)/(69,69):addition|(44,0)/(69,0):a_only|(0,44)/(0,69):b_only|(52,52)/(61,61):addition|(52,0)/(61,0):a_only|(18,0)/(95,0):a_only|(44,69)/(69,44):subtraction|(9,9)/(104,104):addition|(9,0)/(104,0):a_only|(0,52)/(0,61):b_only|(0,9)/(0,104):b_only|(0,18)/(0,95):b_only|(25,0)/(88,0):a_only|(52,61)/(61,52):subtraction|(38,0)/(75,0):a_only|(0,25)/(0,88):b_only|(9,104)/(104,9):subtraction|(36,0)/(77,0):a_only"
depth4_stable_muon_observed,4,stable_muon,160000,checkpoints/depth_sweep_v3_depth_4_stable_muon_seed_0_to_300k/step_160000.pt,0.03670070692896843,0.9887728691101074,0.23177284002304077,0.9479807615280151,0.9602161645889282,4,0.5410642623901367,0.11556063211321405,nan,0.4785385509400008,0.541064287224444,0.02187851671477491,0.02473715864386437,0.1530114368367042,0.1730038757517354,0.08840056558688547,0.09995096302179189,0.14261024939549688,0.16124367156732833,addition,0.541064287224444,0.258067060235346,0.5596651235943798,0.6796617167768123,0.7702520345030843,0.4444420082260587,49.106967990975505,"(38,38)/(75,75):addition|(18,18)/(95,95):addition|(52,52)/(61,61):addition|(44,0)/(69,0):a_only|(44,44)/(69,69):addition|(18,0)/(95,0):a_only|(0,44)/(0,69):b_only|(9,9)/(104,104):addition|(9,0)/(104,0):a_only|(52,0)/(61,0):a_only|(0,52)/(0,61):b_only|(0,18)/(0,95):b_only|(0,9)/(0,104):b_only|(37,37)/(76,76):addition|(44,69)/(69,44):subtraction|(52,61)/(61,52):subtraction|(9,104)/(104,9):subtraction|(38,0)/(75,0):a_only|(25,0)/(88,0):a_only|(36,0)/(77,0):a_only"
depth4_stable_muon_observed,4,stable_muon,175000,checkpoints/depth_sweep_v3_depth_4_stable_muon_seed_0_to_300k/step_175000.pt,0.040989529341459274,0.9885117411613464,0.13452383875846863,0.9682291150093079,0.9743127822875977,4,0.5644104480743408,0.0812881423297766,nan,0.5185305819244841,0.5644104857641415,0.02273603494818082,0.02474773326160748,0.1488753072425077,0.1620478857142254,0.10066622251105453,0.10957323160503572,0.12790369135051746,0.13922068838880128,addition,0.5644104857641415,0.22203208773419292,0.5814434447880649,0.7227497178366793,0.8028196213177621,0.4197871043926322,39.56661720632992,"(38,38)/(75,75):addition|(18,18)/(95,95):addition|(44,0)/(69,0):a_only|(44,44)/(69,69):addition|(9,9)/(104,104):addition|(0,44)/(0,69):b_only|(52,52)/(61,61):addition|(9,0)/(104,0):a_only|(0,9)/(0,104):b_only|(52,0)/(61,0):a_only|(18,0)/(95,0):a_only|(0,52)/(0,61):b_only|(0,18)/(0,95):b_only|(44,69)/(69,44):subtraction|(9,104)/(104,9):subtraction|(25,0)/(88,0):a_only|(52,61)/(61,52):subtraction|(38,0)/(75,0):a_only|(18,95)/(95,18):subtraction|(37,37)/(76,76):addition"
depth4_stable_muon_observed,4,stable_muon,200000,checkpoints/depth_sweep_v3_depth_4_stable_muon_seed_0_to_300k/step_200000.pt,0.13092023134231567,0.9543080925941467,0.5898686647415161,0.8565835356712341,0.8858955502510071,nan,0.4002019166946411,0.1447701178125974,nan,0.3422647205380701,0.4002020067073337,0.022580000120732118,0.02640225771900348,0.21332862020748364,0.249440087663506,0.10908203939598818,0.1275470372563484,0.16797468027939608,0.19640880315726197,addition,0.4002020067073337,0.14031166052452315,0.45510715993494927,0.642430153009445,0.7200023186840451,0.4978783545235261,78.42840468105877,"(38,38)/(75,75):addition|(18,18)/(95,95):addition|(44,44)/(69,69):addition|(44,0)/(69,0):a_only|(52,52)/(61,61):addition|(52,0)/(61,0):a_only|(0,44)/(0,69):b_only|(0,52)/(0,61):b_only|(18,0)/(95,0):a_only|(9,0)/(104,0):a_only|(0,18)/(0,95):b_only|(0,9)/(0,104):b_only|(44,69)/(69,44):subtraction|(38,0)/(75,0):a_only|(52,61)/(61,52):subtraction|(25,0)/(88,0):a_only|(36,0)/(77,0):a_only|(6,75)/(107,38):generic_interaction|(43,0)/(70,0):a_only|(9,9)/(104,104):addition"
depth4_stable_muon_observed,4,stable_muon,210000,checkpoints/depth_sweep_v3_depth_4_stable_muon_seed_0_to_300k/step_210000.pt,0.3453807830810547,0.9407310485839844,0.6251901984214783,0.9169929623603821,0.9241130948066711,nan,0.5297176837921143,0.09452370510694766,nan,0.47964676967604647,0.5297176538149226,0.0268099024040862,0.02960861929726205,0.1521910185860107,0.16807841602172047,0.1155761886929984,0.1276413214513584,0.13125238633056452,0.14495397559248616,addition,0.5297176538149226,0.21273550810776343,0.5385381201076145,0.6959604565691996,0.8007542701192989,0.4348196350903154,45.13662649483596,"(38,38)/(75,75):addition|(18,18)/(95,95):addition|(44,44)/(69,69):addition|(44,0)/(69,0):a_only|(52,52)/(61,61):addition|(0,44)/(0,69):b_only|(9,0)/(104,0):a_only|(52,0)/(61,0):a_only|(9,9)/(104,104):addition|(0,52)/(0,61):b_only|(0,9)/(0,104):b_only|(18,0)/(95,0):a_only|(44,69)/(69,44):subtraction|(0,18)/(0,95):b_only|(37,37)/(76,76):addition|(52,61)/(61,52):subtraction|(25,0)/(88,0):a_only|(38,0)/(75,0):a_only|(9,104)/(104,9):subtraction|(0,25)/(0,88):b_only"
depth4_stable_muon_observed,4,stable_muon,225000,checkpoints/depth_sweep_v3_depth_4_stable_muon_seed_0_to_300k/step_225000.pt,0.0402633361518383,0.9895561337471008,0.18652908504009247,0.9694596529006958,0.9754875302314758,4,0.5179580450057983,0.08177684258205024,nan,0.4756011180524029,0.5179580876074045,0.026978715205496592,0.02938143583675122,0.1466732098194747,0.15973590552611794,0.11869487599148384,0.12926582517111135,0.15027533350316,0.16365883384505728,addition,0.5179580876074045,0.2045344880574946,0.5344418743887093,0.6890798063466115,0.7781553322994522,0.44485084597229474,49.28318714884001,"(38,38)/(75,75):addition|(18,18)/(95,95):addition|(44,44)/(69,69):addition|(44,0)/(69,0):a_only|(0,44)/(0,69):b_only|(9,9)/(104,104):addition|(52,52)/(61,61):addition|(9,0)/(104,0):a_only|(0,9)/(0,104):b_only|(52,0)/(61,0):a_only|(0,52)/(0,61):b_only|(18,0)/(95,0):a_only|(0,18)/(0,95):b_only|(44,69)/(69,44):subtraction|(9,104)/(104,9):subtraction|(52,61)/(61,52):subtraction|(37,37)/(76,76):addition|(25,0)/(88,0):a_only|(38,0)/(75,0):a_only|(38,29)/(75,84):generic_interaction"
depth4_stable_muon_observed,4,stable_muon,250000,checkpoints/depth_sweep_v3_depth_4_stable_muon_seed_0_to_300k/step_250000.pt,0.044573813676834106,0.9895561337471008,0.45310238003730774,0.931983470916748,0.9492520689964294,nan,0.4319051504135132,0.08905418617818897,nan,0.39344221799505225,0.43190518253154075,0.024552031032956976,0.02695224091315663,0.2169382079009902,0.2381461164971391,0.11327782492277172,0.12435188043460273,0.1627356299210101,0.1786446871502311,addition,0.43190518253154075,0.1698320879901598,0.4796231276227291,0.6445272324707769,0.7478891832977655,0.4791202250826801,66.54216951501945,"(18,18)/(95,95):addition|(38,38)/(75,75):addition|(44,0)/(69,0):a_only|(44,44)/(69,69):addition|(9,9)/(104,104):addition|(0,44)/(0,69):b_only|(18,0)/(95,0):a_only|(9,0)/(104,0):a_only|(52,52)/(61,61):addition|(52,0)/(61,0):a_only|(0,9)/(0,104):b_only|(0,52)/(0,61):b_only|(0,18)/(0,95):b_only|(44,69)/(69,44):subtraction|(52,61)/(61,52):subtraction|(9,104)/(104,9):subtraction|(25,0)/(88,0):a_only|(38,0)/(75,0):a_only|(37,37)/(76,76):addition|(36,0)/(77,0):a_only"
depth4_stable_muon_observed,4,stable_muon,275000,checkpoints/depth_sweep_v3_depth_4_stable_muon_seed_0_to_300k/step_275000.pt,0.02434547059237957,0.9919059872627258,0.15445753931999207,0.9619644284248352,0.9709452390670776,4,0.5989668369293213,0.09020523242511874,nan,0.5449368521689109,0.5989668029269397,0.017711788280306607,0.019467894597603296,0.1328397345811093,0.1460106630833025,0.08227838543224339,0.09043620609652886,0.13202791920409865,0.1451183570133429,addition,0.5989668029269397,0.3065111356130557,0.6045005095792104,0.7231331748840699,0.7975837554291966,0.4087858688473017,35.93090849966302,"(38,38)/(75,75):addition|(18,18)/(95,95):addition|(52,52)/(61,61):addition|(44,0)/(69,0):a_only|(52,0)/(61,0):a_only|(9,9)/(104,104):addition|(9,0)/(104,0):a_only|(0,52)/(0,61):b_only|(44,44)/(69,69):addition|(0,9)/(0,104):b_only|(0,44)/(0,69):b_only|(18,0)/(95,0):a_only|(0,18)/(0,95):b_only|(52,61)/(61,52):subtraction|(37,37)/(76,76):addition|(9,104)/(104,9):subtraction|(44,69)/(69,44):subtraction|(38,0)/(75,0):a_only|(37,0)/(76,0):a_only|(36,0)/(77,0):a_only"
depth4_stable_muon_observed,4,stable_muon,300000,checkpoints/depth_sweep_v3_depth_4_stable_muon_seed_0_to_300k/step_300000.pt,0.011692545376718044,0.9971279501914978,0.16668248176574707,0.9548047780990601,0.9674994349479675,4,0.5396691560745239,0.1100956410172158,nan,0.48025393787738885,0.5396691432660979,0.02142143593620889,0.024071615175750835,0.1384269451439406,0.1555526045678069,0.09664954456973505,0.1086066616039364,0.15315252646697744,0.1720999792584178,addition,0.5396691432660979,0.2793870676606766,0.5564323592719581,0.6721321304919348,0.7626835377181459,0.4443451456251139,49.065310229890976,"(38,38)/(75,75):addition|(18,18)/(95,95):addition|(44,0)/(69,0):a_only|(44,44)/(69,69):addition|(0,44)/(0,69):b_only|(9,9)/(104,104):addition|(9,0)/(104,0):a_only|(18,0)/(95,0):a_only|(52,52)/(61,61):addition|(0,9)/(0,104):b_only|(52,0)/(61,0):a_only|(0,18)/(0,95):b_only|(0,52)/(0,61):b_only|(37,37)/(76,76):addition|(44,69)/(69,44):subtraction|(9,104)/(104,9):subtraction|(52,61)/(61,52):subtraction|(25,0)/(88,0):a_only|(38,82)/(75,31):generic_interaction|(18,95)/(95,18):subtraction"
