step,branch_step,control_checkpoint,freeze_checkpoint,control_full_accuracy,freeze_full_accuracy,paired_accuracy_advantage_freeze,readout_weight_cosine,final_full_power_spectral_cosine,final_top_5_global_mode_overlap,final_top_20_global_mode_overlap,control_final_total_spectral_power,control_final_non_dc_spectral_power,control_final_dc_power_fraction_total,control_final_dc_power_fraction_non_dc,control_final_addition_power_fraction_total,control_final_addition_power_fraction_non_dc,control_final_subtraction_power_fraction_total,control_final_subtraction_power_fraction_non_dc,control_final_a_only_power_fraction_total,control_final_a_only_power_fraction_non_dc,control_final_b_only_power_fraction_total,control_final_b_only_power_fraction_non_dc,control_final_generic_interaction_power_fraction_total,control_final_generic_interaction_power_fraction_non_dc,control_final_dominant_non_dc_family,control_final_dominant_non_dc_family_fraction,freeze_final_total_spectral_power,freeze_final_non_dc_spectral_power,freeze_final_dc_power_fraction_total,freeze_final_dc_power_fraction_non_dc,freeze_final_addition_power_fraction_total,freeze_final_addition_power_fraction_non_dc,freeze_final_subtraction_power_fraction_total,freeze_final_subtraction_power_fraction_non_dc,freeze_final_a_only_power_fraction_total,freeze_final_a_only_power_fraction_non_dc,freeze_final_b_only_power_fraction_total,freeze_final_b_only_power_fraction_non_dc,freeze_final_generic_interaction_power_fraction_total,freeze_final_generic_interaction_power_fraction_non_dc,freeze_final_dominant_non_dc_family,freeze_final_dominant_non_dc_family_fraction,final_dc_power_spectral_cosine,final_addition_power_spectral_cosine,final_subtraction_power_spectral_cosine,final_a_only_power_spectral_cosine,final_b_only_power_spectral_cosine,final_generic_interaction_power_spectral_cosine
126200,126200,checkpoints/depth4_matched_freeze_seed_0_from_126200_shared/step_126200.pt,checkpoints/depth4_matched_freeze_seed_0_from_126200_shared/step_126200.pt,0.9407157897949219,0.9407157897949219,0.0,1.0000002000151211,1.0000008689012256,1.0,1.0,33130899456.0,31435413504.0,0.051175390582188,nan,0.7965776147746733,0.8395414573007552,0.007946305241414814,0.008374893492859588,0.04554386028679752,0.04800029291194146,0.017202543648321772,0.01813037210175328,0.08155427049568599,0.08595294398326232,addition,0.8395414573007552,33130899456.0,31435413504.0,0.051175390582188,nan,0.7965776147746733,0.8395414573007552,0.007946305241414814,0.008374893492859588,0.04554386028679752,0.04800029291194146,0.017202543648321772,0.01813037210175328,0.08155427049568599,0.08595294398326232,addition,0.8395414573007552,1.0,1.0,0.9999998953935394,1.0,1.0000000827721587,1.0000014394316465
130000,126200,checkpoints/depth4_matched_freeze_seed_0_from_126200_control/step_130000.pt,checkpoints/depth4_matched_freeze_seed_0_from_126200_freeze/step_130000.pt,0.9487038850784302,0.9906805753707886,0.0419766902923584,0.6252753294397584,0.9108732991465965,0.6,0.75,44803198976.0,42443259904.0,0.052673490240376895,nan,0.7945522701418989,0.8387311327291587,0.005156784276135345,0.005443512881022269,0.027111875485736743,0.028619355693871258,0.021627191409235143,0.02282971105875591,0.09887833380766137,0.10437618773911604,addition,0.8387311327291587,86193086464.0,80934649856.0,0.061007590373228754,nan,0.8040469444953185,0.8562869911874003,0.005838892057893763,0.006218252984295705,0.03199469007472901,0.03407342952501276,0.020961436167558654,0.022323329787854267,0.07615045054386603,0.08109805107797612,addition,0.8562869911874003,1.0,0.9078299407231376,0.9511268877705518,0.677530098271083,0.7934101086354984,0.5474619495639257
140000,126200,checkpoints/depth4_matched_freeze_seed_0_from_126200_control/step_140000.pt,checkpoints/depth4_matched_freeze_seed_0_from_126200_freeze/step_140000.pt,0.9847286343574524,0.9804996252059937,-0.00422900915145874,0.24632021538946736,0.8325670355210583,0.4,0.85,112760807424.0,110117380096.0,0.023442818727434655,nan,0.8590413612396944,0.879663114210966,0.005251014829767667,0.005377068283715081,0.019494342140832666,0.01996231437838076,0.01624028328490164,0.01663014007782883,0.07653019339912313,0.0783673421259817,addition,0.879663114210966,118658375680.0,110861418496.0,0.06570926907871187,nan,0.8295063089135993,0.887846038480478,0.004108159927240292,0.004397089543082009,0.029457479254784286,0.031529243332982584,0.0172741741006782,0.018489078236663157,0.053944615736711894,0.05773857638517366,addition,0.887846038480478,1.0,0.8350929686087321,0.7090187289553891,0.9504772295783721,0.9462932949293337,0.7494313343336704
150000,126200,checkpoints/depth4_matched_freeze_seed_0_from_126200_control/step_150000.pt,checkpoints/depth4_matched_freeze_seed_0_from_126200_freeze/step_150000.pt,0.8120447993278503,0.9810478687286377,0.16900306940078735,0.07169293749626847,0.816833596690901,0.6,0.55,54404108288.0,49001975808.0,0.09929643525085692,nan,0.30351825477198785,0.3369790651850444,0.023232123157118,0.0257933057424524,0.21464259489711573,0.23830547204371208,0.11394663239738018,0.12650846880725025,0.24536394540896037,0.27241364120302863,addition,0.3369790651850444,171223056384.0,163024306176.0,0.047883489228300775,nan,0.8099897556376049,0.8507254215838976,0.0053405162792401146,0.005609099289849444,0.02506886908018716,0.026329622156870194,0.02139615248885569,0.022472198839140544,0.09032125802798799,0.09486365695250373,addition,0.8507254215838976,1.0,0.9911085680789238,0.9043175184071799,0.8649317640792737,0.9626284461383846,0.7552650077963564
160000,126200,checkpoints/depth4_matched_freeze_seed_0_from_126200_control/step_160000.pt,checkpoints/depth4_matched_freeze_seed_0_from_126200_freeze/step_160000.pt,0.03289216011762619,0.9896624684333801,0.9567703083157539,-0.01496238370185887,0.16235424317268984,0.0,0.1,22316609536.0,16104534016.0,0.2783610565027363,nan,0.08576261895484373,0.11884422598620316,0.01314737633092045,0.018218773899853272,0.3375450660571167,0.46774786730966783,0.07913391311306402,0.1096585991401839,0.2060499604378614,0.2855305535342725,a_only,0.46774786730966783,138981769216.0,131597746176.0,0.05312941409260697,nan,0.8458732956931305,0.8933357187650685,0.003936561428784971,0.004157444089264947,0.025230832876721693,0.026646549001760313,0.01723793787857604,0.018205168200949966,0.05459193684754539,0.05765512091561734,addition,0.8933357187650685,1.0,0.008865571179908221,0.02892254475330289,0.25589103682104447,0.0658854373854244,0.04153903702929177
170000,126200,checkpoints/depth4_matched_freeze_seed_0_from_126200_control/step_170000.pt,checkpoints/depth4_matched_freeze_seed_0_from_126200_freeze/step_170000.pt,0.334795206785202,0.997337281703949,0.662542074918747,0.00031703725267799967,0.16380299771547174,0.2,0.25,319356010496.0,306030641152.0,0.04172575411154475,nan,0.18519826703791065,0.19326228082705005,0.01657055089015236,0.01729207573489873,0.20419199849948266,0.2130830487121431,0.14714445619174774,0.15355150817287008,0.40516897647561473,0.42281108655303806,generic_interaction,0.42281108655303806,87378837504.0,82699698176.0,0.05355000608454879,nan,0.85562068866592,0.9040316079617418,0.008466884169363462,0.008945939493340285,0.021122021266482424,0.02231710277916843,0.01444912754695556,0.015266657507178179,0.04679138140070626,0.04943883233163397,addition,0.9040316079617418,1.0,0.11362548151942009,0.06177450663637901,0.3995237255913823,0.17150024864051455,0.10692059664105942
180000,126200,checkpoints/depth4_matched_freeze_seed_0_from_126200_control/step_180000.pt,checkpoints/depth4_matched_freeze_seed_0_from_126200_freeze/step_180000.pt,0.00971101876348257,0.97948157787323,0.9697705591097474,-0.006372749323780105,0.16222337408659446,0.0,0.05,3084418048.0,1939773952.0,0.3711053683991412,nan,0.0020158452593777585,0.00320537838627498,0.0018595147968736047,0.0029567986486705848,0.4506915711057336,0.7166408305291028,0.03438047059436737,0.05466809361506469,0.13994709967408414,0.2225286918380065,a_only,0.7166408305291028,220754788352.0,209030463488.0,0.05311019093866817,nan,0.8362759942385977,0.8831819392803393,0.0037429203242581176,0.0039528572544519774,0.02297906120120652,0.024267935435598433,0.022434228480259062,0.023692543552554055,0.06145759756914956,0.06490469722743956,addition,0.8831819392803393,1.0,0.044875071645030115,0.04448349837444675,0.31993687589618086,0.1405416677086899,0.10996515847633695
190000,126200,checkpoints/depth4_matched_freeze_seed_0_from_126200_control/step_190000.pt,checkpoints/depth4_matched_freeze_seed_0_from_126200_freeze/step_190000.pt,0.1889732927083969,0.9862166047096252,0.7972433120012283,0.009954357388429551,0.4353684184781755,0.2,0.35,165773164544.0,156784558080.0,0.054222350069297355,nan,0.08851024625343114,0.09358462208065944,0.013639421785905917,0.014421382690292046,0.2775590529780072,0.2934717750489322,0.09691424290652166,0.1024704277815572,0.469154696816789,0.4960517777032344,generic_interaction,0.4960517777032344,86453706752.0,81782128640.0,0.05403562594951348,nan,0.842944251968862,0.8910951130753058,0.0044299922165123365,0.004683043280591235,0.027283701030498993,0.028842207059481106,0.01274070992883736,0.013468487777429414,0.058565728529423274,0.06191113393841836,addition,0.8910951130753058,1.0,0.5529958482206594,0.8628537257038854,0.7675558871745124,0.7940112688107698,0.5077297134677725
200000,126200,checkpoints/depth4_matched_freeze_seed_0_from_126200_control/step_200000.pt,checkpoints/depth4_matched_freeze_seed_0_from_126200_freeze/step_200000.pt,0.10556817054748535,0.9837888479232788,0.8782206773757935,-0.0013954897649379057,0.148103877182267,0.0,0.05,29928263680.0,27835316224.0,0.06993215905801589,nan,0.1315753817897397,0.14146858215337083,0.020155057922825678,0.02167052398994869,0.3374579923508613,0.3628315803824798,0.11275290982734351,0.12123084174234959,0.3281265974197672,0.35279855450439734,a_only,0.3628315803824798,149135736832.0,137375006720.0,0.07885922122910319,nan,0.8011011342679387,0.8696837276922682,0.004662786470712571,0.0050619695139840935,0.026437735312506212,0.028701080568726032,0.020186597578495544,0.02191478039477835,0.0687526551704401,0.07463859789938943,addition,0.8696837276922682,1.0,0.0005822691364643112,0.0028680372031307665,0.18830553800037958,0.04362575613243291,0.027905307018255117
210000,126200,checkpoints/depth4_matched_freeze_seed_0_from_126200_control/step_210000.pt,checkpoints/depth4_matched_freeze_seed_0_from_126200_freeze/step_210000.pt,0.5073224306106567,0.9636619687080383,0.4563395380973816,0.005585627680894277,0.039591239094373336,0.0,0.0,443836596224.0,427868618752.0,0.035977176843572205,nan,0.3442293576776004,0.3570759334433798,0.017403851421259407,0.018053359927471646,0.17499371346296422,0.1815244463838982,0.10814380267051207,0.11217970932292319,0.3192519456518353,0.33116636903471824,addition,0.3570759334433798,159837011968.0,150755573760.0,0.05681687313960886,nan,0.8600772657807346,0.9118878778097657,0.0028277863958723727,0.002998130793621942,0.01710775044110214,0.018138312526694338,0.01525911368068049,0.016178314838845,0.047911221973626225,0.05079736933767615,addition,0.9118878778097657,1.0,0.0005087234609678259,0.004153605041789663,0.12641263207936718,0.0821606124727152,0.03043047580260405
220000,126200,checkpoints/depth4_matched_freeze_seed_0_from_126200_control/step_220000.pt,checkpoints/depth4_matched_freeze_seed_0_from_126200_freeze/step_220000.pt,0.3257107138633728,0.99326491355896,0.6675541996955872,0.0030102509034505205,0.04310031674463314,0.0,0.0,256946634752.0,245973090304.0,0.042707452722980585,nan,0.30279246444730645,0.31630087938418194,0.015453142493313365,0.016142550207799825,0.1947117404837332,0.20339837338371808,0.10223892571838994,0.10680008886961079,0.34209634288006885,0.35735821327187905,generic_interaction,0.35735821327187905,224596901888.0,212060225536.0,0.05581858139010164,nan,0.850958400625256,0.901265760389161,0.004360316601732804,0.004618091853503894,0.02478727861872367,0.026252664637739453,0.018478599326671046,0.01957102587017405,0.045596795796884325,0.04829240865945167,addition,0.901265760389161,1.0,0.0003251824890611342,0.0047971047015249145,0.14491499438510247,0.08587444784131457,0.031159283423680992
230000,126200,checkpoints/depth4_matched_freeze_seed_0_from_126200_control/step_230000.pt,checkpoints/depth4_matched_freeze_seed_0_from_126200_freeze/step_230000.pt,0.9841021299362183,0.9946746230125427,0.010572493076324463,0.00784120085149606,0.030021883447161488,0.0,0.05,118310395904.0,115125198848.0,0.026922372456470754,nan,0.6586782874366603,0.6769021008414423,0.024292899250646732,0.024965016840445876,0.11183058701566459,0.1149246312396693,0.06779675664772933,0.06967250610867758,0.11047919023621561,0.11353584503473864,addition,0.6769021008414423,67498143744.0,63139581952.0,0.06457306915773425,nan,0.8491369551343376,0.9077533693455899,0.004507062729810883,0.004818187871932269,0.020452508638398148,0.021864357116736836,0.010377818072400945,0.011094204844950063,0.050952660224907534,0.05446995177469749,addition,0.9077533693455899,1.0,0.008266744273222422,0.003057944899543047,0.10938171070774656,0.09629565586309116,0.02227139703606331
240000,126200,checkpoints/depth4_matched_freeze_seed_0_from_126200_control/step_240000.pt,checkpoints/depth4_matched_freeze_seed_0_from_126200_freeze/step_240000.pt,0.6724880337715149,0.988331139087677,0.3158431053161621,-0.002278924831902108,0.031098823014787735,0.0,0.05,347460141056.0,334895677440.0,0.036160842189881554,nan,0.4576674693468527,0.4748380291784754,0.025360219394430707,0.026311672564297877,0.1759154779084394,0.1825153947499096,0.09683933359877672,0.10047250764539459,0.2080567695514428,0.21586254874535296,addition,0.4748380291784754,100437409792.0,96632020992.0,0.037888141080905345,nan,0.8669056850063774,0.9010446086314221,0.002588425174826715,0.002690357888939556,0.02187234868511094,0.022733686261015584,0.00965793253737676,0.010038263900951696,0.06108750319931787,0.0634931416006289,addition,0.9010446086314221,1.0,0.012254940235081724,0.006736358412557101,0.08128047929007151,0.05833867245655939,0.021099435500499496
250000,126200,checkpoints/depth4_matched_freeze_seed_0_from_126200_control/step_250000.pt,checkpoints/depth4_matched_freeze_seed_0_from_126200_freeze/step_250000.pt,0.21810634434223175,0.9927167296409607,0.7746103852987289,-0.021926805542625948,0.1352615018483565,0.0,0.05,70913024000.0,64599556096.0,0.08903115478476845,nan,0.20180895582735267,0.22153222394799288,0.02043057139969098,0.022427299621795842,0.29657876420557105,0.32556411057602075,0.10118386738097644,0.11107280683689236,0.29096665752119105,0.3194035193885429,a_only,0.32556411057602075,138260709376.0,129293885440.0,0.06485446209895193,nan,0.8355546499463665,0.8935022582920995,0.004793390247967593,0.005125822723515795,0.02159144507122133,0.023088860713257255,0.013607598517982017,0.014551316310105623,0.059598538364149065,0.06373183205035562,addition,0.8935022582920995,1.0,0.015949783048209897,0.0031898294787877386,0.16548146173447245,0.09799296696645844,0.02547316177960294
260000,126200,checkpoints/depth4_matched_freeze_seed_0_from_126200_control/step_260000.pt,checkpoints/depth4_matched_freeze_seed_0_from_126200_freeze/step_260000.pt,0.265878289937973,0.993108332157135,0.727230042219162,0.004824042321293775,0.08868183006070328,0.0,0.05,95334637568.0,89339379712.0,0.06288650279625511,nan,0.19700275290398847,0.21022292866308456,0.0243858549138739,0.02602230558902943,0.23539743703323962,0.2511941477134038,0.13032779553116475,0.13907364470240569,0.3499997508062064,0.3734870277761527,generic_interaction,0.3734870277761527,125740236800.0,119459471360.0,0.0499503026226208,nan,0.8474408029109104,0.8919963065204042,0.0038641927545662136,0.004067358631914174,0.02379181827658209,0.025042709715202276,0.013125111976884714,0.013815184925994971,0.061827723359273966,0.0650784110082973,addition,0.8919963065204042,1.0,0.011536233411690727,0.005898098820488693,0.21871594432096558,0.09566779590228641,0.029654932071289893
270000,126200,checkpoints/depth4_matched_freeze_seed_0_from_126200_control/step_270000.pt,checkpoints/depth4_matched_freeze_seed_0_from_126200_freeze/step_270000.pt,0.12538178265094757,0.9902889728546143,0.8649071902036667,0.014003376266039138,0.0895944384698128,0.0,0.1,54530416640.0,50831163392.0,0.0678383549574141,nan,0.22126506693787842,0.23736769892421825,0.019719924149840494,0.021155047577943894,0.28677008868714926,0.307639868389499,0.10031190166971003,0.10761213057069036,0.30409472932279435,0.3262253149730152,generic_interaction,0.3262253149730152,113806008320.0,108551258112.0,0.04617286258933433,nan,0.8696554610869951,0.9117537499001953,0.0032778121779923966,0.0034364845372415096,0.016617941881260423,0.017422383350441623,0.01490350276789323,0.015624951654176182,0.04937254518408892,0.051762571763125875,addition,0.9117537499001953,1.0,0.029922638168973663,0.007965317258474198,0.27325000978530467,0.12895820398198565,0.042984580479868424
280000,126200,checkpoints/depth4_matched_freeze_seed_0_from_126200_control/step_280000.pt,checkpoints/depth4_matched_freeze_seed_0_from_126200_freeze/step_280000.pt,0.9526196122169495,0.9898974299430847,0.037277817726135254,0.008144069435274208,0.11343417685340622,0.2,0.25,113274888192.0,110460796928.0,0.024843023876837903,nan,0.6228505787126684,0.6387182749549392,0.0204896455078904,0.021011638233180936,0.10869666543506307,0.1114658138128909,0.074799271394014,0.0767048522157843,0.14832087157325102,0.15209948335744095,addition,0.6387182749549392,124769951744.0,117521637376.0,0.05809341286652025,nan,0.8587372864568926,0.9117011316750155,0.004168658565062016,0.0044257665193679335,0.020933101628177863,0.022224180485536534,0.00963337687639845,0.010227529115804003,0.04843421746607035,0.051421466811813796,addition,0.9117011316750155,1.0,0.09981621519979438,0.5324765512417519,0.5482009315161259,0.5799916387734835,0.08046640468848115
290000,126200,checkpoints/depth4_matched_freeze_seed_0_from_126200_control/step_290000.pt,checkpoints/depth4_matched_freeze_seed_0_from_126200_freeze/step_290000.pt,0.9202756881713867,0.9858250617980957,0.06554937362670898,-0.01767889879965561,0.25964822099548557,0.2,0.2,214528917504.0,209195417600.0,0.024861437824113174,nan,0.6191043688901454,0.6348886204283664,0.02214348047466107,0.02270803514961888,0.11258355668321342,0.11545390822174491,0.06721501563410974,0.06892868261374382,0.15409212378738465,0.15802074869158128,addition,0.6348886204283664,117447057408.0,110376550400.0,0.060201683618498106,nan,0.8643862552582344,0.9197571565345822,0.0035000684144173328,0.0037242759853455248,0.013404209204927823,0.014262856759835829,0.018345805433974488,0.0195210020261695,0.04016199414527608,0.04273469332848438,addition,0.9197571565345822,1.0,0.25030205137527894,0.18001627539623502,0.24364247039645712,0.23366225135658408,0.06311206376984708
300000,126200,checkpoints/depth4_matched_freeze_seed_0_from_126200_control/step_300000.pt,checkpoints/depth4_matched_freeze_seed_0_from_126200_freeze/step_300000.pt,0.45845407247543335,0.9888793230056763,0.5304252505302429,-0.02802268568661564,0.2715732853317591,0.2,0.3,34363777024.0,28946778112.0,0.15763690412193962,nan,0.17170598481881244,0.20383844285433406,0.016879187628149824,0.02003789982276284,0.27152985591436246,0.32234300438886787,0.14638419928306423,0.17377802685110105,0.2358639464555734,0.28000270125537624,a_only,0.32234300438886787,188399009792.0,178202066944.0,0.054124146890463076,nan,0.8577687396680901,0.90685132869297,0.004678002336493299,0.004945683420591066,0.020525530215202883,0.021700026460496676,0.017997872938629336,0.019027733505838366,0.04490578846109862,0.04747535326096201,addition,0.90685132869297,1.0,0.34657261493931757,0.491972641575286,0.5018517912406271,0.4817056140236998,0.11606406661000837
