comparison_type,run,depth,regime,target_role,target_step,target_checkpoint,reference_role,reference_step,reference_checkpoint,hidden_source,readout_source,target_baseline_accuracy,reference_baseline_accuracy,readout_weight_cosine,full_hidden_spectral_power_cosine,intervention_accuracy
within_run_reference,depth2_adamw,2,adamw,maximum_accuracy_reference,6000,checkpoints/depth_sweep_v2_depth_2_adamw_seed_0/step_006000.pt,maximum_accuracy_reference,6000,checkpoints/depth_sweep_v2_depth_2_adamw_seed_0/step_006000.pt,target_full,target_readout,1.0,1.0,1.0000003576278687,1.0000001192092896,1.0
within_run_reference,depth2_adamw,2,adamw,maximum_accuracy_reference,6000,checkpoints/depth_sweep_v2_depth_2_adamw_seed_0/step_006000.pt,maximum_accuracy_reference,6000,checkpoints/depth_sweep_v2_depth_2_adamw_seed_0/step_006000.pt,target_full,reference_readout,1.0,1.0,1.0000003576278687,1.0000001192092896,1.0
within_run_reference,depth2_adamw,2,adamw,maximum_accuracy_reference,6000,checkpoints/depth_sweep_v2_depth_2_adamw_seed_0/step_006000.pt,maximum_accuracy_reference,6000,checkpoints/depth_sweep_v2_depth_2_adamw_seed_0/step_006000.pt,reference_full,target_readout,1.0,1.0,1.0000003576278687,1.0000001192092896,1.0
within_run_reference,depth2_adamw,2,adamw,maximum_accuracy_reference,6000,checkpoints/depth_sweep_v2_depth_2_adamw_seed_0/step_006000.pt,maximum_accuracy_reference,6000,checkpoints/depth_sweep_v2_depth_2_adamw_seed_0/step_006000.pt,reference_full,reference_readout,1.0,1.0,1.0000003576278687,1.0000001192092896,1.0
within_run_reference,depth2_adamw,2,adamw,maximum_accuracy_reference,6000,checkpoints/depth_sweep_v2_depth_2_adamw_seed_0/step_006000.pt,maximum_accuracy_reference,6000,checkpoints/depth_sweep_v2_depth_2_adamw_seed_0/step_006000.pt,target_addition_only,target_readout,1.0,1.0,1.0000003576278687,1.0000001192092896,1.0
within_run_reference,depth2_adamw,2,adamw,maximum_accuracy_reference,6000,checkpoints/depth_sweep_v2_depth_2_adamw_seed_0/step_006000.pt,maximum_accuracy_reference,6000,checkpoints/depth_sweep_v2_depth_2_adamw_seed_0/step_006000.pt,target_addition_only,reference_readout,1.0,1.0,1.0000003576278687,1.0000001192092896,1.0
within_run_reference,depth2_adamw,2,adamw,maximum_accuracy_reference,6000,checkpoints/depth_sweep_v2_depth_2_adamw_seed_0/step_006000.pt,maximum_accuracy_reference,6000,checkpoints/depth_sweep_v2_depth_2_adamw_seed_0/step_006000.pt,reference_addition_only,target_readout,1.0,1.0,1.0000003576278687,1.0000001192092896,1.0
within_run_reference,depth2_adamw,2,adamw,maximum_accuracy_reference,6000,checkpoints/depth_sweep_v2_depth_2_adamw_seed_0/step_006000.pt,maximum_accuracy_reference,6000,checkpoints/depth_sweep_v2_depth_2_adamw_seed_0/step_006000.pt,reference_addition_only,reference_readout,1.0,1.0,1.0000003576278687,1.0000001192092896,1.0
within_run_reference,depth2_adamw,2,adamw,minimum_after_first_generalized,29000,checkpoints/depth_sweep_v2_depth_2_adamw_seed_0/step_029000.pt,maximum_accuracy_reference,6000,checkpoints/depth_sweep_v2_depth_2_adamw_seed_0/step_006000.pt,target_full,target_readout,0.1823948621749878,1.0,0.04060840606689453,0.9548317193984985,0.1823948621749878
within_run_reference,depth2_adamw,2,adamw,minimum_after_first_generalized,29000,checkpoints/depth_sweep_v2_depth_2_adamw_seed_0/step_029000.pt,maximum_accuracy_reference,6000,checkpoints/depth_sweep_v2_depth_2_adamw_seed_0/step_006000.pt,target_full,reference_readout,0.1823948621749878,1.0,0.04060840606689453,0.9548317193984985,0.021536534652113914
within_run_reference,depth2_adamw,2,adamw,minimum_after_first_generalized,29000,checkpoints/depth_sweep_v2_depth_2_adamw_seed_0/step_029000.pt,maximum_accuracy_reference,6000,checkpoints/depth_sweep_v2_depth_2_adamw_seed_0/step_006000.pt,reference_full,target_readout,0.1823948621749878,1.0,0.04060840606689453,0.9548317193984985,0.014096640050411224
within_run_reference,depth2_adamw,2,adamw,minimum_after_first_generalized,29000,checkpoints/depth_sweep_v2_depth_2_adamw_seed_0/step_029000.pt,maximum_accuracy_reference,6000,checkpoints/depth_sweep_v2_depth_2_adamw_seed_0/step_006000.pt,reference_full,reference_readout,0.1823948621749878,1.0,0.04060840606689453,0.9548317193984985,1.0
within_run_reference,depth2_adamw,2,adamw,minimum_after_first_generalized,29000,checkpoints/depth_sweep_v2_depth_2_adamw_seed_0/step_029000.pt,maximum_accuracy_reference,6000,checkpoints/depth_sweep_v2_depth_2_adamw_seed_0/step_006000.pt,target_addition_only,target_readout,0.1823948621749878,1.0,0.04060840606689453,0.9548317193984985,0.3539822995662689
within_run_reference,depth2_adamw,2,adamw,minimum_after_first_generalized,29000,checkpoints/depth_sweep_v2_depth_2_adamw_seed_0/step_029000.pt,maximum_accuracy_reference,6000,checkpoints/depth_sweep_v2_depth_2_adamw_seed_0/step_006000.pt,target_addition_only,reference_readout,0.1823948621749878,1.0,0.04060840606689453,0.9548317193984985,0.017699114978313446
within_run_reference,depth2_adamw,2,adamw,minimum_after_first_generalized,29000,checkpoints/depth_sweep_v2_depth_2_adamw_seed_0/step_029000.pt,maximum_accuracy_reference,6000,checkpoints/depth_sweep_v2_depth_2_adamw_seed_0/step_006000.pt,reference_addition_only,target_readout,0.1823948621749878,1.0,0.04060840606689453,0.9548317193984985,0.017699114978313446
within_run_reference,depth2_adamw,2,adamw,minimum_after_first_generalized,29000,checkpoints/depth_sweep_v2_depth_2_adamw_seed_0/step_029000.pt,maximum_accuracy_reference,6000,checkpoints/depth_sweep_v2_depth_2_adamw_seed_0/step_006000.pt,reference_addition_only,reference_readout,0.1823948621749878,1.0,0.04060840606689453,0.9548317193984985,1.0
within_run_reference,depth2_adamw,2,adamw,final,100000,checkpoints/depth_sweep_v2_depth_2_adamw_seed_0/step_100000.pt,maximum_accuracy_reference,6000,checkpoints/depth_sweep_v2_depth_2_adamw_seed_0/step_006000.pt,target_full,target_readout,0.492129385471344,1.0,-0.010977930389344692,0.7006556391716003,0.492129385471344
within_run_reference,depth2_adamw,2,adamw,final,100000,checkpoints/depth_sweep_v2_depth_2_adamw_seed_0/step_100000.pt,maximum_accuracy_reference,6000,checkpoints/depth_sweep_v2_depth_2_adamw_seed_0/step_006000.pt,target_full,reference_readout,0.492129385471344,1.0,-0.010977930389344692,0.7006556391716003,0.0043073068372905254
within_run_reference,depth2_adamw,2,adamw,final,100000,checkpoints/depth_sweep_v2_depth_2_adamw_seed_0/step_100000.pt,maximum_accuracy_reference,6000,checkpoints/depth_sweep_v2_depth_2_adamw_seed_0/step_006000.pt,reference_full,target_readout,0.492129385471344,1.0,-0.010977930389344692,0.7006556391716003,0.004385621286928654
within_run_reference,depth2_adamw,2,adamw,final,100000,checkpoints/depth_sweep_v2_depth_2_adamw_seed_0/step_100000.pt,maximum_accuracy_reference,6000,checkpoints/depth_sweep_v2_depth_2_adamw_seed_0/step_006000.pt,reference_full,reference_readout,0.492129385471344,1.0,-0.010977930389344692,0.7006556391716003,1.0
within_run_reference,depth2_adamw,2,adamw,final,100000,checkpoints/depth_sweep_v2_depth_2_adamw_seed_0/step_100000.pt,maximum_accuracy_reference,6000,checkpoints/depth_sweep_v2_depth_2_adamw_seed_0/step_006000.pt,target_addition_only,target_readout,0.492129385471344,1.0,-0.010977930389344692,0.7006556391716003,0.5663716793060303
within_run_reference,depth2_adamw,2,adamw,final,100000,checkpoints/depth_sweep_v2_depth_2_adamw_seed_0/step_100000.pt,maximum_accuracy_reference,6000,checkpoints/depth_sweep_v2_depth_2_adamw_seed_0/step_006000.pt,target_addition_only,reference_readout,0.492129385471344,1.0,-0.010977930389344692,0.7006556391716003,0.0
within_run_reference,depth2_adamw,2,adamw,final,100000,checkpoints/depth_sweep_v2_depth_2_adamw_seed_0/step_100000.pt,maximum_accuracy_reference,6000,checkpoints/depth_sweep_v2_depth_2_adamw_seed_0/step_006000.pt,reference_addition_only,target_readout,0.492129385471344,1.0,-0.010977930389344692,0.7006556391716003,0.0
within_run_reference,depth2_adamw,2,adamw,final,100000,checkpoints/depth_sweep_v2_depth_2_adamw_seed_0/step_100000.pt,maximum_accuracy_reference,6000,checkpoints/depth_sweep_v2_depth_2_adamw_seed_0/step_006000.pt,reference_addition_only,reference_readout,0.492129385471344,1.0,-0.010977930389344692,0.7006556391716003,1.0
within_run_reference,depth2_muon,2,muon,first_generalized,2000,checkpoints/depth_sweep_v2_depth_2_muon_seed_0/step_002000.pt,maximum_accuracy_reference,83000,checkpoints/depth_sweep_v2_depth_2_muon_seed_0/step_083000.pt,target_full,target_readout,0.958336591720581,0.9995301365852356,0.00949855800718069,0.438929945230484,0.958336591720581
within_run_reference,depth2_muon,2,muon,first_generalized,2000,checkpoints/depth_sweep_v2_depth_2_muon_seed_0/step_002000.pt,maximum_accuracy_reference,83000,checkpoints/depth_sweep_v2_depth_2_muon_seed_0/step_083000.pt,target_full,reference_readout,0.958336591720581,0.9995301365852356,0.00949855800718069,0.438929945230484,0.014801472425460815
within_run_reference,depth2_muon,2,muon,first_generalized,2000,checkpoints/depth_sweep_v2_depth_2_muon_seed_0/step_002000.pt,maximum_accuracy_reference,83000,checkpoints/depth_sweep_v2_depth_2_muon_seed_0/step_083000.pt,reference_full,target_readout,0.958336591720581,0.9995301365852356,0.00949855800718069,0.438929945230484,0.005951914936304092
within_run_reference,depth2_muon,2,muon,first_generalized,2000,checkpoints/depth_sweep_v2_depth_2_muon_seed_0/step_002000.pt,maximum_accuracy_reference,83000,checkpoints/depth_sweep_v2_depth_2_muon_seed_0/step_083000.pt,reference_full,reference_readout,0.958336591720581,0.9995301365852356,0.00949855800718069,0.438929945230484,0.9995301365852356
within_run_reference,depth2_muon,2,muon,first_generalized,2000,checkpoints/depth_sweep_v2_depth_2_muon_seed_0/step_002000.pt,maximum_accuracy_reference,83000,checkpoints/depth_sweep_v2_depth_2_muon_seed_0/step_083000.pt,target_addition_only,target_readout,0.958336591720581,0.9995301365852356,0.00949855800718069,0.438929945230484,1.0
within_run_reference,depth2_muon,2,muon,first_generalized,2000,checkpoints/depth_sweep_v2_depth_2_muon_seed_0/step_002000.pt,maximum_accuracy_reference,83000,checkpoints/depth_sweep_v2_depth_2_muon_seed_0/step_083000.pt,target_addition_only,reference_readout,0.958336591720581,0.9995301365852356,0.00949855800718069,0.438929945230484,0.017699114978313446
within_run_reference,depth2_muon,2,muon,first_generalized,2000,checkpoints/depth_sweep_v2_depth_2_muon_seed_0/step_002000.pt,maximum_accuracy_reference,83000,checkpoints/depth_sweep_v2_depth_2_muon_seed_0/step_083000.pt,reference_addition_only,target_readout,0.958336591720581,0.9995301365852356,0.00949855800718069,0.438929945230484,0.0
within_run_reference,depth2_muon,2,muon,first_generalized,2000,checkpoints/depth_sweep_v2_depth_2_muon_seed_0/step_002000.pt,maximum_accuracy_reference,83000,checkpoints/depth_sweep_v2_depth_2_muon_seed_0/step_083000.pt,reference_addition_only,reference_readout,0.958336591720581,0.9995301365852356,0.00949855800718069,0.438929945230484,1.0
within_run_reference,depth2_muon,2,muon,minimum_after_first_generalized,75000,checkpoints/depth_sweep_v2_depth_2_muon_seed_0/step_075000.pt,maximum_accuracy_reference,83000,checkpoints/depth_sweep_v2_depth_2_muon_seed_0/step_083000.pt,target_full,target_readout,0.8255149126052856,0.9995301365852356,0.08738613873720169,0.9848772287368774,0.8255149126052856
within_run_reference,depth2_muon,2,muon,minimum_after_first_generalized,75000,checkpoints/depth_sweep_v2_depth_2_muon_seed_0/step_075000.pt,maximum_accuracy_reference,83000,checkpoints/depth_sweep_v2_depth_2_muon_seed_0/step_083000.pt,target_full,reference_readout,0.8255149126052856,0.9995301365852356,0.08738613873720169,0.9848772287368774,0.02741013467311859
within_run_reference,depth2_muon,2,muon,minimum_after_first_generalized,75000,checkpoints/depth_sweep_v2_depth_2_muon_seed_0/step_075000.pt,maximum_accuracy_reference,83000,checkpoints/depth_sweep_v2_depth_2_muon_seed_0/step_083000.pt,reference_full,target_readout,0.8255149126052856,0.9995301365852356,0.08738613873720169,0.9848772287368774,0.01926540769636631
within_run_reference,depth2_muon,2,muon,minimum_after_first_generalized,75000,checkpoints/depth_sweep_v2_depth_2_muon_seed_0/step_075000.pt,maximum_accuracy_reference,83000,checkpoints/depth_sweep_v2_depth_2_muon_seed_0/step_083000.pt,reference_full,reference_readout,0.8255149126052856,0.9995301365852356,0.08738613873720169,0.9848772287368774,0.9995301365852356
within_run_reference,depth2_muon,2,muon,minimum_after_first_generalized,75000,checkpoints/depth_sweep_v2_depth_2_muon_seed_0/step_075000.pt,maximum_accuracy_reference,83000,checkpoints/depth_sweep_v2_depth_2_muon_seed_0/step_083000.pt,target_addition_only,target_readout,0.8255149126052856,0.9995301365852356,0.08738613873720169,0.9848772287368774,0.9646017551422119
within_run_reference,depth2_muon,2,muon,minimum_after_first_generalized,75000,checkpoints/depth_sweep_v2_depth_2_muon_seed_0/step_075000.pt,maximum_accuracy_reference,83000,checkpoints/depth_sweep_v2_depth_2_muon_seed_0/step_083000.pt,target_addition_only,reference_readout,0.8255149126052856,0.9995301365852356,0.08738613873720169,0.9848772287368774,0.03539822995662689
within_run_reference,depth2_muon,2,muon,minimum_after_first_generalized,75000,checkpoints/depth_sweep_v2_depth_2_muon_seed_0/step_075000.pt,maximum_accuracy_reference,83000,checkpoints/depth_sweep_v2_depth_2_muon_seed_0/step_083000.pt,reference_addition_only,target_readout,0.8255149126052856,0.9995301365852356,0.08738613873720169,0.9848772287368774,0.017699114978313446
within_run_reference,depth2_muon,2,muon,minimum_after_first_generalized,75000,checkpoints/depth_sweep_v2_depth_2_muon_seed_0/step_075000.pt,maximum_accuracy_reference,83000,checkpoints/depth_sweep_v2_depth_2_muon_seed_0/step_083000.pt,reference_addition_only,reference_readout,0.8255149126052856,0.9995301365852356,0.08738613873720169,0.9848772287368774,1.0
within_run_reference,depth2_muon,2,muon,maximum_accuracy_reference,83000,checkpoints/depth_sweep_v2_depth_2_muon_seed_0/step_083000.pt,maximum_accuracy_reference,83000,checkpoints/depth_sweep_v2_depth_2_muon_seed_0/step_083000.pt,target_full,target_readout,0.9995301365852356,0.9995301365852356,1.0000001192092896,1.0,0.9995301365852356
within_run_reference,depth2_muon,2,muon,maximum_accuracy_reference,83000,checkpoints/depth_sweep_v2_depth_2_muon_seed_0/step_083000.pt,maximum_accuracy_reference,83000,checkpoints/depth_sweep_v2_depth_2_muon_seed_0/step_083000.pt,target_full,reference_readout,0.9995301365852356,0.9995301365852356,1.0000001192092896,1.0,0.9995301365852356
within_run_reference,depth2_muon,2,muon,maximum_accuracy_reference,83000,checkpoints/depth_sweep_v2_depth_2_muon_seed_0/step_083000.pt,maximum_accuracy_reference,83000,checkpoints/depth_sweep_v2_depth_2_muon_seed_0/step_083000.pt,reference_full,target_readout,0.9995301365852356,0.9995301365852356,1.0000001192092896,1.0,0.9995301365852356
within_run_reference,depth2_muon,2,muon,maximum_accuracy_reference,83000,checkpoints/depth_sweep_v2_depth_2_muon_seed_0/step_083000.pt,maximum_accuracy_reference,83000,checkpoints/depth_sweep_v2_depth_2_muon_seed_0/step_083000.pt,reference_full,reference_readout,0.9995301365852356,0.9995301365852356,1.0000001192092896,1.0,0.9995301365852356
within_run_reference,depth2_muon,2,muon,maximum_accuracy_reference,83000,checkpoints/depth_sweep_v2_depth_2_muon_seed_0/step_083000.pt,maximum_accuracy_reference,83000,checkpoints/depth_sweep_v2_depth_2_muon_seed_0/step_083000.pt,target_addition_only,target_readout,0.9995301365852356,0.9995301365852356,1.0000001192092896,1.0,1.0
within_run_reference,depth2_muon,2,muon,maximum_accuracy_reference,83000,checkpoints/depth_sweep_v2_depth_2_muon_seed_0/step_083000.pt,maximum_accuracy_reference,83000,checkpoints/depth_sweep_v2_depth_2_muon_seed_0/step_083000.pt,target_addition_only,reference_readout,0.9995301365852356,0.9995301365852356,1.0000001192092896,1.0,1.0
within_run_reference,depth2_muon,2,muon,maximum_accuracy_reference,83000,checkpoints/depth_sweep_v2_depth_2_muon_seed_0/step_083000.pt,maximum_accuracy_reference,83000,checkpoints/depth_sweep_v2_depth_2_muon_seed_0/step_083000.pt,reference_addition_only,target_readout,0.9995301365852356,0.9995301365852356,1.0000001192092896,1.0,1.0
within_run_reference,depth2_muon,2,muon,maximum_accuracy_reference,83000,checkpoints/depth_sweep_v2_depth_2_muon_seed_0/step_083000.pt,maximum_accuracy_reference,83000,checkpoints/depth_sweep_v2_depth_2_muon_seed_0/step_083000.pt,reference_addition_only,reference_readout,0.9995301365852356,0.9995301365852356,1.0000001192092896,1.0,1.0
within_run_reference,depth2_muon,2,muon,final,100000,checkpoints/depth_sweep_v2_depth_2_muon_seed_0/step_100000.pt,maximum_accuracy_reference,83000,checkpoints/depth_sweep_v2_depth_2_muon_seed_0/step_083000.pt,target_full,target_readout,0.9380530714988708,0.9995301365852356,-0.011830681934952736,0.23408503830432892,0.9380530714988708
within_run_reference,depth2_muon,2,muon,final,100000,checkpoints/depth_sweep_v2_depth_2_muon_seed_0/step_100000.pt,maximum_accuracy_reference,83000,checkpoints/depth_sweep_v2_depth_2_muon_seed_0/step_083000.pt,target_full,reference_readout,0.9380530714988708,0.9995301365852356,-0.011830681934952736,0.23408503830432892,0.005247082561254501
within_run_reference,depth2_muon,2,muon,final,100000,checkpoints/depth_sweep_v2_depth_2_muon_seed_0/step_100000.pt,maximum_accuracy_reference,83000,checkpoints/depth_sweep_v2_depth_2_muon_seed_0/step_083000.pt,reference_full,target_readout,0.9380530714988708,0.9995301365852356,-0.011830681934952736,0.23408503830432892,0.015349674969911575
within_run_reference,depth2_muon,2,muon,final,100000,checkpoints/depth_sweep_v2_depth_2_muon_seed_0/step_100000.pt,maximum_accuracy_reference,83000,checkpoints/depth_sweep_v2_depth_2_muon_seed_0/step_083000.pt,reference_full,reference_readout,0.9380530714988708,0.9995301365852356,-0.011830681934952736,0.23408503830432892,0.9995301365852356
within_run_reference,depth2_muon,2,muon,final,100000,checkpoints/depth_sweep_v2_depth_2_muon_seed_0/step_100000.pt,maximum_accuracy_reference,83000,checkpoints/depth_sweep_v2_depth_2_muon_seed_0/step_083000.pt,target_addition_only,target_readout,0.9380530714988708,0.9995301365852356,-0.011830681934952736,0.23408503830432892,1.0
within_run_reference,depth2_muon,2,muon,final,100000,checkpoints/depth_sweep_v2_depth_2_muon_seed_0/step_100000.pt,maximum_accuracy_reference,83000,checkpoints/depth_sweep_v2_depth_2_muon_seed_0/step_083000.pt,target_addition_only,reference_readout,0.9380530714988708,0.9995301365852356,-0.011830681934952736,0.23408503830432892,0.008849557489156723
within_run_reference,depth2_muon,2,muon,final,100000,checkpoints/depth_sweep_v2_depth_2_muon_seed_0/step_100000.pt,maximum_accuracy_reference,83000,checkpoints/depth_sweep_v2_depth_2_muon_seed_0/step_083000.pt,reference_addition_only,target_readout,0.9380530714988708,0.9995301365852356,-0.011830681934952736,0.23408503830432892,0.017699114978313446
within_run_reference,depth2_muon,2,muon,final,100000,checkpoints/depth_sweep_v2_depth_2_muon_seed_0/step_100000.pt,maximum_accuracy_reference,83000,checkpoints/depth_sweep_v2_depth_2_muon_seed_0/step_083000.pt,reference_addition_only,reference_readout,0.9380530714988708,0.9995301365852356,-0.011830681934952736,0.23408503830432892,1.0
within_run_reference,depth2_stable_muon,2,stable_muon,first_generalized,2000,checkpoints/depth_sweep_v2_depth_2_stable_muon_seed_0/step_002000.pt,maximum_accuracy_reference,29000,checkpoints/depth_sweep_v2_depth_2_stable_muon_seed_0/step_029000.pt,target_full,target_readout,0.9637402892112732,0.9940480589866638,0.9731035232543945,0.7783652544021606,0.9637402892112732
within_run_reference,depth2_stable_muon,2,stable_muon,first_generalized,2000,checkpoints/depth_sweep_v2_depth_2_stable_muon_seed_0/step_002000.pt,maximum_accuracy_reference,29000,checkpoints/depth_sweep_v2_depth_2_stable_muon_seed_0/step_029000.pt,target_full,reference_readout,0.9637402892112732,0.9940480589866638,0.9731035232543945,0.7783652544021606,0.9781501889228821
within_run_reference,depth2_stable_muon,2,stable_muon,first_generalized,2000,checkpoints/depth_sweep_v2_depth_2_stable_muon_seed_0/step_002000.pt,maximum_accuracy_reference,29000,checkpoints/depth_sweep_v2_depth_2_stable_muon_seed_0/step_029000.pt,reference_full,target_readout,0.9637402892112732,0.9940480589866638,0.9731035232543945,0.7783652544021606,0.9693006277084351
within_run_reference,depth2_stable_muon,2,stable_muon,first_generalized,2000,checkpoints/depth_sweep_v2_depth_2_stable_muon_seed_0/step_002000.pt,maximum_accuracy_reference,29000,checkpoints/depth_sweep_v2_depth_2_stable_muon_seed_0/step_029000.pt,reference_full,reference_readout,0.9637402892112732,0.9940480589866638,0.9731035232543945,0.7783652544021606,0.9940480589866638
within_run_reference,depth2_stable_muon,2,stable_muon,first_generalized,2000,checkpoints/depth_sweep_v2_depth_2_stable_muon_seed_0/step_002000.pt,maximum_accuracy_reference,29000,checkpoints/depth_sweep_v2_depth_2_stable_muon_seed_0/step_029000.pt,target_addition_only,target_readout,0.9637402892112732,0.9940480589866638,0.9731035232543945,0.7783652544021606,1.0
within_run_reference,depth2_stable_muon,2,stable_muon,first_generalized,2000,checkpoints/depth_sweep_v2_depth_2_stable_muon_seed_0/step_002000.pt,maximum_accuracy_reference,29000,checkpoints/depth_sweep_v2_depth_2_stable_muon_seed_0/step_029000.pt,target_addition_only,reference_readout,0.9637402892112732,0.9940480589866638,0.9731035232543945,0.7783652544021606,1.0
within_run_reference,depth2_stable_muon,2,stable_muon,first_generalized,2000,checkpoints/depth_sweep_v2_depth_2_stable_muon_seed_0/step_002000.pt,maximum_accuracy_reference,29000,checkpoints/depth_sweep_v2_depth_2_stable_muon_seed_0/step_029000.pt,reference_addition_only,target_readout,0.9637402892112732,0.9940480589866638,0.9731035232543945,0.7783652544021606,1.0
within_run_reference,depth2_stable_muon,2,stable_muon,first_generalized,2000,checkpoints/depth_sweep_v2_depth_2_stable_muon_seed_0/step_002000.pt,maximum_accuracy_reference,29000,checkpoints/depth_sweep_v2_depth_2_stable_muon_seed_0/step_029000.pt,reference_addition_only,reference_readout,0.9637402892112732,0.9940480589866638,0.9731035232543945,0.7783652544021606,1.0
within_run_reference,depth2_stable_muon,2,stable_muon,maximum_accuracy_reference,29000,checkpoints/depth_sweep_v2_depth_2_stable_muon_seed_0/step_029000.pt,maximum_accuracy_reference,29000,checkpoints/depth_sweep_v2_depth_2_stable_muon_seed_0/step_029000.pt,target_full,target_readout,0.9940480589866638,0.9940480589866638,0.9999997615814209,1.000001072883606,0.9940480589866638
within_run_reference,depth2_stable_muon,2,stable_muon,maximum_accuracy_reference,29000,checkpoints/depth_sweep_v2_depth_2_stable_muon_seed_0/step_029000.pt,maximum_accuracy_reference,29000,checkpoints/depth_sweep_v2_depth_2_stable_muon_seed_0/step_029000.pt,target_full,reference_readout,0.9940480589866638,0.9940480589866638,0.9999997615814209,1.000001072883606,0.9940480589866638
within_run_reference,depth2_stable_muon,2,stable_muon,maximum_accuracy_reference,29000,checkpoints/depth_sweep_v2_depth_2_stable_muon_seed_0/step_029000.pt,maximum_accuracy_reference,29000,checkpoints/depth_sweep_v2_depth_2_stable_muon_seed_0/step_029000.pt,reference_full,target_readout,0.9940480589866638,0.9940480589866638,0.9999997615814209,1.000001072883606,0.9940480589866638
within_run_reference,depth2_stable_muon,2,stable_muon,maximum_accuracy_reference,29000,checkpoints/depth_sweep_v2_depth_2_stable_muon_seed_0/step_029000.pt,maximum_accuracy_reference,29000,checkpoints/depth_sweep_v2_depth_2_stable_muon_seed_0/step_029000.pt,reference_full,reference_readout,0.9940480589866638,0.9940480589866638,0.9999997615814209,1.000001072883606,0.9940480589866638
within_run_reference,depth2_stable_muon,2,stable_muon,maximum_accuracy_reference,29000,checkpoints/depth_sweep_v2_depth_2_stable_muon_seed_0/step_029000.pt,maximum_accuracy_reference,29000,checkpoints/depth_sweep_v2_depth_2_stable_muon_seed_0/step_029000.pt,target_addition_only,target_readout,0.9940480589866638,0.9940480589866638,0.9999997615814209,1.000001072883606,1.0
within_run_reference,depth2_stable_muon,2,stable_muon,maximum_accuracy_reference,29000,checkpoints/depth_sweep_v2_depth_2_stable_muon_seed_0/step_029000.pt,maximum_accuracy_reference,29000,checkpoints/depth_sweep_v2_depth_2_stable_muon_seed_0/step_029000.pt,target_addition_only,reference_readout,0.9940480589866638,0.9940480589866638,0.9999997615814209,1.000001072883606,1.0
within_run_reference,depth2_stable_muon,2,stable_muon,maximum_accuracy_reference,29000,checkpoints/depth_sweep_v2_depth_2_stable_muon_seed_0/step_029000.pt,maximum_accuracy_reference,29000,checkpoints/depth_sweep_v2_depth_2_stable_muon_seed_0/step_029000.pt,reference_addition_only,target_readout,0.9940480589866638,0.9940480589866638,0.9999997615814209,1.000001072883606,1.0
within_run_reference,depth2_stable_muon,2,stable_muon,maximum_accuracy_reference,29000,checkpoints/depth_sweep_v2_depth_2_stable_muon_seed_0/step_029000.pt,maximum_accuracy_reference,29000,checkpoints/depth_sweep_v2_depth_2_stable_muon_seed_0/step_029000.pt,reference_addition_only,reference_readout,0.9940480589866638,0.9940480589866638,0.9999997615814209,1.000001072883606,1.0
within_run_reference,depth2_stable_muon,2,stable_muon,final,100000,checkpoints/depth_sweep_v2_depth_2_stable_muon_seed_0/step_100000.pt,maximum_accuracy_reference,29000,checkpoints/depth_sweep_v2_depth_2_stable_muon_seed_0/step_029000.pt,target_full,target_readout,0.9929516911506653,0.9940480589866638,0.9999997615814209,0.9765434265136719,0.9929516911506653
within_run_reference,depth2_stable_muon,2,stable_muon,final,100000,checkpoints/depth_sweep_v2_depth_2_stable_muon_seed_0/step_100000.pt,maximum_accuracy_reference,29000,checkpoints/depth_sweep_v2_depth_2_stable_muon_seed_0/step_029000.pt,target_full,reference_readout,0.9929516911506653,0.9940480589866638,0.9999997615814209,0.9765434265136719,0.9929516911506653
within_run_reference,depth2_stable_muon,2,stable_muon,final,100000,checkpoints/depth_sweep_v2_depth_2_stable_muon_seed_0/step_100000.pt,maximum_accuracy_reference,29000,checkpoints/depth_sweep_v2_depth_2_stable_muon_seed_0/step_029000.pt,reference_full,target_readout,0.9929516911506653,0.9940480589866638,0.9999997615814209,0.9765434265136719,0.9940480589866638
within_run_reference,depth2_stable_muon,2,stable_muon,final,100000,checkpoints/depth_sweep_v2_depth_2_stable_muon_seed_0/step_100000.pt,maximum_accuracy_reference,29000,checkpoints/depth_sweep_v2_depth_2_stable_muon_seed_0/step_029000.pt,reference_full,reference_readout,0.9929516911506653,0.9940480589866638,0.9999997615814209,0.9765434265136719,0.9940480589866638
within_run_reference,depth2_stable_muon,2,stable_muon,final,100000,checkpoints/depth_sweep_v2_depth_2_stable_muon_seed_0/step_100000.pt,maximum_accuracy_reference,29000,checkpoints/depth_sweep_v2_depth_2_stable_muon_seed_0/step_029000.pt,target_addition_only,target_readout,0.9929516911506653,0.9940480589866638,0.9999997615814209,0.9765434265136719,1.0
within_run_reference,depth2_stable_muon,2,stable_muon,final,100000,checkpoints/depth_sweep_v2_depth_2_stable_muon_seed_0/step_100000.pt,maximum_accuracy_reference,29000,checkpoints/depth_sweep_v2_depth_2_stable_muon_seed_0/step_029000.pt,target_addition_only,reference_readout,0.9929516911506653,0.9940480589866638,0.9999997615814209,0.9765434265136719,1.0
within_run_reference,depth2_stable_muon,2,stable_muon,final,100000,checkpoints/depth_sweep_v2_depth_2_stable_muon_seed_0/step_100000.pt,maximum_accuracy_reference,29000,checkpoints/depth_sweep_v2_depth_2_stable_muon_seed_0/step_029000.pt,reference_addition_only,target_readout,0.9929516911506653,0.9940480589866638,0.9999997615814209,0.9765434265136719,1.0
within_run_reference,depth2_stable_muon,2,stable_muon,final,100000,checkpoints/depth_sweep_v2_depth_2_stable_muon_seed_0/step_100000.pt,maximum_accuracy_reference,29000,checkpoints/depth_sweep_v2_depth_2_stable_muon_seed_0/step_029000.pt,reference_addition_only,reference_readout,0.9929516911506653,0.9940480589866638,0.9999997615814209,0.9765434265136719,1.0
within_run_reference,depth4_adamw,4,adamw,maximum_accuracy_reference,25000,checkpoints/depth_sweep_v2_depth_4_adamw_seed_0/step_025000.pt,maximum_accuracy_reference,25000,checkpoints/depth_sweep_v2_depth_4_adamw_seed_0/step_025000.pt,target_full,target_readout,0.6502466797828674,0.6502466797828674,0.9999998807907104,1.0,0.6502466797828674
within_run_reference,depth4_adamw,4,adamw,maximum_accuracy_reference,25000,checkpoints/depth_sweep_v2_depth_4_adamw_seed_0/step_025000.pt,maximum_accuracy_reference,25000,checkpoints/depth_sweep_v2_depth_4_adamw_seed_0/step_025000.pt,target_full,reference_readout,0.6502466797828674,0.6502466797828674,0.9999998807907104,1.0,0.6502466797828674
within_run_reference,depth4_adamw,4,adamw,maximum_accuracy_reference,25000,checkpoints/depth_sweep_v2_depth_4_adamw_seed_0/step_025000.pt,maximum_accuracy_reference,25000,checkpoints/depth_sweep_v2_depth_4_adamw_seed_0/step_025000.pt,reference_full,target_readout,0.6502466797828674,0.6502466797828674,0.9999998807907104,1.0,0.6502466797828674
within_run_reference,depth4_adamw,4,adamw,maximum_accuracy_reference,25000,checkpoints/depth_sweep_v2_depth_4_adamw_seed_0/step_025000.pt,maximum_accuracy_reference,25000,checkpoints/depth_sweep_v2_depth_4_adamw_seed_0/step_025000.pt,reference_full,reference_readout,0.6502466797828674,0.6502466797828674,0.9999998807907104,1.0,0.6502466797828674
within_run_reference,depth4_adamw,4,adamw,maximum_accuracy_reference,25000,checkpoints/depth_sweep_v2_depth_4_adamw_seed_0/step_025000.pt,maximum_accuracy_reference,25000,checkpoints/depth_sweep_v2_depth_4_adamw_seed_0/step_025000.pt,target_addition_only,target_readout,0.6502466797828674,0.6502466797828674,0.9999998807907104,1.0,0.752212405204773
within_run_reference,depth4_adamw,4,adamw,maximum_accuracy_reference,25000,checkpoints/depth_sweep_v2_depth_4_adamw_seed_0/step_025000.pt,maximum_accuracy_reference,25000,checkpoints/depth_sweep_v2_depth_4_adamw_seed_0/step_025000.pt,target_addition_only,reference_readout,0.6502466797828674,0.6502466797828674,0.9999998807907104,1.0,0.752212405204773
within_run_reference,depth4_adamw,4,adamw,maximum_accuracy_reference,25000,checkpoints/depth_sweep_v2_depth_4_adamw_seed_0/step_025000.pt,maximum_accuracy_reference,25000,checkpoints/depth_sweep_v2_depth_4_adamw_seed_0/step_025000.pt,reference_addition_only,target_readout,0.6502466797828674,0.6502466797828674,0.9999998807907104,1.0,0.752212405204773
within_run_reference,depth4_adamw,4,adamw,maximum_accuracy_reference,25000,checkpoints/depth_sweep_v2_depth_4_adamw_seed_0/step_025000.pt,maximum_accuracy_reference,25000,checkpoints/depth_sweep_v2_depth_4_adamw_seed_0/step_025000.pt,reference_addition_only,reference_readout,0.6502466797828674,0.6502466797828674,0.9999998807907104,1.0,0.752212405204773
within_run_reference,depth4_adamw,4,adamw,minimum_after_best,50000,checkpoints/depth_sweep_v2_depth_4_adamw_seed_0/step_050000.pt,maximum_accuracy_reference,25000,checkpoints/depth_sweep_v2_depth_4_adamw_seed_0/step_025000.pt,target_full,target_readout,0.008849557489156723,0.6502466797828674,0.011721503920853138,0.7335313558578491,0.008849557489156723
within_run_reference,depth4_adamw,4,adamw,minimum_after_best,50000,checkpoints/depth_sweep_v2_depth_4_adamw_seed_0/step_050000.pt,maximum_accuracy_reference,25000,checkpoints/depth_sweep_v2_depth_4_adamw_seed_0/step_025000.pt,target_full,reference_readout,0.008849557489156723,0.6502466797828674,0.011721503920853138,0.7335313558578491,0.008849557489156723
within_run_reference,depth4_adamw,4,adamw,minimum_after_best,50000,checkpoints/depth_sweep_v2_depth_4_adamw_seed_0/step_050000.pt,maximum_accuracy_reference,25000,checkpoints/depth_sweep_v2_depth_4_adamw_seed_0/step_025000.pt,reference_full,target_readout,0.008849557489156723,0.6502466797828674,0.011721503920853138,0.7335313558578491,0.01253034733235836
within_run_reference,depth4_adamw,4,adamw,minimum_after_best,50000,checkpoints/depth_sweep_v2_depth_4_adamw_seed_0/step_050000.pt,maximum_accuracy_reference,25000,checkpoints/depth_sweep_v2_depth_4_adamw_seed_0/step_025000.pt,reference_full,reference_readout,0.008849557489156723,0.6502466797828674,0.011721503920853138,0.7335313558578491,0.6502466797828674
within_run_reference,depth4_adamw,4,adamw,minimum_after_best,50000,checkpoints/depth_sweep_v2_depth_4_adamw_seed_0/step_050000.pt,maximum_accuracy_reference,25000,checkpoints/depth_sweep_v2_depth_4_adamw_seed_0/step_025000.pt,target_addition_only,target_readout,0.008849557489156723,0.6502466797828674,0.011721503920853138,0.7335313558578491,0.008849557489156723
within_run_reference,depth4_adamw,4,adamw,minimum_after_best,50000,checkpoints/depth_sweep_v2_depth_4_adamw_seed_0/step_050000.pt,maximum_accuracy_reference,25000,checkpoints/depth_sweep_v2_depth_4_adamw_seed_0/step_025000.pt,target_addition_only,reference_readout,0.008849557489156723,0.6502466797828674,0.011721503920853138,0.7335313558578491,0.008849557489156723
within_run_reference,depth4_adamw,4,adamw,minimum_after_best,50000,checkpoints/depth_sweep_v2_depth_4_adamw_seed_0/step_050000.pt,maximum_accuracy_reference,25000,checkpoints/depth_sweep_v2_depth_4_adamw_seed_0/step_025000.pt,reference_addition_only,target_readout,0.008849557489156723,0.6502466797828674,0.011721503920853138,0.7335313558578491,0.008849557489156723
within_run_reference,depth4_adamw,4,adamw,minimum_after_best,50000,checkpoints/depth_sweep_v2_depth_4_adamw_seed_0/step_050000.pt,maximum_accuracy_reference,25000,checkpoints/depth_sweep_v2_depth_4_adamw_seed_0/step_025000.pt,reference_addition_only,reference_readout,0.008849557489156723,0.6502466797828674,0.011721503920853138,0.7335313558578491,0.752212405204773
within_run_reference,depth4_adamw,4,adamw,final,300000,checkpoints/depth_sweep_v3_depth_4_adamw_seed_0_to_300k/step_300000.pt,maximum_accuracy_reference,25000,checkpoints/depth_sweep_v2_depth_4_adamw_seed_0/step_025000.pt,target_full,target_readout,0.016602709889411926,0.6502466797828674,0.005105797667056322,0.35530298948287964,0.016602709889411926
within_run_reference,depth4_adamw,4,adamw,final,300000,checkpoints/depth_sweep_v3_depth_4_adamw_seed_0_to_300k/step_300000.pt,maximum_accuracy_reference,25000,checkpoints/depth_sweep_v2_depth_4_adamw_seed_0/step_025000.pt,target_full,reference_readout,0.016602709889411926,0.6502466797828674,0.005105797667056322,0.35530298948287964,0.005482026841491461
within_run_reference,depth4_adamw,4,adamw,final,300000,checkpoints/depth_sweep_v3_depth_4_adamw_seed_0_to_300k/step_300000.pt,maximum_accuracy_reference,25000,checkpoints/depth_sweep_v2_depth_4_adamw_seed_0/step_025000.pt,reference_full,target_readout,0.016602709889411926,0.6502466797828674,0.005105797667056322,0.35530298948287964,0.008849557489156723
within_run_reference,depth4_adamw,4,adamw,final,300000,checkpoints/depth_sweep_v3_depth_4_adamw_seed_0_to_300k/step_300000.pt,maximum_accuracy_reference,25000,checkpoints/depth_sweep_v2_depth_4_adamw_seed_0/step_025000.pt,reference_full,reference_readout,0.016602709889411926,0.6502466797828674,0.005105797667056322,0.35530298948287964,0.6502466797828674
within_run_reference,depth4_adamw,4,adamw,final,300000,checkpoints/depth_sweep_v3_depth_4_adamw_seed_0_to_300k/step_300000.pt,maximum_accuracy_reference,25000,checkpoints/depth_sweep_v2_depth_4_adamw_seed_0/step_025000.pt,target_addition_only,target_readout,0.016602709889411926,0.6502466797828674,0.005105797667056322,0.35530298948287964,0.008849557489156723
within_run_reference,depth4_adamw,4,adamw,final,300000,checkpoints/depth_sweep_v3_depth_4_adamw_seed_0_to_300k/step_300000.pt,maximum_accuracy_reference,25000,checkpoints/depth_sweep_v2_depth_4_adamw_seed_0/step_025000.pt,target_addition_only,reference_readout,0.016602709889411926,0.6502466797828674,0.005105797667056322,0.35530298948287964,0.008849557489156723
within_run_reference,depth4_adamw,4,adamw,final,300000,checkpoints/depth_sweep_v3_depth_4_adamw_seed_0_to_300k/step_300000.pt,maximum_accuracy_reference,25000,checkpoints/depth_sweep_v2_depth_4_adamw_seed_0/step_025000.pt,reference_addition_only,target_readout,0.016602709889411926,0.6502466797828674,0.005105797667056322,0.35530298948287964,0.008849557489156723
within_run_reference,depth4_adamw,4,adamw,final,300000,checkpoints/depth_sweep_v3_depth_4_adamw_seed_0_to_300k/step_300000.pt,maximum_accuracy_reference,25000,checkpoints/depth_sweep_v2_depth_4_adamw_seed_0/step_025000.pt,reference_addition_only,reference_readout,0.016602709889411926,0.6502466797828674,0.005105797667056322,0.35530298948287964,0.752212405204773
within_run_reference,depth4_muon,4,muon,first_generalized,50000,checkpoints/depth_sweep_v2_depth_4_muon_seed_0/step_050000.pt,maximum_accuracy_reference,53000,checkpoints/depth_sweep_v2_depth_4_muon_seed_0/step_053000.pt,target_full,target_readout,0.977523684501648,0.9929516911506653,0.7177942395210266,0.716172456741333,0.977523684501648
within_run_reference,depth4_muon,4,muon,first_generalized,50000,checkpoints/depth_sweep_v2_depth_4_muon_seed_0/step_050000.pt,maximum_accuracy_reference,53000,checkpoints/depth_sweep_v2_depth_4_muon_seed_0/step_053000.pt,target_full,reference_readout,0.977523684501648,0.9929516911506653,0.7177942395210266,0.716172456741333,0.9011669158935547
within_run_reference,depth4_muon,4,muon,first_generalized,50000,checkpoints/depth_sweep_v2_depth_4_muon_seed_0/step_050000.pt,maximum_accuracy_reference,53000,checkpoints/depth_sweep_v2_depth_4_muon_seed_0/step_053000.pt,reference_full,target_readout,0.977523684501648,0.9929516911506653,0.7177942395210266,0.716172456741333,0.4159291982650757
within_run_reference,depth4_muon,4,muon,first_generalized,50000,checkpoints/depth_sweep_v2_depth_4_muon_seed_0/step_050000.pt,maximum_accuracy_reference,53000,checkpoints/depth_sweep_v2_depth_4_muon_seed_0/step_053000.pt,reference_full,reference_readout,0.977523684501648,0.9929516911506653,0.7177942395210266,0.716172456741333,0.9929516911506653
within_run_reference,depth4_muon,4,muon,first_generalized,50000,checkpoints/depth_sweep_v2_depth_4_muon_seed_0/step_050000.pt,maximum_accuracy_reference,53000,checkpoints/depth_sweep_v2_depth_4_muon_seed_0/step_053000.pt,target_addition_only,target_readout,0.977523684501648,0.9929516911506653,0.7177942395210266,0.716172456741333,1.0
within_run_reference,depth4_muon,4,muon,first_generalized,50000,checkpoints/depth_sweep_v2_depth_4_muon_seed_0/step_050000.pt,maximum_accuracy_reference,53000,checkpoints/depth_sweep_v2_depth_4_muon_seed_0/step_053000.pt,target_addition_only,reference_readout,0.977523684501648,0.9929516911506653,0.7177942395210266,0.716172456741333,1.0
within_run_reference,depth4_muon,4,muon,first_generalized,50000,checkpoints/depth_sweep_v2_depth_4_muon_seed_0/step_050000.pt,maximum_accuracy_reference,53000,checkpoints/depth_sweep_v2_depth_4_muon_seed_0/step_053000.pt,reference_addition_only,target_readout,0.977523684501648,0.9929516911506653,0.7177942395210266,0.716172456741333,0.45132744312286377
within_run_reference,depth4_muon,4,muon,first_generalized,50000,checkpoints/depth_sweep_v2_depth_4_muon_seed_0/step_050000.pt,maximum_accuracy_reference,53000,checkpoints/depth_sweep_v2_depth_4_muon_seed_0/step_053000.pt,reference_addition_only,reference_readout,0.977523684501648,0.9929516911506653,0.7177942395210266,0.716172456741333,1.0
within_run_reference,depth4_muon,4,muon,minimum_after_first_generalized,105000,checkpoints/depth_sweep_v3_depth_4_muon_seed_0_to_300k/step_105000.pt,maximum_accuracy_reference,53000,checkpoints/depth_sweep_v2_depth_4_muon_seed_0/step_053000.pt,target_full,target_readout,0.24575142562389374,0.9929516911506653,-0.010171705856919289,0.28367286920547485,0.24575142562389374
within_run_reference,depth4_muon,4,muon,minimum_after_first_generalized,105000,checkpoints/depth_sweep_v3_depth_4_muon_seed_0_to_300k/step_105000.pt,maximum_accuracy_reference,53000,checkpoints/depth_sweep_v2_depth_4_muon_seed_0/step_053000.pt,target_full,reference_readout,0.24575142562389374,0.9929516911506653,-0.010171705856919289,0.28367286920547485,0.009867648594081402
within_run_reference,depth4_muon,4,muon,minimum_after_first_generalized,105000,checkpoints/depth_sweep_v3_depth_4_muon_seed_0_to_300k/step_105000.pt,maximum_accuracy_reference,53000,checkpoints/depth_sweep_v2_depth_4_muon_seed_0/step_053000.pt,reference_full,target_readout,0.24575142562389374,0.9929516911506653,-0.010171705856919289,0.28367286920547485,0.002975957468152046
within_run_reference,depth4_muon,4,muon,minimum_after_first_generalized,105000,checkpoints/depth_sweep_v3_depth_4_muon_seed_0_to_300k/step_105000.pt,maximum_accuracy_reference,53000,checkpoints/depth_sweep_v2_depth_4_muon_seed_0/step_053000.pt,reference_full,reference_readout,0.24575142562389374,0.9929516911506653,-0.010171705856919289,0.28367286920547485,0.9929516911506653
within_run_reference,depth4_muon,4,muon,minimum_after_first_generalized,105000,checkpoints/depth_sweep_v3_depth_4_muon_seed_0_to_300k/step_105000.pt,maximum_accuracy_reference,53000,checkpoints/depth_sweep_v2_depth_4_muon_seed_0/step_053000.pt,target_addition_only,target_readout,0.24575142562389374,0.9929516911506653,-0.010171705856919289,0.28367286920547485,0.7079645991325378
within_run_reference,depth4_muon,4,muon,minimum_after_first_generalized,105000,checkpoints/depth_sweep_v3_depth_4_muon_seed_0_to_300k/step_105000.pt,maximum_accuracy_reference,53000,checkpoints/depth_sweep_v2_depth_4_muon_seed_0/step_053000.pt,target_addition_only,reference_readout,0.24575142562389374,0.9929516911506653,-0.010171705856919289,0.28367286920547485,0.008849557489156723
within_run_reference,depth4_muon,4,muon,minimum_after_first_generalized,105000,checkpoints/depth_sweep_v3_depth_4_muon_seed_0_to_300k/step_105000.pt,maximum_accuracy_reference,53000,checkpoints/depth_sweep_v2_depth_4_muon_seed_0/step_053000.pt,reference_addition_only,target_readout,0.24575142562389374,0.9929516911506653,-0.010171705856919289,0.28367286920547485,0.0
within_run_reference,depth4_muon,4,muon,minimum_after_first_generalized,105000,checkpoints/depth_sweep_v3_depth_4_muon_seed_0_to_300k/step_105000.pt,maximum_accuracy_reference,53000,checkpoints/depth_sweep_v2_depth_4_muon_seed_0/step_053000.pt,reference_addition_only,reference_readout,0.24575142562389374,0.9929516911506653,-0.010171705856919289,0.28367286920547485,1.0
within_run_reference,depth4_muon,4,muon,maximum_accuracy_reference,53000,checkpoints/depth_sweep_v2_depth_4_muon_seed_0/step_053000.pt,maximum_accuracy_reference,53000,checkpoints/depth_sweep_v2_depth_4_muon_seed_0/step_053000.pt,target_full,target_readout,0.9929516911506653,0.9929516911506653,1.0000003576278687,1.0000011920928955,0.9929516911506653
within_run_reference,depth4_muon,4,muon,maximum_accuracy_reference,53000,checkpoints/depth_sweep_v2_depth_4_muon_seed_0/step_053000.pt,maximum_accuracy_reference,53000,checkpoints/depth_sweep_v2_depth_4_muon_seed_0/step_053000.pt,target_full,reference_readout,0.9929516911506653,0.9929516911506653,1.0000003576278687,1.0000011920928955,0.9929516911506653
within_run_reference,depth4_muon,4,muon,maximum_accuracy_reference,53000,checkpoints/depth_sweep_v2_depth_4_muon_seed_0/step_053000.pt,maximum_accuracy_reference,53000,checkpoints/depth_sweep_v2_depth_4_muon_seed_0/step_053000.pt,reference_full,target_readout,0.9929516911506653,0.9929516911506653,1.0000003576278687,1.0000011920928955,0.9929516911506653
within_run_reference,depth4_muon,4,muon,maximum_accuracy_reference,53000,checkpoints/depth_sweep_v2_depth_4_muon_seed_0/step_053000.pt,maximum_accuracy_reference,53000,checkpoints/depth_sweep_v2_depth_4_muon_seed_0/step_053000.pt,reference_full,reference_readout,0.9929516911506653,0.9929516911506653,1.0000003576278687,1.0000011920928955,0.9929516911506653
within_run_reference,depth4_muon,4,muon,maximum_accuracy_reference,53000,checkpoints/depth_sweep_v2_depth_4_muon_seed_0/step_053000.pt,maximum_accuracy_reference,53000,checkpoints/depth_sweep_v2_depth_4_muon_seed_0/step_053000.pt,target_addition_only,target_readout,0.9929516911506653,0.9929516911506653,1.0000003576278687,1.0000011920928955,1.0
within_run_reference,depth4_muon,4,muon,maximum_accuracy_reference,53000,checkpoints/depth_sweep_v2_depth_4_muon_seed_0/step_053000.pt,maximum_accuracy_reference,53000,checkpoints/depth_sweep_v2_depth_4_muon_seed_0/step_053000.pt,target_addition_only,reference_readout,0.9929516911506653,0.9929516911506653,1.0000003576278687,1.0000011920928955,1.0
within_run_reference,depth4_muon,4,muon,maximum_accuracy_reference,53000,checkpoints/depth_sweep_v2_depth_4_muon_seed_0/step_053000.pt,maximum_accuracy_reference,53000,checkpoints/depth_sweep_v2_depth_4_muon_seed_0/step_053000.pt,reference_addition_only,target_readout,0.9929516911506653,0.9929516911506653,1.0000003576278687,1.0000011920928955,1.0
within_run_reference,depth4_muon,4,muon,maximum_accuracy_reference,53000,checkpoints/depth_sweep_v2_depth_4_muon_seed_0/step_053000.pt,maximum_accuracy_reference,53000,checkpoints/depth_sweep_v2_depth_4_muon_seed_0/step_053000.pt,reference_addition_only,reference_readout,0.9929516911506653,0.9929516911506653,1.0000003576278687,1.0000011920928955,1.0
within_run_reference,depth4_muon,4,muon,final,300000,checkpoints/depth_sweep_v3_depth_4_muon_seed_0_to_300k/step_300000.pt,maximum_accuracy_reference,53000,checkpoints/depth_sweep_v2_depth_4_muon_seed_0/step_053000.pt,target_full,target_readout,0.8590335845947266,0.9929516911506653,0.008304775692522526,0.16357126832008362,0.8590335845947266
within_run_reference,depth4_muon,4,muon,final,300000,checkpoints/depth_sweep_v3_depth_4_muon_seed_0_to_300k/step_300000.pt,maximum_accuracy_reference,53000,checkpoints/depth_sweep_v2_depth_4_muon_seed_0/step_053000.pt,target_full,reference_readout,0.8590335845947266,0.9929516911506653,0.008304775692522526,0.16357126832008362,0.013000234961509705
within_run_reference,depth4_muon,4,muon,final,300000,checkpoints/depth_sweep_v3_depth_4_muon_seed_0_to_300k/step_300000.pt,maximum_accuracy_reference,53000,checkpoints/depth_sweep_v2_depth_4_muon_seed_0/step_053000.pt,reference_full,target_readout,0.8590335845947266,0.9929516911506653,0.008304775692522526,0.16357126832008362,0.012060458771884441
within_run_reference,depth4_muon,4,muon,final,300000,checkpoints/depth_sweep_v3_depth_4_muon_seed_0_to_300k/step_300000.pt,maximum_accuracy_reference,53000,checkpoints/depth_sweep_v2_depth_4_muon_seed_0/step_053000.pt,reference_full,reference_readout,0.8590335845947266,0.9929516911506653,0.008304775692522526,0.16357126832008362,0.9929516911506653
within_run_reference,depth4_muon,4,muon,final,300000,checkpoints/depth_sweep_v3_depth_4_muon_seed_0_to_300k/step_300000.pt,maximum_accuracy_reference,53000,checkpoints/depth_sweep_v2_depth_4_muon_seed_0/step_053000.pt,target_addition_only,target_readout,0.8590335845947266,0.9929516911506653,0.008304775692522526,0.16357126832008362,1.0
within_run_reference,depth4_muon,4,muon,final,300000,checkpoints/depth_sweep_v3_depth_4_muon_seed_0_to_300k/step_300000.pt,maximum_accuracy_reference,53000,checkpoints/depth_sweep_v2_depth_4_muon_seed_0/step_053000.pt,target_addition_only,reference_readout,0.8590335845947266,0.9929516911506653,0.008304775692522526,0.16357126832008362,0.017699114978313446
within_run_reference,depth4_muon,4,muon,final,300000,checkpoints/depth_sweep_v3_depth_4_muon_seed_0_to_300k/step_300000.pt,maximum_accuracy_reference,53000,checkpoints/depth_sweep_v2_depth_4_muon_seed_0/step_053000.pt,reference_addition_only,target_readout,0.8590335845947266,0.9929516911506653,0.008304775692522526,0.16357126832008362,0.02654867246747017
within_run_reference,depth4_muon,4,muon,final,300000,checkpoints/depth_sweep_v3_depth_4_muon_seed_0_to_300k/step_300000.pt,maximum_accuracy_reference,53000,checkpoints/depth_sweep_v2_depth_4_muon_seed_0/step_053000.pt,reference_addition_only,reference_readout,0.8590335845947266,0.9929516911506653,0.008304775692522526,0.16357126832008362,1.0
within_run_reference,depth4_stable_muon_observed,4,stable_muon,first_generalized,25000,checkpoints/depth_sweep_v2_depth_4_stable_muon_seed_0/step_025000.pt,maximum_accuracy_reference,115000,checkpoints/depth_sweep_v3_depth_4_stable_muon_seed_0_to_300k/step_115000.pt,target_full,target_readout,0.9524629712104797,0.987078070640564,-0.0038543338887393475,0.030021907761693,0.9524629712104797
within_run_reference,depth4_stable_muon_observed,4,stable_muon,first_generalized,25000,checkpoints/depth_sweep_v2_depth_4_stable_muon_seed_0/step_025000.pt,maximum_accuracy_reference,115000,checkpoints/depth_sweep_v3_depth_4_stable_muon_seed_0_to_300k/step_115000.pt,target_full,reference_readout,0.9524629712104797,0.987078070640564,-0.0038543338887393475,0.030021907761693,0.01182551495730877
within_run_reference,depth4_stable_muon_observed,4,stable_muon,first_generalized,25000,checkpoints/depth_sweep_v2_depth_4_stable_muon_seed_0/step_025000.pt,maximum_accuracy_reference,115000,checkpoints/depth_sweep_v3_depth_4_stable_muon_seed_0_to_300k/step_115000.pt,reference_full,target_readout,0.9524629712104797,0.987078070640564,-0.0038543338887393475,0.030021907761693,0.008614613674581051
within_run_reference,depth4_stable_muon_observed,4,stable_muon,first_generalized,25000,checkpoints/depth_sweep_v2_depth_4_stable_muon_seed_0/step_025000.pt,maximum_accuracy_reference,115000,checkpoints/depth_sweep_v3_depth_4_stable_muon_seed_0_to_300k/step_115000.pt,reference_full,reference_readout,0.9524629712104797,0.987078070640564,-0.0038543338887393475,0.030021907761693,0.987078070640564
within_run_reference,depth4_stable_muon_observed,4,stable_muon,first_generalized,25000,checkpoints/depth_sweep_v2_depth_4_stable_muon_seed_0/step_025000.pt,maximum_accuracy_reference,115000,checkpoints/depth_sweep_v3_depth_4_stable_muon_seed_0_to_300k/step_115000.pt,target_addition_only,target_readout,0.9524629712104797,0.987078070640564,-0.0038543338887393475,0.030021907761693,1.0
within_run_reference,depth4_stable_muon_observed,4,stable_muon,first_generalized,25000,checkpoints/depth_sweep_v2_depth_4_stable_muon_seed_0/step_025000.pt,maximum_accuracy_reference,115000,checkpoints/depth_sweep_v3_depth_4_stable_muon_seed_0_to_300k/step_115000.pt,target_addition_only,reference_readout,0.9524629712104797,0.987078070640564,-0.0038543338887393475,0.030021907761693,0.02654867246747017
within_run_reference,depth4_stable_muon_observed,4,stable_muon,first_generalized,25000,checkpoints/depth_sweep_v2_depth_4_stable_muon_seed_0/step_025000.pt,maximum_accuracy_reference,115000,checkpoints/depth_sweep_v3_depth_4_stable_muon_seed_0_to_300k/step_115000.pt,reference_addition_only,target_readout,0.9524629712104797,0.987078070640564,-0.0038543338887393475,0.030021907761693,0.008849557489156723
within_run_reference,depth4_stable_muon_observed,4,stable_muon,first_generalized,25000,checkpoints/depth_sweep_v2_depth_4_stable_muon_seed_0/step_025000.pt,maximum_accuracy_reference,115000,checkpoints/depth_sweep_v3_depth_4_stable_muon_seed_0_to_300k/step_115000.pt,reference_addition_only,reference_readout,0.9524629712104797,0.987078070640564,-0.0038543338887393475,0.030021907761693,1.0
within_run_reference,depth4_stable_muon_observed,4,stable_muon,minimum_after_first_generalized,75000,checkpoints/depth_sweep_v2_depth_4_stable_muon_seed_0/step_075000.pt,maximum_accuracy_reference,115000,checkpoints/depth_sweep_v3_depth_4_stable_muon_seed_0_to_300k/step_115000.pt,target_full,target_readout,0.1383036971092224,0.987078070640564,0.015750518068671227,0.31862184405326843,0.1383036971092224
within_run_reference,depth4_stable_muon_observed,4,stable_muon,minimum_after_first_generalized,75000,checkpoints/depth_sweep_v2_depth_4_stable_muon_seed_0/step_075000.pt,maximum_accuracy_reference,115000,checkpoints/depth_sweep_v3_depth_4_stable_muon_seed_0_to_300k/step_115000.pt,target_full,reference_readout,0.1383036971092224,0.987078070640564,0.015750518068671227,0.31862184405326843,0.007753151934593916
within_run_reference,depth4_stable_muon_observed,4,stable_muon,minimum_after_first_generalized,75000,checkpoints/depth_sweep_v2_depth_4_stable_muon_seed_0/step_075000.pt,maximum_accuracy_reference,115000,checkpoints/depth_sweep_v3_depth_4_stable_muon_seed_0_to_300k/step_115000.pt,reference_full,target_readout,0.1383036971092224,0.987078070640564,0.015750518068671227,0.31862184405326843,0.010885738767683506
within_run_reference,depth4_stable_muon_observed,4,stable_muon,minimum_after_first_generalized,75000,checkpoints/depth_sweep_v2_depth_4_stable_muon_seed_0/step_075000.pt,maximum_accuracy_reference,115000,checkpoints/depth_sweep_v3_depth_4_stable_muon_seed_0_to_300k/step_115000.pt,reference_full,reference_readout,0.1383036971092224,0.987078070640564,0.015750518068671227,0.31862184405326843,0.987078070640564
within_run_reference,depth4_stable_muon_observed,4,stable_muon,minimum_after_first_generalized,75000,checkpoints/depth_sweep_v2_depth_4_stable_muon_seed_0/step_075000.pt,maximum_accuracy_reference,115000,checkpoints/depth_sweep_v3_depth_4_stable_muon_seed_0_to_300k/step_115000.pt,target_addition_only,target_readout,0.1383036971092224,0.987078070640564,0.015750518068671227,0.31862184405326843,0.5752212405204773
within_run_reference,depth4_stable_muon_observed,4,stable_muon,minimum_after_first_generalized,75000,checkpoints/depth_sweep_v2_depth_4_stable_muon_seed_0/step_075000.pt,maximum_accuracy_reference,115000,checkpoints/depth_sweep_v3_depth_4_stable_muon_seed_0_to_300k/step_115000.pt,target_addition_only,reference_readout,0.1383036971092224,0.987078070640564,0.015750518068671227,0.31862184405326843,0.008849557489156723
within_run_reference,depth4_stable_muon_observed,4,stable_muon,minimum_after_first_generalized,75000,checkpoints/depth_sweep_v2_depth_4_stable_muon_seed_0/step_075000.pt,maximum_accuracy_reference,115000,checkpoints/depth_sweep_v3_depth_4_stable_muon_seed_0_to_300k/step_115000.pt,reference_addition_only,target_readout,0.1383036971092224,0.987078070640564,0.015750518068671227,0.31862184405326843,0.017699114978313446
within_run_reference,depth4_stable_muon_observed,4,stable_muon,minimum_after_first_generalized,75000,checkpoints/depth_sweep_v2_depth_4_stable_muon_seed_0/step_075000.pt,maximum_accuracy_reference,115000,checkpoints/depth_sweep_v3_depth_4_stable_muon_seed_0_to_300k/step_115000.pt,reference_addition_only,reference_readout,0.1383036971092224,0.987078070640564,0.015750518068671227,0.31862184405326843,1.0
within_run_reference,depth4_stable_muon_observed,4,stable_muon,maximum_accuracy_reference,115000,checkpoints/depth_sweep_v3_depth_4_stable_muon_seed_0_to_300k/step_115000.pt,maximum_accuracy_reference,115000,checkpoints/depth_sweep_v3_depth_4_stable_muon_seed_0_to_300k/step_115000.pt,target_full,target_readout,0.987078070640564,0.987078070640564,0.9999997615814209,1.0000015497207642,0.987078070640564
within_run_reference,depth4_stable_muon_observed,4,stable_muon,maximum_accuracy_reference,115000,checkpoints/depth_sweep_v3_depth_4_stable_muon_seed_0_to_300k/step_115000.pt,maximum_accuracy_reference,115000,checkpoints/depth_sweep_v3_depth_4_stable_muon_seed_0_to_300k/step_115000.pt,target_full,reference_readout,0.987078070640564,0.987078070640564,0.9999997615814209,1.0000015497207642,0.987078070640564
within_run_reference,depth4_stable_muon_observed,4,stable_muon,maximum_accuracy_reference,115000,checkpoints/depth_sweep_v3_depth_4_stable_muon_seed_0_to_300k/step_115000.pt,maximum_accuracy_reference,115000,checkpoints/depth_sweep_v3_depth_4_stable_muon_seed_0_to_300k/step_115000.pt,reference_full,target_readout,0.987078070640564,0.987078070640564,0.9999997615814209,1.0000015497207642,0.987078070640564
within_run_reference,depth4_stable_muon_observed,4,stable_muon,maximum_accuracy_reference,115000,checkpoints/depth_sweep_v3_depth_4_stable_muon_seed_0_to_300k/step_115000.pt,maximum_accuracy_reference,115000,checkpoints/depth_sweep_v3_depth_4_stable_muon_seed_0_to_300k/step_115000.pt,reference_full,reference_readout,0.987078070640564,0.987078070640564,0.9999997615814209,1.0000015497207642,0.987078070640564
within_run_reference,depth4_stable_muon_observed,4,stable_muon,maximum_accuracy_reference,115000,checkpoints/depth_sweep_v3_depth_4_stable_muon_seed_0_to_300k/step_115000.pt,maximum_accuracy_reference,115000,checkpoints/depth_sweep_v3_depth_4_stable_muon_seed_0_to_300k/step_115000.pt,target_addition_only,target_readout,0.987078070640564,0.987078070640564,0.9999997615814209,1.0000015497207642,1.0
within_run_reference,depth4_stable_muon_observed,4,stable_muon,maximum_accuracy_reference,115000,checkpoints/depth_sweep_v3_depth_4_stable_muon_seed_0_to_300k/step_115000.pt,maximum_accuracy_reference,115000,checkpoints/depth_sweep_v3_depth_4_stable_muon_seed_0_to_300k/step_115000.pt,target_addition_only,reference_readout,0.987078070640564,0.987078070640564,0.9999997615814209,1.0000015497207642,1.0
within_run_reference,depth4_stable_muon_observed,4,stable_muon,maximum_accuracy_reference,115000,checkpoints/depth_sweep_v3_depth_4_stable_muon_seed_0_to_300k/step_115000.pt,maximum_accuracy_reference,115000,checkpoints/depth_sweep_v3_depth_4_stable_muon_seed_0_to_300k/step_115000.pt,reference_addition_only,target_readout,0.987078070640564,0.987078070640564,0.9999997615814209,1.0000015497207642,1.0
within_run_reference,depth4_stable_muon_observed,4,stable_muon,maximum_accuracy_reference,115000,checkpoints/depth_sweep_v3_depth_4_stable_muon_seed_0_to_300k/step_115000.pt,maximum_accuracy_reference,115000,checkpoints/depth_sweep_v3_depth_4_stable_muon_seed_0_to_300k/step_115000.pt,reference_addition_only,reference_readout,0.987078070640564,0.987078070640564,0.9999997615814209,1.0000015497207642,1.0
within_run_reference,depth4_stable_muon_observed,4,stable_muon,final,300000,checkpoints/depth_sweep_v3_depth_4_stable_muon_seed_0_to_300k/step_300000.pt,maximum_accuracy_reference,115000,checkpoints/depth_sweep_v3_depth_4_stable_muon_seed_0_to_300k/step_115000.pt,target_full,target_readout,0.9674994349479675,0.987078070640564,0.9999997615814209,0.973229169845581,0.9674994349479675
within_run_reference,depth4_stable_muon_observed,4,stable_muon,final,300000,checkpoints/depth_sweep_v3_depth_4_stable_muon_seed_0_to_300k/step_300000.pt,maximum_accuracy_reference,115000,checkpoints/depth_sweep_v3_depth_4_stable_muon_seed_0_to_300k/step_115000.pt,target_full,reference_readout,0.9674994349479675,0.987078070640564,0.9999997615814209,0.973229169845581,0.9674994349479675
within_run_reference,depth4_stable_muon_observed,4,stable_muon,final,300000,checkpoints/depth_sweep_v3_depth_4_stable_muon_seed_0_to_300k/step_300000.pt,maximum_accuracy_reference,115000,checkpoints/depth_sweep_v3_depth_4_stable_muon_seed_0_to_300k/step_115000.pt,reference_full,target_readout,0.9674994349479675,0.987078070640564,0.9999997615814209,0.973229169845581,0.987078070640564
within_run_reference,depth4_stable_muon_observed,4,stable_muon,final,300000,checkpoints/depth_sweep_v3_depth_4_stable_muon_seed_0_to_300k/step_300000.pt,maximum_accuracy_reference,115000,checkpoints/depth_sweep_v3_depth_4_stable_muon_seed_0_to_300k/step_115000.pt,reference_full,reference_readout,0.9674994349479675,0.987078070640564,0.9999997615814209,0.973229169845581,0.987078070640564
within_run_reference,depth4_stable_muon_observed,4,stable_muon,final,300000,checkpoints/depth_sweep_v3_depth_4_stable_muon_seed_0_to_300k/step_300000.pt,maximum_accuracy_reference,115000,checkpoints/depth_sweep_v3_depth_4_stable_muon_seed_0_to_300k/step_115000.pt,target_addition_only,target_readout,0.9674994349479675,0.987078070640564,0.9999997615814209,0.973229169845581,1.0
within_run_reference,depth4_stable_muon_observed,4,stable_muon,final,300000,checkpoints/depth_sweep_v3_depth_4_stable_muon_seed_0_to_300k/step_300000.pt,maximum_accuracy_reference,115000,checkpoints/depth_sweep_v3_depth_4_stable_muon_seed_0_to_300k/step_115000.pt,target_addition_only,reference_readout,0.9674994349479675,0.987078070640564,0.9999997615814209,0.973229169845581,1.0
within_run_reference,depth4_stable_muon_observed,4,stable_muon,final,300000,checkpoints/depth_sweep_v3_depth_4_stable_muon_seed_0_to_300k/step_300000.pt,maximum_accuracy_reference,115000,checkpoints/depth_sweep_v3_depth_4_stable_muon_seed_0_to_300k/step_115000.pt,reference_addition_only,target_readout,0.9674994349479675,0.987078070640564,0.9999997615814209,0.973229169845581,1.0
within_run_reference,depth4_stable_muon_observed,4,stable_muon,final,300000,checkpoints/depth_sweep_v3_depth_4_stable_muon_seed_0_to_300k/step_300000.pt,maximum_accuracy_reference,115000,checkpoints/depth_sweep_v3_depth_4_stable_muon_seed_0_to_300k/step_115000.pt,reference_addition_only,reference_readout,0.9674994349479675,0.987078070640564,0.9999997615814209,0.973229169845581,1.0
