step,local_step,branch,train_loss,train_accuracy,test_loss,test_accuracy,hidden_gradient_norm,auxiliary_gradient_norm,hidden_delta_norm,auxiliary_delta_norm,token_embedding_delta_norm,position_embedding_delta_norm,muon_applied_update_norm,muon_max_abs_applied_update,collapse_detected
44000,0,hidden_plus_unembedding_only,1.8678194635413092e-07,1.0,3.3246786188101396e-05,1.0,nan,nan,0.0,0.0,0.0,0.0,nan,nan,0
44010,10,hidden_plus_unembedding_only,1.8812032465120865e-07,1.0,3.3379619708284736e-05,1.0,2.2470537592075375e-07,1.689776217972394e-05,0.42389187055835925,0.002031901618465781,0.0,0.0,0.15015531229984852,0.00669156014919281,0
44020,20,hidden_plus_unembedding_only,1.8699981296776969e-07,1.0,3.3471325878053904e-05,1.0,2.2499417233381785e-07,1.698029700492043e-05,0.8427468333607776,0.004094264004379511,0.0,0.0,0.14978878394254935,0.006535320542752743,0
44030,30,hidden_plus_unembedding_only,1.8575481419702555e-07,1.0,3.311581167508848e-05,1.0,2.2476898908078082e-07,1.7352878785459325e-05,1.2594544115321655,0.00620920117944479,0.0,0.0,0.149352723154513,0.006372051779180765,0
44040,40,hidden_plus_unembedding_only,1.84572058969934e-07,1.0,3.297875446151011e-05,1.0,2.270917978065748e-07,1.7483307601651177e-05,1.6728954442958877,0.008363529108464718,0.0,0.0,0.14918914488079085,0.006532748229801655,0
44050,50,hidden_plus_unembedding_only,1.8289129855020292e-07,1.0,3.289775850134902e-05,1.0,2.2663160387187727e-07,1.76212106453022e-05,2.0863305455521974,0.01052542682737112,0.0,0.0,0.1488537426357067,0.0065939538180828094,0
44060,60,hidden_plus_unembedding_only,1.8348266905832133e-07,1.0,3.2730127713875845e-05,1.0,2.2822169272658831e-07,1.766248169587925e-05,2.4974705007198663,0.012746322900056839,0.0,0.0,0.1488658119766499,0.00633624754846096,0
44070,70,hidden_plus_unembedding_only,1.8248667288389697e-07,1.0,3.2730738894315436e-05,1.0,2.280555253270919e-07,1.7831323930295184e-05,2.9075173261709675,0.014981778338551521,0.0,0.0,0.14873967218055942,0.006224401295185089,0
44080,80,hidden_plus_unembedding_only,1.8117941635864554e-07,1.0,3.2764841307653114e-05,1.0,2.2860248536370283e-07,1.784642881830223e-05,3.3179931718687574,0.017226936295628548,0.0,0.0,0.14946023199382624,0.006367006804794073,0
44090,90,hidden_plus_unembedding_only,1.8130391765680542e-07,1.0,3.2513446058146656e-05,1.0,2.2900187077497438e-07,1.813880771805998e-05,3.7293619534366047,0.019491612911224365,0.0,0.0,0.15009346196127074,0.006277114152908325,0
44100,100,hidden_plus_unembedding_only,1.8114829458681925e-07,1.0,3.220339203835465e-05,1.0,2.2916745008170487e-07,1.815776886360254e-05,4.1373843904385526,0.021791605278849602,0.0,0.0,0.15010807681596997,0.006458505988121033,0
44110,110,hidden_plus_unembedding_only,1.791562738162611e-07,1.0,3.1854498956818134e-05,1.0,2.295747297837811e-07,1.7950409528566524e-05,4.546104471225921,0.02409815788269043,0.0,0.0,0.15044456064978218,0.006484147161245346,0
44120,120,hidden_plus_unembedding_only,1.7968540078072692e-07,1.0,3.164773806929588e-05,1.0,2.3166099410062328e-07,1.8234084564028308e-05,4.954390863050016,0.026428529992699623,0.0,0.0,0.15099836923065743,0.0065069906413555145,0
44130,130,hidden_plus_unembedding_only,1.790940302726085e-07,1.0,3.159600237268023e-05,1.0,2.3296878232930518e-07,1.835030889196787e-05,5.362396567240208,0.028779612854123116,0.0,0.0,0.15118593638754876,0.006553442217409611,0
44140,140,hidden_plus_unembedding_only,1.7856490330814268e-07,1.0,3.1780047720531e-05,1.0,2.3540900052531505e-07,1.845973929448519e-05,5.770557052645803,0.03116145171225071,0.0,0.0,0.15122262121013444,0.006684374064207077,0
44150,150,hidden_plus_unembedding_only,1.7847152378180908e-07,1.0,3.1590920116286725e-05,1.0,2.361416481065457e-07,1.827814048738219e-05,6.181391985533911,0.0335928313434124,0.0,0.0,0.15144454115665093,0.0070567661896348,0
44160,160,hidden_plus_unembedding_only,1.775377711510373e-07,1.0,3.143781214021146e-05,1.0,2.3776772987641248e-07,1.8259708667756058e-05,6.5916527612919245,0.03604808449745178,0.0,0.0,0.1511783435997252,0.006838584318757057,0
44170,170,hidden_plus_unembedding_only,1.7703976595839777e-07,1.0,3.143389767501503e-05,1.0,2.4022693262121705e-07,1.8554927009972744e-05,6.998732516671832,0.03855279088020325,0.0,0.0,0.15130617712224084,0.006753772497177124,0
44180,180,hidden_plus_unembedding_only,1.760748915557997e-07,1.0,3.1464878702536225e-05,1.0,2.416050033334904e-07,1.830168730521109e-05,7.407470927498404,0.041092995554208755,0.0,0.0,0.15166443015238887,0.006498139817267656,0
44190,190,hidden_plus_unembedding_only,1.7591926848581352e-07,1.0,3.137430758215487e-05,1.0,2.4335603423890346e-07,1.831391273299232e-05,7.815500991174794,0.04369088634848595,0.0,0.0,0.15161153131887886,0.006733111571520567,0
44200,200,hidden_plus_unembedding_only,1.7420738629425614e-07,1.0,3.097668013651855e-05,1.0,2.4317553151951027e-07,1.8294718756806105e-05,8.22320969793502,0.04631871357560158,0.0,0.0,0.15141472184460814,0.006888977717608213,0
44210,210,hidden_plus_unembedding_only,1.7461201196056209e-07,1.0,3.0957828130340204e-05,1.0,2.460728381247519e-07,1.8233640730613843e-05,8.629704998529864,0.049006037414073944,0.0,0.0,0.1515280921846655,0.00674951309338212,0
44220,220,hidden_plus_unembedding_only,1.7377162464526918e-07,1.0,3.087377626798116e-05,1.0,2.4792797512637936e-07,1.816276017052587e-05,9.033229342966266,0.051709357649087906,0.0,0.0,0.15178420573681226,0.00659524230286479,0
44230,230,hidden_plus_unembedding_only,1.7327363366348436e-07,1.0,3.097670924034901e-05,1.0,2.5102202812666984e-07,1.8483882740838453e-05,9.433518882991894,0.054457418620586395,0.0,0.0,0.15159898216926027,0.006552007514983416,0
44240,240,hidden_plus_unembedding_only,1.7330475543531065e-07,1.0,3.086163633270189e-05,1.0,2.532245344899795e-07,1.8562359400675632e-05,9.833782442232504,0.05724916607141495,0.0,0.0,0.15182552529787494,0.0068808263167738914,0
44250,250,hidden_plus_unembedding_only,1.7209087843639281e-07,1.0,3.064214615733363e-05,1.0,2.538907770961131e-07,1.8427244867780246e-05,10.230865429013763,0.060078974813222885,0.0,0.0,0.152024699875948,0.006908508948981762,0
44260,260,hidden_plus_unembedding_only,1.713127488756072e-07,1.0,3.0726423574378714e-05,1.0,2.5800470603455315e-07,1.8795775758917443e-05,10.62546063299584,0.06294793635606766,0.0,0.0,0.15204635809508607,0.006638925522565842,0
44270,270,hidden_plus_unembedding_only,1.7100148852478014e-07,1.0,3.058008951484226e-05,1.0,2.632616739416934e-07,1.889533996290993e-05,11.019934451363516,0.06590999662876129,0.0,0.0,0.15199408612244972,0.006449894979596138,0
44280,280,hidden_plus_unembedding_only,1.7041011801666173e-07,1.0,3.070920502068475e-05,1.0,2.6677445097668187e-07,1.888069891720079e-05,11.41491753847009,0.06892699003219604,0.0,0.0,0.15202793414257557,0.006528609432280064,0
44290,290,hidden_plus_unembedding_only,1.6935186408773006e-07,1.0,3.040390402020421e-05,1.0,2.645055800161868e-07,1.9023515051230788e-05,11.80908757497197,0.07198776304721832,0.0,0.0,0.15217604069051766,0.006751788780093193,0
44300,300,hidden_plus_unembedding_only,1.69071739719584e-07,1.0,3.0280016289907508e-05,1.0,2.655572846908776e-07,1.8880635252571665e-05,12.202745380344641,0.07510652393102646,0.0,0.0,0.1522422121292262,0.00683882599696517,0
44310,310,hidden_plus_unembedding_only,1.674221010716792e-07,1.0,3.0308692657854408e-05,1.0,2.7084674472104983e-07,1.950681507878471e-05,12.596351220906747,0.07826227694749832,0.0,0.0,0.1521966803959324,0.006811562459915876,0
44320,320,hidden_plus_unembedding_only,1.6701747540537326e-07,1.0,3.0481871363008395e-05,1.0,2.704941336007671e-07,1.9149863874190487e-05,12.990532183261518,0.08151936531066895,0.0,0.0,0.15210534994513925,0.0068421862088143826,0
44330,330,hidden_plus_unembedding_only,1.65865841950108e-07,1.0,3.081215254496783e-05,1.0,2.754502351474018e-07,1.925701872096397e-05,13.383369436638034,0.08477039635181427,0.0,0.0,0.1513317068285483,0.006829441525042057,0
44340,340,hidden_plus_unembedding_only,1.643718405830441e-07,1.0,3.114132778136991e-05,1.0,2.7281211908121625e-07,1.928558231156785e-05,13.771028895378965,0.08804348111152649,0.0,0.0,0.15138911823213375,0.006866232492029667,0
44350,350,hidden_plus_unembedding_only,1.64496341881204e-07,1.0,3.12189367832616e-05,1.0,2.7682192302758776e-07,1.9140716176480055e-05,14.156258846664175,0.09135903418064117,0.0,0.0,0.15106051216816208,0.006845580413937569,0
44360,360,hidden_plus_unembedding_only,1.6406058023221703e-07,1.0,3.135409497190267e-05,1.0,2.767290142816779e-07,1.917546433105599e-05,14.54052126801891,0.09469282627105713,0.0,0.0,0.15122019026945582,0.006895961239933968,0
44370,370,hidden_plus_unembedding_only,1.6300232630328537e-07,1.0,3.128153912257403e-05,1.0,2.7938617455692443e-07,1.9208449884899892e-05,14.925115298786851,0.09802307188510895,0.0,0.0,0.15138910734425023,0.0069242012687027454,0
44380,380,hidden_plus_unembedding_only,1.6306458405779267e-07,1.0,3.147434108541347e-05,1.0,2.821441513367017e-07,1.9221590264351107e-05,15.306991826296155,0.10137125849723816,0.0,0.0,0.15105107910431406,0.006919884588569403,0
44390,390,hidden_plus_unembedding_only,1.6185070705887483e-07,1.0,3.166114038322121e-05,1.0,2.8245802544468646e-07,1.9416289433138445e-05,15.690324976657413,0.10474218428134918,0.0,0.0,0.15088367647905604,0.006783648394048214,0
44400,400,hidden_plus_unembedding_only,1.6138382363806159e-07,1.0,3.197620753780939e-05,1.0,2.858340346869078e-07,1.9340975995874032e-05,16.07305430574385,0.10813865065574646,0.0,0.0,0.15070381584065026,0.007011582143604755,0
44410,410,hidden_plus_unembedding_only,1.619440723743537e-07,1.0,3.221386214136146e-05,1.0,2.8463170608991516e-07,1.9602477550506592e-05,16.45419964092315,0.1115703359246254,0.0,0.0,0.15093317167683962,0.007051651831716299,0
44420,420,hidden_plus_unembedding_only,1.6113482104174182e-07,1.0,3.2330113754142076e-05,1.0,2.9460802729219757e-07,1.9772780433413573e-05,16.833315376013264,0.11503428965806961,0.0,0.0,0.15126650262064645,0.007077313493937254,0
44430,430,hidden_plus_unembedding_only,1.604500710072898e-07,1.0,3.252071110182442e-05,1.0,2.9304657187034737e-07,1.9402034013182856e-05,17.21212151347845,0.11859572678804398,0.0,0.0,0.15091366081448007,0.006918857339769602,0
44440,440,hidden_plus_unembedding_only,1.6079245312994317e-07,1.0,3.2843032386153936e-05,1.0,2.9895012675815277e-07,1.9922072169720195e-05,17.59334488980766,0.12220294028520584,0.0,0.0,0.15064734284017933,0.006929687224328518,0
44450,450,hidden_plus_unembedding_only,1.6020106841097004e-07,1.0,3.2927167922025546e-05,1.0,3.028743134512697e-07,1.9934990632464178e-05,17.9738998189206,0.1258828192949295,0.0,0.0,0.1508694817704642,0.007111141458153725,0
44460,460,hidden_plus_unembedding_only,1.6094807619992935e-07,1.0,3.3134707337012514e-05,1.0,3.0510731785168175e-07,1.9963050363003276e-05,18.352782494552184,0.12965619564056396,0.0,0.0,0.15058223931327555,0.007156668696552515,0
44470,470,hidden_plus_unembedding_only,1.5936069530653185e-07,1.0,3.334050779812969e-05,1.0,3.0430863274855776e-07,1.9837629224639386e-05,18.730017844033554,0.13346686959266663,0.0,0.0,0.15063223745293733,0.007226331625133753,0
44480,480,hidden_plus_unembedding_only,1.590805709383858e-07,1.0,3.371644561411813e-05,1.0,3.0542382108280873e-07,1.9999943106085993e-05,19.106610488817367,0.13731978833675385,0.0,0.0,0.1503133077173778,0.006935099605470896,0
44490,490,hidden_plus_unembedding_only,1.5827130539491918e-07,1.0,3.403086157049984e-05,1.0,3.127475018652776e-07,2.0368157493066974e-05,19.48227159340444,0.14124733209609985,0.0,0.0,0.14981440887850883,0.0072029451839625835,0
44500,500,hidden_plus_unembedding_only,1.582090618512666e-07,1.0,3.391487189219333e-05,1.0,3.1471113715158505e-07,1.98274283320643e-05,19.85782265390317,0.14525456726551056,0.0,0.0,0.14970744430698513,0.007242186926305294,0
44510,510,hidden_plus_unembedding_only,1.5799118102677312e-07,1.0,3.379382178536616e-05,1.0,3.225273180921739e-07,2.048860005743336e-05,20.229015178270696,0.14929991960525513,0.0,0.0,0.14915528726586563,0.00716412765905261,0
44520,520,hidden_plus_unembedding_only,1.574620540623073e-07,1.0,3.4110420529032126e-05,1.0,3.2485669058103847e-07,2.0326222511357628e-05,20.596461464988078,0.15352891385555267,0.0,0.0,0.14818550965876467,0.007167772855609655,0
44530,530,hidden_plus_unembedding_only,1.5833356314942648e-07,1.0,3.428613854339346e-05,1.0,3.2573520288137396e-07,2.0166593458270654e-05,20.961141617582246,0.15784230828285217,0.0,0.0,0.1473271084332066,0.006932459771633148,0
44540,540,hidden_plus_unembedding_only,1.5883156834206602e-07,1.0,3.4009761293418705e-05,1.0,3.3610162092836574e-07,2.0338728063507006e-05,21.319336184513787,0.16221390664577484,0.0,0.0,0.146820766772003,0.007094786036759615,0
44550,550,hidden_plus_unembedding_only,1.589871914120522e-07,1.0,3.4019692975562066e-05,1.0,3.404884721929376e-07,2.0044150005560368e-05,21.671699040800398,0.1666354387998581,0.0,0.0,0.14644702979844804,0.007068072911351919,0
44560,560,hidden_plus_unembedding_only,1.589871914120522e-07,1.0,3.446857226663269e-05,1.0,3.3146478241270803e-07,2.0104125724174082e-05,22.019922778277692,0.17112305760383606,0.0,0.0,0.14621436639537264,0.006892587523907423,0
44570,570,hidden_plus_unembedding_only,1.605745723054497e-07,1.0,3.522679617162794e-05,1.0,3.4238646164842496e-07,2.0399333152454346e-05,22.36629683479584,0.17570124566555023,0.0,0.0,0.14586765533921278,0.006845001596957445,0
44580,580,hidden_plus_unembedding_only,1.597964427446641e-07,1.0,3.567354360711761e-05,1.0,3.4909061727330823e-07,2.0427423805813305e-05,22.70867845960409,0.18031944334506989,0.0,0.0,0.1460772175676847,0.006925170309841633,0
44590,590,hidden_plus_unembedding_only,1.6041894923546351e-07,1.0,3.655110049294308e-05,1.0,3.403109281553911e-07,2.0648276404244825e-05,23.04750516911025,0.18502286076545715,0.0,0.0,0.14631882119880524,0.007000046782195568,0
44600,600,hidden_plus_unembedding_only,1.6010768888463645e-07,1.0,3.6999976146034896e-05,1.0,3.577839045197279e-07,2.0228644643793814e-05,23.38586536107195,0.18982115387916565,0.0,0.0,0.14653736451569843,0.007198747713118792,0
44610,610,hidden_plus_unembedding_only,1.6157058269072877e-07,1.0,3.7385016184998676e-05,1.0,3.505523440978108e-07,2.0761048290296458e-05,23.72372676548529,0.1947098970413208,0.0,0.0,0.14651342156633404,0.007169008255004883,0
44620,620,hidden_plus_unembedding_only,1.613527018662353e-07,1.0,3.752932389033958e-05,1.0,3.597964036525173e-07,2.0578028852469288e-05,24.063168819287903,0.19973249733448029,0.0,0.0,0.14657234112727588,0.0071528260596096516,0
44630,630,hidden_plus_unembedding_only,1.612282005680754e-07,1.0,3.714662307174876e-05,1.0,3.680665965971183e-07,2.0806954125873744e-05,24.402973461798034,0.2048715054988861,0.0,0.0,0.14655573209596276,0.007136285770684481,0
44640,640,hidden_plus_unembedding_only,1.6181957107619382e-07,1.0,3.652020313893445e-05,1.0,3.775108725686013e-07,2.0994744772906415e-05,24.744964662566165,0.21017155051231384,0.0,0.0,0.146793022921082,0.007150453981012106,0
44650,650,hidden_plus_unembedding_only,1.619440723743537e-07,1.0,3.690860830829479e-05,1.0,3.657761150930989e-07,2.0904464690829627e-05,25.087164241632998,0.21562430262565613,0.0,0.0,0.14660903399110783,0.007189596071839333,0
44660,660,hidden_plus_unembedding_only,1.6384271361857827e-07,1.0,3.7920839531579986e-05,1.0,3.871061865120256e-07,2.0507593944785185e-05,25.428542691461395,0.2211989313364029,0.0,0.0,0.1460721046676623,0.007317253388464451,0
44670,670,hidden_plus_unembedding_only,1.6188182883070112e-07,1.0,3.837787517113611e-05,1.0,3.950583412944477e-07,2.087131724692881e-05,25.768292821707384,0.22687208652496338,0.0,0.0,0.14614228031099233,0.007136722095310688,0
44680,680,hidden_plus_unembedding_only,1.6337583019776503e-07,1.0,3.878811185131781e-05,1.0,4.070713608436268e-07,2.1218284018686973e-05,26.104340994485277,0.23267638683319092,0.0,0.0,0.14578956858878103,0.007097970694303513,0
44690,690,hidden_plus_unembedding_only,1.643718405830441e-07,1.0,3.9820159145165235e-05,1.0,3.984912257020533e-07,2.0462159227463417e-05,26.439845122433326,0.23857969045639038,0.0,0.0,0.14619061566069336,0.007239423226565123,0
44700,700,hidden_plus_unembedding_only,1.6490096754750994e-07,1.0,4.099333455087617e-05,1.0,4.108207973265953e-07,2.139835305570159e-05,26.773040239628187,0.2445734590291977,0.0,0.0,0.1463988277842028,0.0072859893552958965,0
44710,710,hidden_plus_unembedding_only,1.6655059198456001e-07,1.0,4.258588160155341e-05,1.0,4.132367370420636e-07,2.0415671315276995e-05,27.10563518147129,0.250675767660141,0.0,0.0,0.1464442746516467,0.007346286438405514,0
44720,720,hidden_plus_unembedding_only,1.65865841950108e-07,1.0,4.350625749793835e-05,1.0,4.242591751066642e-07,2.0755638615810312e-05,27.43727724586841,0.2568128705024719,0.0,0.0,0.14651515375976262,0.007423226721584797,0
44730,730,hidden_plus_unembedding_only,1.6801348579065234e-07,1.0,4.2927073081955314e-05,1.0,4.3122889227484513e-07,2.098450750054326e-05,27.7685309235181,0.2630791962146759,0.0,0.0,0.1463916994968446,0.007567399647086859,0
44740,740,hidden_plus_unembedding_only,1.6885385889509053e-07,1.0,4.2882125853793696e-05,1.0,4.4054026408793155e-07,2.0766283341799863e-05,28.098668244029618,0.26946189999580383,0.0,0.0,0.14631158520583776,0.0074279699474573135,0
44750,750,hidden_plus_unembedding_only,1.689783601932504e-07,1.0,4.274004459148273e-05,1.0,4.482447839745176e-07,2.0309318642830476e-05,28.42817229696233,0.2759281396865845,0.0,0.0,0.1465530177995711,0.007133892737329006,0
44760,760,hidden_plus_unembedding_only,1.691028614914103e-07,1.0,4.3182681110920385e-05,1.0,4.556443630082635e-07,2.073998075502459e-05,28.755813350383985,0.2825171649456024,0.0,0.0,0.14644562348268558,0.007108153309673071,0
44770,770,hidden_plus_unembedding_only,1.6885385889509053e-07,1.0,4.384810745250434e-05,1.0,4.5452586912522295e-07,2.05614142032573e-05,29.083022744522573,0.2892208993434906,0.0,0.0,0.14630880608096172,0.007009747438132763,0
44780,780,hidden_plus_unembedding_only,1.7090812320930127e-07,1.0,4.516553963185288e-05,1.0,4.677016501620766e-07,2.0694300474133343e-05,29.41013292759446,0.29609331488609314,0.0,0.0,0.1463049994691901,0.007219362538307905,0
44790,790,hidden_plus_unembedding_only,1.7037899624483543e-07,1.0,4.6555334847653285e-05,1.0,4.712127003257653e-07,2.045077781076543e-05,29.736148655655004,0.30305662751197815,0.0,0.0,0.14628411355748036,0.007473969366401434,0
44800,800,hidden_plus_unembedding_only,1.7162399501557957e-07,1.0,4.6755179937463254e-05,1.0,4.730447448202017e-07,2.0519750250969082e-05,30.06152735963195,0.31014284491539,0.0,0.0,0.14641770167386436,0.007535458076745272,0
44810,810,hidden_plus_unembedding_only,1.7115712580562104e-07,1.0,4.6553959691664204e-05,1.0,4.91234077352652e-07,2.0341021809144877e-05,30.387010687391435,0.31737491488456726,0.0,0.0,0.14583096095850084,0.007348072249442339,0
44820,820,hidden_plus_unembedding_only,1.7162399501557957e-07,1.0,4.6318175009218976e-05,1.0,4.891002791054858e-07,2.0814160961890593e-05,30.710423216323942,0.32473495602607727,0.0,0.0,0.14606216644631229,0.0075531755574047565,0
44830,830,hidden_plus_unembedding_only,1.7237100280453888e-07,1.0,4.596587677951902e-05,1.0,4.961119150248335e-07,2.0160741769359447e-05,31.03315704463391,0.3322097957134247,0.0,0.0,0.1458171068925709,0.007697525434195995,0
44840,840,hidden_plus_unembedding_only,1.7311799638264347e-07,1.0,4.621541665983386e-05,1.0,4.947777471005484e-07,2.014072197198402e-05,31.355567905876587,0.33977916836738586,0.0,0.0,0.145896611684628,0.0075781880877912045,0
44850,850,hidden_plus_unembedding_only,1.7423850806608243e-07,1.0,4.805748540093191e-05,1.0,5.112903559061768e-07,2.085417327180039e-05,31.676296404609907,0.3475003242492676,0.0,0.0,0.14538212535823766,0.007505212910473347,0
44860,860,hidden_plus_unembedding_only,1.7551464281950757e-07,1.0,4.835416257265024e-05,1.0,5.294881409615755e-07,2.0452982425922528e-05,31.996757620120125,0.35534098744392395,0.0,0.0,0.14517813717622868,0.00733243627473712,0
44870,870,hidden_plus_unembedding_only,1.7551464281950757e-07,1.0,4.900456769973971e-05,1.0,5.234888851107478e-07,2.0755624063895084e-05,32.315461358163944,0.36330485343933105,0.0,0.0,0.14481742441774492,0.007388655561953783,0
44880,880,hidden_plus_unembedding_only,1.768841428884116e-07,1.0,4.9278231017524377e-05,1.0,5.474968457546781e-07,2.1235053281998262e-05,32.63315370440473,0.37145721912384033,0.0,0.0,0.14494116060300816,0.0076272450387477875,0
44890,890,hidden_plus_unembedding_only,1.7632389415211946e-07,1.0,4.945673208567314e-05,1.0,5.643980476760358e-07,2.0580755517585203e-05,32.95069522197755,0.37979385256767273,0.0,0.0,0.14515696152217414,0.00782160833477974,0
44900,900,hidden_plus_unembedding_only,1.7551464281950757e-07,1.0,5.015574424760416e-05,1.0,5.791162733766637e-07,2.1162528355489485e-05,33.26761443170975,0.3883381485939026,0.0,0.0,0.14502044847136494,0.007679848000407219,0
44910,910,hidden_plus_unembedding_only,1.744563888905759e-07,1.0,5.042887642048299e-05,1.0,5.82840233783147e-07,2.1177285816520452e-05,33.584766138194155,0.3972175121307373,0.0,0.0,0.14501845882067824,0.007513465825468302,0
44920,920,hidden_plus_unembedding_only,1.73616001575283e-07,1.0,5.216322097112425e-05,1.0,6.05630239081095e-07,2.11229853448458e-05,33.90214606569628,0.4064229726791382,0.0,0.0,0.1445902737985373,0.0070259044878184795,0
44930,930,hidden_plus_unembedding_only,1.729935092953383e-07,1.0,5.305665035848506e-05,1.0,6.679671724342592e-07,2.2076503228163347e-05,34.22028429062672,0.4161117970943451,0.0,0.0,0.1445075543703106,0.006853675004094839,0
44940,940,hidden_plus_unembedding_only,1.7031673849032813e-07,1.0,5.306792081682943e-05,1.0,6.653495395789936e-07,2.1623389329761267e-05,34.540021431079985,0.4262899160385132,0.0,0.0,0.14473809733265267,0.006933690048754215,0
44950,950,hidden_plus_unembedding_only,1.6679959458087978e-07,1.0,5.2812767535215244e-05,1.0,6.629441747376873e-07,2.3158301701187156e-05,34.86147261275597,0.43684956431388855,0.0,0.0,0.14488632837780444,0.007157654035836458,0
44960,960,hidden_plus_unembedding_only,1.6726647800169303e-07,1.0,5.367182893678546e-05,1.0,6.821037087900702e-07,2.3087368390406482e-05,35.185568837846425,0.44788452982902527,0.0,0.0,0.14464995018482993,0.0072412434965372086,0
44970,970,hidden_plus_unembedding_only,1.650877123893224e-07,1.0,5.267707820166834e-05,1.0,7.109799497978588e-07,2.1167885279282928e-05,35.51160358895161,0.45914340019226074,0.0,0.0,0.14481020093784466,0.007080174516886473,0
44980,980,hidden_plus_unembedding_only,1.643095828285368e-07,1.0,4.958473437000066e-05,1.0,6.915920919885162e-07,2.2270052795647644e-05,35.838530458123564,0.4705555737018585,0.0,0.0,0.1450906126275784,0.007039728574454784,0
44990,990,hidden_plus_unembedding_only,1.6247319933881954e-07,1.0,4.8845908168004826e-05,1.0,7.307366513856996e-07,2.2046395315555856e-05,36.16643502006408,0.48194992542266846,0.0,0.0,0.1451354243301726,0.006583400070667267,0
45000,1000,hidden_plus_unembedding_only,1.612282005680754e-07,1.0,5.1219129090895876e-05,1.0,6.919817463458528e-07,2.2431189790950157e-05,36.49504409691961,0.4935523271560669,0.0,0.0,0.14574055289752394,0.006571757607161999,0
45010,1010,hidden_plus_unembedding_only,1.620997096551946e-07,1.0,5.261983096715994e-05,1.0,7.501598115092988e-07,2.153766581614036e-05,36.82669739337174,0.5052887797355652,0.0,0.0,0.14575643204106098,0.0065424200147390366,0
45020,1020,hidden_plus_unembedding_only,1.6256657886515313e-07,1.0,5.4081778216641396e-05,1.0,7.323710518469785e-07,2.1697755073546432e-05,37.16165570430902,0.5170339345932007,0.0,0.0,0.14603635006748536,0.006585892289876938,0
45030,1030,hidden_plus_unembedding_only,1.6073019537543587e-07,1.0,5.5497512221336365e-05,1.0,7.36503104111705e-07,2.159317045880016e-05,37.49985889413665,0.5286990404129028,0.0,0.0,0.14652557889816265,0.007075682748109102,0
45040,1040,hidden_plus_unembedding_only,1.6060569407727598e-07,1.0,5.6974124163389206e-05,1.0,7.499918446177113e-07,2.198238144046627e-05,37.841177296974436,0.5402905941009521,0.0,0.0,0.14679506960594435,0.007097246591001749,0
45050,1050,hidden_plus_unembedding_only,1.6004544534098386e-07,1.0,5.915969450143166e-05,1.0,7.533068368336362e-07,2.1773746993858367e-05,38.18564362918321,0.5519036054611206,0.0,0.0,0.1473518253129753,0.006959805730730295,0
45060,1060,hidden_plus_unembedding_only,1.6104144151540822e-07,1.0,5.894588684896007e-05,1.0,7.832145834542544e-07,2.090820089506451e-05,38.53119940140188,0.5636340975761414,0.0,0.0,0.1476851101913159,0.006830794736742973,0
45070,1070,hidden_plus_unembedding_only,1.6104144151540822e-07,1.0,6.180940545164049e-05,1.0,8.042758793607089e-07,2.114788003382273e-05,38.87842693980439,0.5754299163818359,0.0,0.0,0.14767474202829614,0.006858760956674814,0
45080,1080,hidden_plus_unembedding_only,1.613527018662353e-07,1.0,6.569945253431797e-05,1.0,8.128730924711928e-07,2.065332591882907e-05,39.22621580511302,0.5871946215629578,0.0,0.0,0.1474178725730982,0.006840290501713753,0
45090,1090,hidden_plus_unembedding_only,1.6107257749808923e-07,1.0,6.867991760373116e-05,1.0,8.540795767715e-07,2.0106821466470137e-05,39.5754846136719,0.5989995002746582,0.0,0.0,0.14659890433275097,0.006658542435616255,0
45100,1100,hidden_plus_unembedding_only,1.605123145509424e-07,1.0,7.124202238628641e-05,1.0,8.400316819250984e-07,2.053613388852682e-05,39.924669844722736,0.6109144687652588,0.0,0.0,0.14645869036726974,0.006666962523013353,0
45110,1110,hidden_plus_unembedding_only,1.6234869804065966e-07,1.0,7.569331501144916e-05,1.0,8.304490189908665e-07,2.195432534790598e-05,40.27483301306467,0.6229282021522522,0.0,0.0,0.14628087627618136,0.006697295233607292,0
45120,1120,hidden_plus_unembedding_only,1.6104144151540822e-07,1.0,7.753894897177815e-05,1.0,8.261450800832274e-07,2.0274321286706254e-05,40.62659285227516,0.6349912285804749,0.0,0.0,0.14639605865379285,0.006797944661229849,0
45130,1130,hidden_plus_unembedding_only,1.6160170446255506e-07,1.0,8.160559082170948e-05,1.0,8.308365195421126e-07,2.1901583750150166e-05,40.97994705922944,0.647233247756958,0.0,0.0,0.14644092793094807,0.0069868434220552444,0
45140,1140,hidden_plus_unembedding_only,1.6147720316439518e-07,1.0,8.69087889441289e-05,1.0,8.684427449018819e-07,2.0444427718757652e-05,41.334408442832256,0.6595851182937622,0.0,0.0,0.145822444281877,0.006914022844284773,0
45150,1150,hidden_plus_unembedding_only,1.6306458405779267e-07,1.0,9.436042455490679e-05,1.0,8.565824307052946e-07,2.1744932382716797e-05,41.68928688020636,0.6719670295715332,0.0,0.0,0.14564607527290876,0.006896511651575565,0
45160,1160,hidden_plus_unembedding_only,1.6141494540988788e-07,1.0,9.877379488898441e-05,1.0,8.812089776008421e-07,2.092219074256718e-05,42.044627578026116,0.6841918230056763,0.0,0.0,0.14532933158847844,0.006591824349015951,0
45170,1170,hidden_plus_unembedding_only,1.629400827596328e-07,1.0,0.00010661574924597517,1.0,8.898401027962105e-07,2.0837647753069177e-05,42.3992318956286,0.6966341137886047,0.0,0.0,0.14484777293746212,0.006327263545244932,0
45180,1180,hidden_plus_unembedding_only,1.6318908535595256e-07,1.0,0.00010978170757880434,1.0,8.923038136987425e-07,2.136821422027424e-05,42.75399513907579,0.7091512084007263,0.0,0.0,0.14467931873834067,0.00622051116079092,0
45190,1190,hidden_plus_unembedding_only,1.6455858542485657e-07,1.0,0.00011844820983242244,1.0,9.563120425599194e-07,2.102595317410305e-05,43.1091820967449,0.7216429114341736,0.0,0.0,0.14460867859580323,0.006352682132273912,0
45200,1200,hidden_plus_unembedding_only,1.6583472017828171e-07,1.0,0.00012253879685886204,1.0,9.623172325508496e-07,2.300328378623817e-05,43.46509112032228,0.7342094779014587,0.0,0.0,0.144402852054651,0.006458093412220478,0
45210,1210,hidden_plus_unembedding_only,1.6496321109116252e-07,1.0,0.00012826449528802186,1.0,9.445712195572654e-07,2.0750241674249992e-05,43.82102837342738,0.7467523217201233,0.0,0.0,0.14467610494368288,0.006087397690862417,0
45220,1220,hidden_plus_unembedding_only,1.643718405830441e-07,1.0,0.00012713336036540568,1.0,9.784424511817764e-07,2.0166931790299714e-05,44.1765159240023,0.7592171430587769,0.0,0.0,0.1447758599404082,0.006014924496412277,0
45230,1230,hidden_plus_unembedding_only,1.6580359840645542e-07,1.0,0.00013544820831157267,1.0,1.0061807364658901e-06,1.9684892322402447e-05,44.53048659550797,0.771881639957428,0.0,0.0,0.14403217811503105,0.005768910050392151,0
45240,1240,hidden_plus_unembedding_only,1.667684728090535e-07,1.0,0.00014073301281314343,1.0,9.161184846375553e-07,2.1760411982540973e-05,44.88456110613607,0.7844783663749695,0.0,0.0,0.14418866599876004,0.005902358330786228,0
45250,1250,hidden_plus_unembedding_only,1.6539897274014947e-07,1.0,0.00013880054757464677,1.0,9.748083378296936e-07,2.1748785002273507e-05,45.239201608366265,0.7969486117362976,0.0,0.0,0.14414047211695713,0.006164315156638622,0
45260,1260,hidden_plus_unembedding_only,1.6555459581013565e-07,1.0,0.00014848836872261018,1.0,9.346140199444143e-07,2.2868598534842022e-05,45.59290496875775,0.8094732761383057,0.0,0.0,0.14384929296299956,0.006181119475513697,0
45270,1270,hidden_plus_unembedding_only,1.6679959458087978e-07,1.0,0.00013938384654466063,1.0,1.0140137578312735e-06,1.8442209693603218e-05,45.946775948955946,0.821958065032959,0.0,0.0,0.14331927764092872,0.006241968832910061,0
45280,1280,hidden_plus_unembedding_only,1.6655059198456001e-07,1.0,0.00015208825061563402,1.0,1.0252742286500576e-06,2.2665069991489872e-05,46.30096202154949,0.83440762758255,0.0,0.0,0.1435966506568846,0.005868441890925169,0
45290,1290,hidden_plus_unembedding_only,20.815608978271484,0.5686684250831604,21.73723602294922,0.5091173648834229,6.514226287929458,260.5506896972656,46.502210934813895,1.0001217126846313,0.0,0.0,0.14715959076482688,0.006887908559292555,1
45300,1300,hidden_plus_unembedding_only,24.250179290771484,0.4718015789985657,27.79730987548828,0.40798747539520264,10.01248260979721,348.0473327636719,46.49463086184902,1.9444363117218018,0.0,0.0,0.14134659499976224,0.006417873781174421,1
45310,1310,hidden_plus_unembedding_only,4.552396774291992,0.7519582509994507,7.212857723236084,0.6783756613731384,5.239444368885712,161.37350463867188,46.56275942711642,2.3730356693267822,0.0,0.0,0.15506915435437732,0.0069201127626001835,1
45320,1320,hidden_plus_unembedding_only,0.650032103061676,0.9339425563812256,1.6102014780044556,0.8676585555076599,2.2836086910908207,45.48771667480469,46.684018422124886,2.613332748413086,0.0,0.0,0.1618839403959229,0.00752767501398921,0
45330,1330,hidden_plus_unembedding_only,0.032678961753845215,0.9908615946769714,0.39796364307403564,0.9478688836097717,0.4593489282668973,9.763989448547363,46.868458519717315,2.7302308082580566,0.0,0.0,0.16453558008992858,0.007579820696264505,0
45340,1340,hidden_plus_unembedding_only,0.006813442334532738,0.9979112148284912,0.245838925242424,0.9624118804931641,0.23147349129312683,4.036728858947754,47.11090876657323,2.768224000930786,0.0,0.0,0.1644225797361258,0.007599769625812769,0
45350,1350,hidden_plus_unembedding_only,0.00108852528501302,1.0,0.1671283096075058,0.9723682999610901,0.03737079655199568,0.684512734413147,47.410754237965975,2.7630698680877686,0.0,0.0,0.16433301250421525,0.007516252808272839,0
45360,1360,hidden_plus_unembedding_only,0.0007123029790818691,1.0,0.14946281909942627,0.9741581678390503,0.018746263500488605,0.35563939809799194,47.76792941315525,2.7388341426849365,0.0,0.0,0.1642303343769342,0.007157149724662304,0
45370,1370,hidden_plus_unembedding_only,0.0006906833150424063,1.0,0.14795072376728058,0.9732632040977478,0.017821917665737926,0.29441142082214355,48.176546334223744,2.708564519882202,0.0,0.0,0.1647100992376146,0.00663997745141387,0
45380,1380,hidden_plus_unembedding_only,0.0005921146948821843,1.0,0.1460026502609253,0.9706902503967285,0.013694543437049818,0.20575912296772003,48.630873841054225,2.6768360137939453,0.0,0.0,0.1657278268512993,0.006505628582090139,0
45390,1390,hidden_plus_unembedding_only,0.0004220486443955451,1.0,0.1385512351989746,0.9709139466285706,0.007883062416490958,0.12300276756286621,49.12643545302987,2.644497871398926,0.0,0.0,0.166767342965244,0.00686739943921566,0
45400,1400,hidden_plus_unembedding_only,0.0003415503597352654,1.0,0.12603117525577545,0.9731513857841492,0.005176833958183532,0.08994054049253464,49.65828021092509,2.61283278465271,0.0,0.0,0.16775931927034804,0.007435965817421675,0
45410,1410,hidden_plus_unembedding_only,0.00025791331427171826,1.0,0.11165989190340042,0.9738225936889648,0.003389177118109508,0.06612922251224518,50.2129547344774,2.582289695739746,0.0,0.0,0.1686616404658437,0.007107977289706469,0
45420,1420,hidden_plus_unembedding_only,0.0002173922985093668,1.0,0.09879553318023682,0.9750531315803528,0.0025912331452715063,0.05211082845926285,50.78414954049017,2.5529332160949707,0.0,0.0,0.17048494724487925,0.006455408409237862,0
45430,1430,hidden_plus_unembedding_only,0.00013281172141432762,1.0,0.08454040437936783,0.9787448048591614,0.0013590094387986298,0.029060764238238335,51.3702722365891,2.5244879722595215,0.0,0.0,0.17333342926032533,0.007197189144790173,0
45440,1440,hidden_plus_unembedding_only,8.692391566000879e-05,1.0,0.07067448645830154,0.9817652702331543,0.0007253957001662687,0.016193978488445282,51.97692615093313,2.4967215061187744,0.0,0.0,0.17526774962962108,0.006856853608042002,0
45450,1450,hidden_plus_unembedding_only,6.12427611486055e-05,1.0,0.05670386180281639,0.9832196235656738,0.00047288956558676345,0.010117748752236366,52.607405488103524,2.4695003032684326,0.0,0.0,0.17742116347582712,0.006706057582050562,0
45460,1460,hidden_plus_unembedding_only,4.4829652324551716e-05,1.0,0.04419364035129547,0.9866875410079956,0.0002820877094991332,0.006576403509825468,53.25872162402186,2.442760467529297,0.0,0.0,0.1786667301235281,0.006908702664077282,0
45470,1470,hidden_plus_unembedding_only,3.431197546888143e-05,1.0,0.033136360347270966,0.9903792142868042,0.0002014293206383855,0.004598763305693865,53.91797740264777,2.4163949489593506,0.0,0.0,0.17825722669005367,0.007084695156663656,0
45480,1480,hidden_plus_unembedding_only,2.3679185687797144e-05,1.0,0.023881547152996063,0.9921691417694092,0.00011650962020553742,0.0027853723149746656,54.57087565707625,2.3903539180755615,0.0,0.0,0.1781609990066304,0.006580254063010216,0
45490,1490,hidden_plus_unembedding_only,1.8037808331428096e-05,1.0,0.01689974218606949,0.9940709471702576,7.672618893861266e-05,0.0018188203684985638,55.22235570942777,2.3646440505981445,0.0,0.0,0.1790459641442496,0.007164882030338049,0
45500,1500,hidden_plus_unembedding_only,1.531697307655122e-05,1.0,0.012302100658416748,0.9956371188163757,6.004796725245878e-05,0.0013722871663048863,55.873841999222925,2.3392488956451416,0.0,0.0,0.1796066839045774,0.007019820157438517,0
45510,1510,hidden_plus_unembedding_only,1.174047702079406e-05,1.0,0.009662183001637459,0.9960845708847046,3.771926063410812e-05,0.0009727810393087566,56.50836318503274,2.3141531944274902,0.0,0.0,0.1813657751725881,0.006173715461045504,0
45520,1520,hidden_plus_unembedding_only,9.264775144401938e-06,1.0,0.007463500835001469,0.9974269866943359,2.498023121015162e-05,0.0006797150708734989,57.12124231984276,2.289348602294922,0.0,0.0,0.18059742402201887,0.006944090127944946,0
45530,1530,hidden_plus_unembedding_only,7.732193807896692e-06,1.0,0.005441953428089619,0.998210072517395,1.782602059161263e-05,0.0004887856193818152,57.712389140547764,2.2648253440856934,0.0,0.0,0.18218489730775625,0.006975011900067329,0
45540,1540,hidden_plus_unembedding_only,6.3116344790614676e-06,1.0,0.0036098873242735863,0.9985457062721252,1.3291342283780734e-05,0.00033843592973425984,58.26954331974967,2.240574836730957,0.0,0.0,0.1845734331645359,0.0057486556470394135,0
45550,1550,hidden_plus_unembedding_only,5.070485258329427e-06,1.0,0.0025760887656360865,0.9986575841903687,9.457585900877325e-06,0.00023760779004078358,58.78228033447519,2.216592311859131,0.0,0.0,0.18477770714532485,0.006321242079138756,0
45560,1560,hidden_plus_unembedding_only,4.023782366857631e-06,1.0,0.0021465313620865345,0.9988812804222107,6.938309592013113e-06,0.00017012526222970337,59.25100632998158,2.192875623703003,0.0,0.0,0.18630837083607377,0.006716698408126831,0
45570,1570,hidden_plus_unembedding_only,3.124440354440594e-06,1.0,0.0018619124311953783,0.9997762441635132,5.233577397810389e-06,0.00012662311200983822,59.67131706236028,2.1694235801696777,0.0,0.0,0.1847975066047419,0.006981865037232637,0
45580,1580,hidden_plus_unembedding_only,2.3955635697348043e-06,1.0,0.0015168938552960753,0.9997762441635132,3.6932848416572068e-06,9.231114381691441e-05,60.05520985201666,2.1462342739105225,0.0,0.0,0.18466208711667853,0.0072912597097456455,0
45590,1590,hidden_plus_unembedding_only,1.8575092326500453e-06,1.0,0.0012677753111347556,0.9997762441635132,2.7490978911106997e-06,6.797818059567362e-05,60.40854753954185,2.123305559158325,0.0,0.0,0.1833823472760707,0.006667905952781439,0
45600,1600,hidden_plus_unembedding_only,1.448590523978055e-06,1.0,0.0012387478491291404,0.9997762441635132,2.037849117462519e-06,4.941847873851657e-05,60.721984963132655,2.1006343364715576,0.0,0.0,0.18163966525632988,0.006376352626830339,0
45610,1610,hidden_plus_unembedding_only,1.1410137403800036e-06,1.0,0.001229498302564025,0.9997762441635132,1.534890261114578e-06,3.715925049618818e-05,60.99395625003184,2.0782177448272705,0.0,0.0,0.18035290803559698,0.006377910729497671,0
45620,1620,hidden_plus_unembedding_only,9.121826565205993e-07,1.0,0.001056382548995316,0.9997762441635132,1.1973129361734627e-06,2.8925473088747822e-05,61.230709537464314,2.0560531616210938,0.0,0.0,0.17808793552968366,0.005910097621381283,0
45630,1630,hidden_plus_unembedding_only,7.374467827503395e-07,1.0,0.0008447669679298997,0.9997762441635132,9.479250379906077e-07,2.1598365492536686e-05,61.43506292333163,2.0341384410858154,0.0,0.0,0.17593891212276186,0.005776319187134504,0
45640,1640,hidden_plus_unembedding_only,5.98504584559123e-07,1.0,0.000626172055490315,0.9997762441635132,7.557086105270765e-07,1.679672823229339e-05,61.608767369133126,2.0124709606170654,0.0,0.0,0.17426154459356488,0.00578354625031352,0
45650,1650,hidden_plus_unembedding_only,4.948581135977292e-07,1.0,0.00046977613237686455,0.9997762441635132,6.200624188673876e-07,1.3638491509482265e-05,61.757050961033116,1.9910489320755005,0.0,0.0,0.17310597260060503,0.006033613346517086,0
45660,1660,hidden_plus_unembedding_only,4.210605482057872e-07,1.0,0.0003597392642404884,1.0,5.251570197305342e-07,1.133385558205191e-05,61.88597894707419,1.9698702096939087,0.0,0.0,0.1721625295457402,0.0062532564625144005,0
45670,1670,hidden_plus_unembedding_only,3.6799229974349146e-07,1.0,0.0002876636863220483,1.0,4.6016070422790467e-07,9.925160156853963e-06,61.99655999143915,1.9489330053329468,0.0,0.0,0.17089924796111702,0.00617012707516551,0
45680,1680,hidden_plus_unembedding_only,3.3521757814014563e-07,1.0,0.00023806747049093246,1.0,4.1674197306076505e-07,8.923000677896198e-06,62.09423628432367,1.9282355308532715,0.0,0.0,0.16857665014029827,0.005898752249777317,0
45690,1690,hidden_plus_unembedding_only,3.1476835715693596e-07,1.0,0.00018847025057766587,1.0,3.9201793894547853e-07,8.312567842949647e-06,62.18303758709374,1.9077759981155396,0.0,0.0,0.16733636687931683,0.005897728260606527,0
45700,1700,hidden_plus_unembedding_only,2.995482475398603e-07,1.0,0.00015753226762171835,1.0,3.724024548664609e-07,8.016304491320625e-06,62.26461966237423,1.887552261352539,0.0,0.0,0.16658970944244744,0.006051373202353716,0
45710,1710,hidden_plus_unembedding_only,2.880008196370909e-07,1.0,0.00013573135947808623,1.0,3.6047166297026554e-07,7.76932301960187e-06,62.345390951446554,1.8675624132156372,0.0,0.0,0.16585251816535806,0.005910007748752832,0
45720,1720,hidden_plus_unembedding_only,2.8034401111654006e-07,1.0,0.00012371595948934555,1.0,3.5033113057259354e-07,7.601845481985947e-06,62.428433852002705,1.8478046655654907,0.0,0.0,0.16553486092228833,0.005936311557888985,0
45730,1730,hidden_plus_unembedding_only,2.770758840142662e-07,1.0,0.00011421713134041056,1.0,3.469417232650043e-07,7.5240045589453075e-06,62.51625965621322,1.8282771110534668,0.0,0.0,0.16549473513515126,0.005964004900306463,0
45740,1740,hidden_plus_unembedding_only,2.7598650831350824e-07,1.0,0.00010657645907485858,1.0,3.4416546839591433e-07,7.482852652174188e-06,62.606046134793935,1.808977723121643,0.0,0.0,0.16568980274808112,0.005904066376388073,0
45750,1750,hidden_plus_unembedding_only,2.760798736289871e-07,1.0,0.0001036982357618399,1.0,3.451765993694613e-07,7.540042588516371e-06,62.696665005172456,1.7899047136306763,0.0,0.0,0.16597121083922844,0.0059071802534163,0
45760,1760,hidden_plus_unembedding_only,2.774804954697174e-07,1.0,0.00010306420881533995,1.0,3.4808417749021464e-07,7.677947905904148e-06,62.791255310057714,1.7710562944412231,0.0,0.0,0.16618892554085948,0.005882299970835447,0
45770,1770,hidden_plus_unembedding_only,2.7909902655665064e-07,1.0,0.00010662720160325989,1.0,3.5000703540717704e-07,7.708343218837399e-06,62.89507495285901,1.7524306774139404,0.0,0.0,0.16653432390043432,0.005815486889332533,0
45780,1780,hidden_plus_unembedding_only,2.824916691679391e-07,1.0,0.00010743700113380328,1.0,3.528459804257594e-07,7.791541065671481e-06,63.00801451030393,1.7340260744094849,0.0,0.0,0.16682560126378762,0.005736860912293196,0
45790,1790,hidden_plus_unembedding_only,2.8426578069229436e-07,1.0,0.00010891933197854087,1.0,3.551158259117391e-07,7.825339707778767e-06,63.12629557756849,1.7158406972885132,0.0,0.0,0.16752139077539413,0.005713057238608599,0
45800,1800,hidden_plus_unembedding_only,2.8541742835841433e-07,1.0,0.00010942642984446138,1.0,3.5755619753478373e-07,7.890738743299153e-06,63.2489848823245,1.6978726387023926,0.0,0.0,0.1681732061051349,0.005969831254333258,0
45810,1810,hidden_plus_unembedding_only,2.8672468488366576e-07,1.0,0.00011205916234757751,1.0,3.598672329299092e-07,7.982082934177015e-06,63.378229213426394,1.6801202297210693,0.0,0.0,0.1684010647301032,0.00608128122985363,0
45820,1820,hidden_plus_unembedding_only,2.886855554606882e-07,1.0,0.00011377355258446187,1.0,3.619422901118435e-07,8.100718332570978e-06,63.5128528127358,1.6625819206237793,0.0,0.0,0.16837363752955684,0.005995101761072874,0
45830,1830,hidden_plus_unembedding_only,2.902106928104331e-07,1.0,0.00011602706945268437,1.0,3.6279374478216035e-07,8.123124644043855e-06,63.65378591051217,1.6452558040618896,0.0,0.0,0.16860391729613936,0.006048959214240313,0
45840,1840,hidden_plus_unembedding_only,2.925762032646162e-07,1.0,0.00011753803846659139,1.0,3.6507580756093647e-07,8.18962598714279e-06,63.798322567930036,1.6281403303146362,0.0,0.0,0.1688099698247784,0.0061775860376656055,0
45850,1850,hidden_plus_unembedding_only,2.9463046757882694e-07,1.0,0.00012051703379256651,1.0,3.6678526074668403e-07,8.255197826656513e-06,63.94704627562997,1.6112335920333862,0.0,0.0,0.168823943873693,0.006367449648678303,0
45860,1860,hidden_plus_unembedding_only,2.972138588575035e-07,1.0,0.00012173196591902524,1.0,3.694761009044852e-07,8.402280400332529e-06,64.09910778285875,1.5945342779159546,0.0,0.0,0.16880568292345627,0.0064308252185583115,0
45870,1870,hidden_plus_unembedding_only,2.9833435633008776e-07,1.0,0.0001248361950274557,1.0,3.7189457651893675e-07,8.432617505604867e-06,64.25646069365575,1.5780407190322876,0.0,0.0,0.16880351472718416,0.006364641711115837,0
45880,1880,hidden_plus_unembedding_only,3.002952269071102e-07,1.0,0.00012797932140529156,1.0,3.743649943316185e-07,8.501470802002586e-06,64.4219396399434,1.561751127243042,0.0,0.0,0.1688732006970877,0.006389345973730087,0
45890,1890,hidden_plus_unembedding_only,3.023806129931472e-07,1.0,0.0001318534486927092,1.0,3.771483763082777e-07,8.650908057461493e-06,64.59082903251212,1.5456639528274536,0.0,0.0,0.16912417996274534,0.006450156215578318,0
45900,1900,hidden_plus_unembedding_only,3.0403026585190673e-07,1.0,0.00014049402670934796,1.0,3.78960116719618e-07,8.688977686688304e-06,64.7632488814502,1.5297777652740479,0.0,0.0,0.16960130920213184,0.006373271811753511,0
45910,1910,hidden_plus_unembedding_only,3.0757851732232666e-07,1.0,0.00014541939890477806,1.0,3.809727826679193e-07,8.846033779263962e-06,64.93919972039218,1.514090895652771,0.0,0.0,0.16967125649158168,0.0063211340457201,0
45920,1920,hidden_plus_unembedding_only,3.0845001219859114e-07,1.0,0.00014991473290137947,1.0,3.842349560523865e-07,8.895213795767631e-06,65.11815951955539,1.4986019134521484,0.0,0.0,0.16923948801000072,0.006240414921194315,0
45930,1930,hidden_plus_unembedding_only,3.13585672984118e-07,1.0,0.00015394037473015487,1.0,3.881097973060245e-07,9.11997449293267e-06,65.29991984421937,1.483309268951416,0.0,0.0,0.16921534561731344,0.006293923128396273,0
45940,1940,hidden_plus_unembedding_only,3.173829270508577e-07,1.0,0.0001579622767167166,1.0,3.9105857493692545e-07,9.321871402789839e-06,65.48740157442502,1.46821129322052,0.0,0.0,0.16917343618969347,0.006231881678104401,0
45950,1950,hidden_plus_unembedding_only,3.205888390311884e-07,1.0,0.00016294937813654542,1.0,3.9429813208968764e-07,9.448512173548806e-06,65.67870048037209,1.4533069133758545,0.0,0.0,0.16912610561914868,0.006229175254702568,0
45960,1960,hidden_plus_unembedding_only,3.233589609408227e-07,1.0,0.00017281963664572686,1.0,3.968093654570718e-07,9.584408871887717e-06,65.87164027666326,1.4385944604873657,0.0,0.0,0.16902575010150797,0.006235640961676836,0
45970,1970,hidden_plus_unembedding_only,3.2712512165744556e-07,1.0,0.00018123001791536808,1.0,4.0173938994435365e-07,9.784652320377063e-06,66.06761079205762,1.424072265625,0.0,0.0,0.16911368851134329,0.006173363886773586,0
45980,1980,hidden_plus_unembedding_only,3.305800078123866e-07,1.0,0.00018625665688887239,1.0,4.043049901667743e-07,9.879545359581243e-06,66.26653954369648,1.4097392559051514,0.0,0.0,0.169092282680155,0.006280955392867327,0
45990,1990,hidden_plus_unembedding_only,3.3499978258078045e-07,1.0,0.00019545789109542966,1.0,4.0774326304953184e-07,9.993137609853875e-06,66.46896014285443,1.3955938816070557,0.0,0.0,0.16892018904999065,0.0062843672931194305,0
46000,2000,hidden_plus_unembedding_only,3.383923967703595e-07,1.0,0.00020404584938660264,1.0,4.130373091044412e-07,1.0127168025064748e-05,66.67314001244932,1.3816344738006592,0.0,0.0,0.1689424023389792,0.00626210356131196,0
