step,train_loss,train_accuracy,test_loss,test_accuracy
0,5.186100959777832,0.007571801543235779,5.174230575561523,0.008390200324356556
100,0.005661876872181892,1.0,28.10426902770996,0.0004474773595575243
200,0.03308982029557228,0.987467348575592,151.73513793945312,0.0008949547191150486
300,0.0167569350451231,0.997389018535614,113.31358337402344,0.0010068240808323026
400,0.0023851857986301184,0.9992167353630066,87.37090301513672,0.0016780400183051825
500,0.0005405795527622104,1.0,74.36913299560547,0.0019017787417396903
600,0.00025414550327695906,1.0,65.95945739746094,0.002349256072193384
700,0.0001351530954707414,1.0,57.19856643676758,0.0017899094382300973
800,1.1612958587647881e-05,1.0,69.93948364257812,0.002237386768683791
900,4.278977485228097e-06,1.0,68.66325378417969,0.002013648161664605
1000,3.2681393147271365e-09,1.0,117.4493408203125,0.002349256072193384
1100,0.0008382326341234148,0.9994778037071228,97.12755584716797,0.002908602822571993
1200,4.3010619265260175e-05,1.0,79.71737670898438,0.003244210733100772
1300,5.445123861136381e-06,1.0,66.46929168701172,0.003356080036610365
1400,1.341493405249139e-08,1.0,74.43846130371094,0.003356080036610365
1500,2.2223346718419634e-08,1.0,28.631460189819336,0.004474773537367582
1600,1.515794245676716e-08,1.0,27.357742309570312,0.005369727965444326
1700,1.7741326630016374e-08,1.0,19.949033737182617,0.006935898680239916
1800,1.615394573661888e-08,1.0,24.771989822387695,0.007830853573977947
1900,1.3757309957895814e-08,1.0,32.28719711303711,0.005817205645143986
2000,1.9826691399771335e-08,1.0,40.748294830322266,0.005369727965444326
2100,4.582442283630371,0.04543080925941467,5.373378753662109,0.009173285216093063
2200,2.5285017490386963,0.4268929362297058,6.2868194580078125,0.024834992364048958
2300,0.12222826480865479,1.0,9.76590347290039,0.08725808560848236
2400,0.00010775013652164489,1.0,18.507827758789062,0.06354178488254547
2500,1.0990285659318033e-07,1.0,30.40761375427246,0.049558114260435104
2600,5.569598670263076e-06,1.0,29.127300262451172,0.04564268887042999
2700,7.843534177709444e-08,1.0,28.240398406982422,0.049669984728097916
2800,3.859516795046147e-08,1.0,24.235288619995117,0.055375322699546814
2900,2.3001474502848396e-08,1.0,22.370555877685547,0.06007383391261101
3000,5.543386905060288e-08,1.0,23.14933967590332,0.058507662266492844
3100,1.6623934584458766e-07,1.0,24.404953002929688,0.06007383391261101
3200,2.564711287789123e-08,1.0,20.769681930541992,0.07014207541942596
3300,3.7599161117896074e-08,1.0,22.76602554321289,0.06510795652866364
3400,1.504277804542653e-07,1.0,25.285987854003906,0.06264682859182358
3500,1.1257960608190842e-07,1.0,22.09735870361328,0.061863742768764496
3600,1.7364713755796402e-07,1.0,21.91188621520996,0.06779281795024872
3700,9.673692602518713e-08,1.0,21.291776657104492,0.06365365535020828
3800,1.1108561182027188e-07,1.0,19.069337844848633,0.06734534353017807
3900,1.6866711405327806e-07,1.0,17.60976791381836,0.07025394588708878
4000,2.7866332175108255e-07,1.0,15.343300819396973,0.07249133288860321
4100,5.58914052817272e-07,1.0,12.880120277404785,0.08244770020246506
4200,2.008129740715958e-06,1.0,10.813948631286621,0.10325539857149124
4300,7.784612535033375e-06,1.0,9.42189884185791,0.11533728241920471
4400,3.151050623273477e-05,1.0,8.201994895935059,0.1370399445295334
4500,0.00011864386760862544,1.0,7.122200965881348,0.16221053898334503
4600,0.0002781226939987391,1.0,6.270620346069336,0.19554759562015533
4700,0.00037028826773166656,1.0,5.629454612731934,0.23179326951503754
4800,0.0003948307712562382,1.0,5.0764007568359375,0.2717306315898895
4900,0.0003960610192734748,1.0,4.554544448852539,0.306633859872818
5000,0.00038797283195890486,1.0,4.063398361206055,0.33963531255722046
5100,0.0003721135144587606,1.0,3.5979809761047363,0.37017562985420227
5200,0.00034972140565514565,1.0,3.1586828231811523,0.4039601683616638
5300,0.0003291450266260654,1.0,2.7427878379821777,0.4446806013584137
5400,0.00030853168573230505,1.0,2.3462018966674805,0.48976394534111023
5500,0.00028570526046678424,1.0,1.9777603149414062,0.5392102003097534
5600,0.00026180496206507087,1.0,1.6483298540115356,0.5950329899787903
5700,0.00024092414241749793,1.0,1.3616209030151367,0.6545475125312805
5800,0.00022382847964763641,1.0,1.114509105682373,0.7137263417243958
5900,0.00020676908025052398,1.0,0.9053642749786377,0.7651862502098083
6000,0.00018887135956902057,1.0,0.7319391965866089,0.8095983862876892
6100,0.00017195787222590297,1.0,0.5894250869750977,0.847633957862854
6200,0.00015758085646666586,1.0,0.4775010347366333,0.8798523545265198
6300,0.00014621212903875858,1.0,0.3887081742286682,0.9044635891914368
6400,0.0001380745234200731,1.0,0.31873151659965515,0.9235932230949402
6500,0.00012835858797188848,1.0,0.2618943750858307,0.9394786953926086
6600,0.0001203911961056292,1.0,0.2162916362285614,0.9534623622894287
6700,0.00011229440133320168,1.0,0.17952647805213928,0.9649848937988281
6800,0.00010495843889657408,1.0,0.1503826528787613,0.973598837852478
6900,9.794387733563781e-05,1.0,0.1271740198135376,0.9789685606956482
7000,9.1611931566149e-05,1.0,0.10837459564208984,0.982995867729187
7100,8.578412234783173e-05,1.0,0.0930275097489357,0.9860163331031799
7200,8.034074562601745e-05,1.0,0.08052867650985718,0.9882537126541138
7300,7.517429912695661e-05,1.0,0.0701141208410263,0.9908267259597778
7400,7.025434024399146e-05,1.0,0.06109059974551201,0.9932878613471985
7500,6.57865748507902e-05,1.0,0.05342848226428032,0.9953014850616455
7600,6.172908615553752e-05,1.0,0.046945471316576004,0.9964202046394348
7700,5.7949739129981026e-05,1.0,0.04141794145107269,0.9970914125442505
7800,5.44234826520551e-05,1.0,0.03663414344191551,0.9976507425308228
7900,5.118477565702051e-05,1.0,0.032393526285886765,0.997986376285553
8000,4.813956547877751e-05,1.0,0.028728658333420753,0.9984338283538818
8100,4.534308027359657e-05,1.0,0.02561047300696373,0.9985457062721252
8200,4.268862176104449e-05,1.0,0.022888490930199623,0.9989931583404541
8300,4.0250430174637586e-05,1.0,0.020615411922335625,0.9992169141769409
8400,3.8006026443326846e-05,1.0,0.018661119043827057,0.9992169141769409
8500,3.59000259777531e-05,1.0,0.01688866876065731,0.9994406700134277
8600,3.392788130440749e-05,1.0,0.015367637388408184,0.9995525479316711
8700,3.2071817258838564e-05,1.0,0.01404581218957901,0.9995525479316711
8800,3.035175905097276e-05,1.0,0.01291563082486391,0.9996643662452698
8900,2.8741658752551302e-05,1.0,0.01191222108900547,0.9996643662452698
9000,2.7182222765986808e-05,1.0,0.011004206724464893,0.9996643662452698
9100,2.5699819161673076e-05,1.0,0.010245195589959621,0.9995525479316711
9200,2.4284823666675948e-05,1.0,0.009550468996167183,0.9995525479316711
9300,2.2905991500010714e-05,1.0,0.008894560858607292,0.9995525479316711
9400,2.1512341845664196e-05,1.0,0.008304748684167862,0.9997762441635132
9500,2.0253206457709894e-05,1.0,0.0077544571831822395,0.9997762441635132
9600,1.9108891137875617e-05,1.0,0.007256864104419947,0.9997762441635132
9700,1.7864444089354947e-05,1.0,0.006766851991415024,0.9997762441635132
9800,1.6841227989061736e-05,1.0,0.0063077653758227825,0.9998881220817566
9900,1.602281008672435e-05,1.0,0.005914679728448391,0.9998881220817566
10000,1.5258080566127319e-05,1.0,0.005577840376645327,0.9998881220817566
10100,1.4529766303894576e-05,1.0,0.005245974753051996,0.9998881220817566
10200,1.38222112582298e-05,1.0,0.0049591222777962685,0.9998881220817566
10300,1.3167412362236064e-05,1.0,0.004685044288635254,0.9998881220817566
10400,1.2537511793198064e-05,1.0,0.0044345613569021225,1.0
10500,1.1924107639060821e-05,1.0,0.0041938666254282,1.0
10600,1.1295636795694008e-05,1.0,0.003963866271078587,1.0
10700,1.0738755008787848e-05,1.0,0.0037731153424829245,1.0
10800,1.0235498848487623e-05,1.0,0.00359944230876863,1.0
10900,9.753998710948508e-06,1.0,0.003432162804529071,1.0
11000,9.292356480727904e-06,1.0,0.003275274997577071,1.0
11100,8.753803740546573e-06,1.0,0.003106984542682767,1.0
11200,8.208279723476153e-06,1.0,0.0029050081502646208,1.0
11300,7.8304865382961e-06,1.0,0.0027553897816687822,1.0
11400,7.246024324558675e-06,1.0,0.0025900681503117085,1.0
11500,6.92777257427224e-06,1.0,0.0024697878398001194,1.0
11600,6.628039500355953e-06,1.0,0.0023734632413834333,1.0
11700,6.338515959214419e-06,1.0,0.0022851857356727123,1.0
11800,6.056773599993903e-06,1.0,0.002210774226114154,1.0
11900,5.7409492910664994e-06,1.0,0.0021202180068939924,1.0
12000,5.359824626793852e-06,1.0,0.002031195443123579,1.0
12100,5.1331417125766166e-06,1.0,0.001956349005922675,1.0
12200,4.906396043224959e-06,1.0,0.0018850932829082012,1.0
12300,4.691758476838004e-06,1.0,0.0018147554947063327,1.0
12400,4.485649242269574e-06,1.0,0.0017518369713798165,1.0
12500,4.266996256774291e-06,1.0,0.0016919014742597938,1.0
12600,4.054724286106648e-06,1.0,0.0016240664990618825,1.0
12700,3.8691878216923214e-06,1.0,0.0015717728529125452,1.0
12800,3.660308266262291e-06,1.0,0.0015082716709002852,1.0
12900,3.4520817280281335e-06,1.0,0.001438936567865312,1.0
13000,3.2321834169124486e-06,1.0,0.0013440153561532497,1.0
13100,3.0571054594474845e-06,1.0,0.0012729365844279528,1.0
13200,2.907176167354919e-06,1.0,0.0012264738325029612,1.0
13300,2.738478315222892e-06,1.0,0.0011729059042409062,1.0
13400,2.567321644164622e-06,1.0,0.0011017638025805354,1.0
13500,2.4297492018376943e-06,1.0,0.0010483708465471864,1.0
13600,2.2961605736782076e-06,1.0,0.001003958168439567,1.0
13700,2.1530474896280793e-06,1.0,0.0009658078197389841,0.9998881220817566
13800,2.0381337435537716e-06,1.0,0.0009528676746413112,0.9998881220817566
13900,1.9232822978665354e-06,1.0,0.0009451787336729467,0.9998881220817566
14000,1.7972256500797812e-06,1.0,0.000928002642467618,0.9998881220817566
14100,1.6857668470038334e-06,1.0,0.0009225029498338699,0.9998881220817566
14200,1.593480988049123e-06,1.0,0.000893519027158618,0.9998881220817566
14300,1.5076691397553077e-06,1.0,0.0008523210999555886,0.9998881220817566
14400,1.4242540373743395e-06,1.0,0.0008050568285398185,0.9998881220817566
14500,1.3421771427601925e-06,1.0,0.0007759722066111863,0.9998881220817566
14600,1.255524921361939e-06,1.0,0.0007420698530040681,0.9998881220817566
14700,1.1708957572409417e-06,1.0,0.0006971858674660325,0.9998881220817566
14800,1.095666448236443e-06,1.0,0.0006623803055845201,0.9998881220817566
14900,1.026319637276174e-06,1.0,0.0006277320208027959,0.9998881220817566
15000,9.585291991243139e-07,1.0,0.0005932193016633391,0.9998881220817566
15100,8.976796834758716e-07,1.0,0.0005687634111382067,0.9998881220817566
15200,8.527350132681022e-07,1.0,0.000554880069103092,0.9998881220817566
15300,8.089419907264528e-07,1.0,0.0005479324026964605,0.9998881220817566
15400,7.568696673843078e-07,1.0,0.0005323625518940389,0.9998881220817566
15500,7.024007118161535e-07,1.0,0.0005124766612425447,0.9998881220817566
15600,6.63369860376406e-07,1.0,0.0004957684432156384,0.9998881220817566
15700,6.262064857764926e-07,1.0,0.0004987430293112993,0.9998881220817566
15800,5.874556450180535e-07,1.0,0.0004952208837494254,0.9998881220817566
15900,5.475844773172867e-07,1.0,0.00046578465844504535,0.9998881220817566
16000,5.270730412121338e-07,1.0,0.0004343886103015393,0.9998881220817566
16100,5.008033667763812e-07,1.0,0.00041853133006952703,0.9998881220817566
16200,4.768370445162873e-07,1.0,0.0003956508298870176,0.9998881220817566
16300,4.532130617462826e-07,1.0,0.0003766923618968576,0.9998881220817566
16400,4.3267047544759407e-07,1.0,0.00036183305201120675,1.0
16500,4.116610057280923e-07,1.0,0.0003404358576517552,1.0
16600,3.915542095001001e-07,1.0,0.00032555911457166076,1.0
16700,3.6799247027374804e-07,1.0,0.000294754485366866,1.0
16800,3.541106536886218e-07,1.0,0.00028590922011062503,1.0
16900,3.3437731872254517e-07,1.0,0.0002721262280829251,1.0
17000,3.179743828241044e-07,1.0,0.00024264471721835434,1.0
17100,3.025051853455807e-07,1.0,0.00020900863455608487,1.0
17200,2.9117563826730475e-07,1.0,0.00018059625290334225,1.0
17300,2.7925469225920097e-07,1.0,0.0001621499686734751,1.0
17400,2.728740469137847e-07,1.0,0.00014403635577764362,1.0
17500,2.6250938844896154e-07,1.0,0.00013322340964805335,1.0
17600,2.5447909024478577e-07,1.0,0.000128835832583718,1.0
17700,2.4573296286689583e-07,1.0,0.00012784707359969616,1.0
17800,2.3636428636564233e-07,1.0,0.0001263774756807834,1.0
17900,2.2559498802365852e-07,1.0,0.00012319839152041823,1.0
18000,2.1691107576771174e-07,1.0,0.00011787159746745601,1.0
18100,2.0527026833860873e-07,1.0,0.00011218961299164221,1.0
18200,1.953724790837441e-07,1.0,0.00010995104094035923,1.0
18300,1.8640844245965127e-07,1.0,0.00011308812827337533,1.0
18400,1.791251520444348e-07,1.0,0.00011085828737122938,1.0
18500,1.7087698722662026e-07,1.0,0.00011232226097490638,1.0
18600,1.6312682760144526e-07,1.0,0.00011757824540836737,1.0
18700,1.550965436081242e-07,1.0,0.00012843281729146838,1.0
18800,1.5232640748763515e-07,1.0,0.00016422185581177473,1.0
18900,1.481245135437348e-07,1.0,0.0002823381219059229,1.0
19000,1.543806718018459e-07,1.0,0.0007692587096244097,0.9997762441635132
19100,1.6499434707384353e-07,1.0,0.0024976313579827547,0.9995525479316711
19200,1.6950748715771624e-07,1.0,0.006750932894647121,0.9984338283538818
19300,6.250100135803223,0.07806788384914398,9.34093952178955,0.026065556332468987
19400,2.0299792289733887,0.498694509267807,5.918689727783203,0.1419621855020523
19500,0.33814680576324463,0.9485639929771423,5.108211040496826,0.3540664613246918
19600,0.009691711515188217,1.0,4.475665092468262,0.44412127137184143
19700,0.0008020641398616135,1.0,4.101796627044678,0.489316463470459
19800,0.00012307909491937608,1.0,3.7692973613739014,0.516277015209198
19900,3.4294953366043046e-05,1.0,3.5365278720855713,0.5413357019424438
20000,2.0810504793189466e-05,1.0,3.291384696960449,0.5451392531394958
20100,1.2333477570791729e-05,1.0,3.0801901817321777,0.5602416396141052
20200,1.3112779015500564e-05,1.0,2.9060606956481934,0.5737778544425964
20300,1.8245425962959416e-05,1.0,2.6778676509857178,0.5754558444023132
20400,3.016162008862011e-05,1.0,2.460155725479126,0.5772457718849182
20500,5.953457366558723e-05,1.0,2.262511968612671,0.5835104584693909
20600,0.00011439307127147913,1.0,2.0621321201324463,0.5898870229721069
20700,0.00020044785924255848,1.0,1.8746145963668823,0.6034231781959534
20800,0.0003217057092115283,1.0,1.6855581998825073,0.6195324063301086
20900,0.0004413045826368034,1.0,1.50187349319458,0.6381027102470398
21000,0.0005441441317088902,1.0,1.3223930597305298,0.6648394465446472
21100,0.0005922012496739626,1.0,1.1457526683807373,0.6937017440795898
21200,0.0005796371260657907,1.0,0.9815223217010498,0.7269269227981567
21300,0.0005562350270338356,1.0,0.8326584100723267,0.7648506760597229
21400,0.0005246984073892236,1.0,0.7007990479469299,0.7970690131187439
21500,0.0004929711576551199,1.0,0.5878841876983643,0.8285043239593506
21600,0.0004600663378369063,1.0,0.4912271201610565,0.8526681065559387
21700,0.0004259147390257567,1.0,0.40564000606536865,0.8739232420921326
21800,0.0003894129768013954,1.0,0.33248522877693176,0.899429440498352
21900,0.00035348234814591706,1.0,0.2713314890861511,0.917999804019928
22000,0.0003196811012458056,1.0,0.21975183486938477,0.9357870221138
22100,0.0002919820253737271,1.0,0.1763439029455185,0.9496588110923767
22200,0.00026602839352563024,1.0,0.14063948392868042,0.9615169763565063
22300,0.00024388539895880967,1.0,0.11191710829734802,0.9712495803833008
22400,0.00022326676116790622,1.0,0.08965222537517548,0.9795278906822205
22500,0.00020363157091196626,1.0,0.0722854882478714,0.9852332472801208
22600,0.00018538630683906376,1.0,0.05864065885543823,0.9904910922050476
22700,0.00016800012963358313,1.0,0.048271920531988144,0.9927284717559814
22800,0.00015291136514861137,1.0,0.040452584624290466,0.9949658513069153
22900,0.0001398561871610582,1.0,0.0344766303896904,0.9954133629798889
23000,0.00012752920156344771,1.0,0.02999296225607395,0.9955252408981323
23100,0.00011661218741210178,1.0,0.02647402323782444,0.9959726929664612
23200,0.00010769650543807074,1.0,0.02379547618329525,0.9957489371299744
23300,9.88402753137052e-05,1.0,0.02140675112605095,0.9959726929664612
23400,9.104982018470764e-05,1.0,0.019540805369615555,0.9959726929664612
23500,8.291737321997061e-05,1.0,0.01791711337864399,0.9964202046394348
23600,7.584812556160614e-05,1.0,0.016690967604517937,0.9964202046394348
23700,6.905313057359308e-05,1.0,0.01556276623159647,0.9968676567077637
23800,6.304433918558061e-05,1.0,0.014724910259246826,0.9970914125442505
23900,5.805023465654813e-05,1.0,0.013862298801541328,0.997986376285553
24000,5.357715781428851e-05,1.0,0.013144411146640778,0.9983219504356384
24100,4.895025267614983e-05,1.0,0.01248860266059637,0.9986575841903687
24200,4.49684594059363e-05,1.0,0.011845722794532776,0.9984338283538818
24300,4.153246118221432e-05,1.0,0.011188204400241375,0.998210072517395
24400,3.850235225399956e-05,1.0,0.01047973521053791,0.998210072517395
24500,3.54445910488721e-05,1.0,0.009686080738902092,0.9988812804222107
24600,3.2951447792584077e-05,1.0,0.008862987160682678,0.9991050362586975
24700,3.0365314160007983e-05,1.0,0.008002391085028648,0.9991050362586975
24800,2.8541968276840635e-05,1.0,0.007232801057398319,0.9991050362586975
24900,2.682101694517769e-05,1.0,0.006530920974910259,0.9993287920951843
25000,2.501248673070222e-05,1.0,0.005917869508266449,0.9995525479316711
25100,2.3301527107832953e-05,1.0,0.00541504193097353,0.9997762441635132
25200,2.1538309738389216e-05,1.0,0.005048167891800404,0.9997762441635132
25300,2.0139266780461185e-05,1.0,0.004834550898522139,0.9995525479316711
25400,1.879475348687265e-05,1.0,0.00466496217995882,0.9993287920951843
25500,1.7781952919904143e-05,1.0,0.004580968990921974,0.9993287920951843
25600,1.6757636331021786e-05,1.0,0.004505313001573086,0.9991050362586975
25700,1.5799825632711872e-05,1.0,0.004428589250892401,0.9991050362586975
25800,1.4934923456166871e-05,1.0,0.004335714969784021,0.9995525479316711
25900,1.4166782420943491e-05,1.0,0.0042423526756465435,0.9995525479316711
26000,1.3315478099684697e-05,1.0,0.004128457512706518,0.9993287920951843
26100,1.2615528248716146e-05,1.0,0.0040313624776899815,0.9993287920951843
26200,1.1998055015283171e-05,1.0,0.003971057943999767,0.9995525479316711
26300,1.1356460163369775e-05,1.0,0.0038835955783724785,0.9995525479316711
26400,1.0719875717768446e-05,1.0,0.0038333325646817684,0.9995525479316711
26500,1.0105667570314836e-05,1.0,0.003762492910027504,0.9995525479316711
26600,9.57630527409492e-06,1.0,0.003704163245856762,0.9995525479316711
26700,9.072837201529182e-06,1.0,0.0036425874568521976,0.9995525479316711
26800,8.619790605735034e-06,1.0,0.003569524735212326,0.9995525479316711
26900,8.168828571797349e-06,1.0,0.0034810970537364483,0.9995525479316711
27000,7.72987914388068e-06,1.0,0.0034031306859105825,0.9995525479316711
27100,7.287786502274685e-06,1.0,0.0033015308436006308,0.9997762441635132
27200,6.877129180793418e-06,1.0,0.0032046008855104446,0.9997762441635132
27300,6.503820713987807e-06,1.0,0.003098123474046588,0.9997762441635132
27400,6.1760788412357215e-06,1.0,0.002971840323880315,0.9997762441635132
27500,5.838189281348605e-06,1.0,0.00281166797503829,0.9997762441635132
27600,5.5529635574202985e-06,1.0,0.0026241338346153498,0.9997762441635132
27700,5.311342192726443e-06,1.0,0.002461077645421028,0.9997762441635132
27800,5.069067810836714e-06,1.0,0.002330516465008259,0.9997762441635132
27900,4.821128186449641e-06,1.0,0.002224884694442153,1.0
28000,4.588844149111537e-06,1.0,0.0021393902134150267,1.0
28100,4.358178557595238e-06,1.0,0.002078248653560877,1.0
28200,4.098255431017606e-06,1.0,0.002042653737589717,1.0
28300,3.861644472635817e-06,1.0,0.0020290138199925423,1.0
28400,3.701352170537575e-06,1.0,0.0020253981929272413,1.0
28500,3.541152409525239e-06,1.0,0.0019738583359867334,1.0
28600,3.369561454746872e-06,1.0,0.0018990692915394902,1.0
28700,3.248828079449595e-06,1.0,0.0018381773261353374,1.0
28800,3.141447450616397e-06,1.0,0.001794658019207418,1.0
28900,3.0096339287410956e-06,1.0,0.001755324425175786,1.0
29000,2.8954677873116452e-06,1.0,0.0017133108340203762,1.0
29100,2.7812707230623346e-06,1.0,0.0016849483363330364,1.0
29200,2.685094614207628e-06,1.0,0.001644366537220776,1.0
29300,2.5757838102435926e-06,1.0,0.0015721884556114674,1.0
29400,2.4834055238898145e-06,1.0,0.0014908858574926853,1.0
29500,2.358376150368713e-06,1.0,0.001363443094305694,1.0
29600,2.2570336568605853e-06,1.0,0.0012043132446706295,1.0
29700,2.184730647059041e-06,1.0,0.0011169223580509424,1.0
29800,2.1118671611475293e-06,1.0,0.0010585160925984383,1.0
29900,2.038536649706657e-06,1.0,0.001002232893370092,1.0
30000,1.9594790501287207e-06,1.0,0.0009642976801842451,1.0
30100,1.882040010059427e-06,1.0,0.0009180030319839716,0.9997762441635132
30200,1.8230895193482866e-06,1.0,0.0008518261602148414,1.0
30300,1.770052449501236e-06,1.0,0.0008056057267822325,1.0
30400,1.7095143221013132e-06,1.0,0.0007531174342148006,1.0
30500,1.6635116253382876e-06,1.0,0.0006833592196926475,1.0
30600,1.6170107528523658e-06,1.0,0.0006390628404915333,1.0
30700,1.5710701291027362e-06,1.0,0.0005898707895539701,1.0
30800,1.5187490589596564e-06,1.0,0.0005511449417099357,1.0
30900,1.4319724641609355e-06,1.0,0.000513086502905935,1.0
31000,1.3481214864441426e-06,1.0,0.00047429834376089275,1.0
31100,1.300998178521695e-06,1.0,0.00044116872595623136,1.0
31200,1.2614382285391912e-06,1.0,0.0004100865335203707,0.9998881220817566
31300,1.219575096911285e-06,1.0,0.000389669556170702,0.9998881220817566
31400,1.1829720278910827e-06,1.0,0.0003757239319384098,0.9998881220817566
31500,1.1434431144152768e-06,1.0,0.00034843492903746665,0.9998881220817566
31600,1.0960396821246832e-06,1.0,0.0003110450634267181,0.9998881220817566
31700,1.0550789966146112e-06,1.0,0.00027321488596498966,1.0
31800,1.0088272119901376e-06,1.0,0.0002534199447836727,1.0
31900,9.378931054015993e-07,1.0,0.00022141354565974325,1.0
32000,9.041534667630913e-07,1.0,0.0002031106414506212,1.0
32100,8.705073355486093e-07,1.0,0.00018810726760420948,1.0
32200,8.292042821267387e-07,1.0,0.00017227671924047172,1.0
32300,7.774743835398112e-07,1.0,0.0001605399593245238,1.0
32400,7.366382419604633e-07,1.0,0.00014763572835363448,1.0
32500,7.109288731044217e-07,1.0,0.00013069293345324695,1.0
32600,6.849394935670716e-07,1.0,0.00011413013999117538,1.0
32700,6.405239219020586e-07,1.0,9.412128565600142e-05,1.0
32800,6.178959210956236e-07,1.0,8.021591929718852e-05,1.0
32900,6.023644800734473e-07,1.0,6.97845098329708e-05,1.0
33000,5.844676707056351e-07,1.0,6.350228795781732e-05,1.0
33100,5.652011623169528e-07,1.0,5.733047873945907e-05,1.0
33200,5.486426175593806e-07,1.0,5.2243940444896e-05,1.0
33300,5.314615236784448e-07,1.0,4.526377597358078e-05,1.0
33400,5.109811809234088e-07,1.0,3.848417691187933e-05,1.0
33500,4.895360348200484e-07,1.0,3.339239992783405e-05,1.0
33600,4.676861919961084e-07,1.0,2.8747621399816126e-05,1.0
33700,4.5305736762202287e-07,1.0,2.472245250828564e-05,1.0
33800,4.3624982026813086e-07,1.0,2.1835314328200184e-05,1.0
33900,4.1822841012617573e-07,1.0,1.9388104192330502e-05,1.0
34000,3.820298672962963e-07,1.0,1.687628719082568e-05,1.0
34100,3.6755668020305166e-07,1.0,1.4896920220053289e-05,1.0
34200,3.424698320486641e-07,1.0,1.2829535990022123e-05,1.0
34300,3.325409352328279e-07,1.0,1.1047075531678274e-05,1.0
34400,3.24012660257722e-07,1.0,9.899143151415046e-06,1.0
34500,3.139592479328712e-07,1.0,8.898298801796045e-06,1.0
34600,3.001707966632239e-07,1.0,8.046115908655338e-06,1.0
34700,2.884677314796136e-07,1.0,7.473654932255158e-06,1.0
34800,2.7256280077381234e-07,1.0,6.255825610423926e-06,1.0
34900,2.613266190110153e-07,1.0,5.479957508214284e-06,1.0
35000,2.4171779955395323e-07,1.0,4.6086056499916594e-06,1.0
35100,2.2369636099028867e-07,1.0,3.817782726400765e-06,1.0
35200,2.1193105226302578e-07,1.0,3.328137836433598e-06,1.0
35300,1.8808920287938236e-07,1.0,2.6900709144683788e-06,1.0
35400,1.784092802381565e-07,1.0,2.3052496089803753e-06,1.0
35500,1.7893840720262233e-07,1.0,2.287554934810032e-06,1.0
35600,1.77506649379211e-07,1.0,2.8077106435375754e-06,1.0
35700,2.405348595857504e-07,1.0,4.1957614484999795e-06,1.0
35800,4.60111141204834,0.02532637119293213,4.8811774253845215,0.00962076336145401
35900,3.310157299041748,0.20000000298023224,4.069611072540283,0.06365365535020828
36000,0.9499996304512024,0.7916449308395386,1.9889171123504639,0.44781294465065
36100,0.02876952849328518,1.0,0.4619075059890747,0.8696722388267517
36200,0.0007779507432132959,1.0,0.2753502428531647,0.925606906414032
36300,6.599110929528251e-05,1.0,0.2604486346244812,0.9331021308898926
36400,1.4950932381907478e-05,1.0,0.2678404152393341,0.9308647513389587
36500,5.665141543431673e-06,1.0,0.2694357633590698,0.9296342134475708
36600,3.694756514960318e-06,1.0,0.2560119926929474,0.9327665567398071
36700,3.2681286938895937e-06,1.0,0.2432488650083542,0.9348920583724976
36800,3.982944235758623e-06,1.0,0.23235701024532318,0.9345564246177673
36900,4.907633410766721e-06,1.0,0.22069846093654633,0.9378006458282471
37000,7.161971552704927e-06,1.0,0.21248389780521393,0.9369056820869446
37100,1.269816766580334e-05,1.0,0.2065713107585907,0.9397024512290955
37200,3.571014167391695e-05,1.0,0.21081294119358063,0.9354513883590698
37300,0.00011137926048832014,1.0,0.21276232600212097,0.9341089725494385
37400,0.00021716726769227535,1.0,0.19955232739448547,0.937017560005188
37500,0.00029084470588713884,1.0,0.17674221098423004,0.9423872828483582
37600,0.0003239194629713893,1.0,0.14734725654125214,0.9525673985481262
37700,0.0003309482417535037,1.0,0.1142817959189415,0.96341872215271
37800,0.0003240221703890711,1.0,0.08248646557331085,0.9737107157707214
37900,0.00029727380024269223,1.0,0.05556317791342735,0.9838908314704895
38000,0.00026808230904862285,1.0,0.035707056522369385,0.9917216897010803
38100,0.0002570957294665277,1.0,0.023386258631944656,0.9965320229530334
38200,0.0002220506576122716,1.0,0.015216624364256859,0.9984338283538818
38300,0.00019925492233596742,1.0,0.010496824979782104,0.9988812804222107
38400,0.0001827604282880202,1.0,0.007445787079632282,0.9993287920951843
38500,0.00016864508506841958,1.0,0.0053590331226587296,0.9997762441635132
38600,0.00015591202827636153,1.0,0.003963264636695385,1.0
38700,0.00014457777433563024,1.0,0.0029955755453556776,1.0
38800,0.00013440412294585258,1.0,0.0023263078182935715,1.0
38900,0.00012504259939305484,1.0,0.0018635605229064822,1.0
39000,0.00011651054956018925,1.0,0.001533452421426773,1.0
39100,0.00010869755351450294,1.0,0.0012867114273831248,1.0
39200,0.00010153374023502693,1.0,0.0011085266014561057,1.0
39300,9.492263779975474e-05,1.0,0.0009726018761284649,1.0
39400,8.880662790033966e-05,1.0,0.0008658504229970276,1.0
39500,8.314724982483312e-05,1.0,0.0007879940676502883,1.0
39600,7.807946531102061e-05,1.0,0.0007278930279426277,1.0
39700,7.364655175479129e-05,1.0,0.0006765140569768846,1.0
39800,6.947065412532538e-05,1.0,0.0006307123112492263,1.0
39900,6.54185569146648e-05,1.0,0.0005953501095063984,1.0
40000,6.1609702243004e-05,1.0,0.0005676274886354804,1.0
40100,5.806147601106204e-05,1.0,0.0005504124565050006,1.0
40200,5.475729631143622e-05,1.0,0.0005441419198177755,1.0
40300,5.169293217477389e-05,1.0,0.0005491296760737896,1.0
40400,4.889799311058596e-05,1.0,0.0005668119410984218,1.0
40500,4.6304467105073854e-05,1.0,0.0005932215135544538,1.0
40600,4.38737370132003e-05,1.0,0.0006329676834866405,1.0
40700,4.162442564847879e-05,1.0,0.0006833949591964483,1.0
40800,3.955284773837775e-05,1.0,0.0007339303265325725,1.0
40900,3.766312511288561e-05,1.0,0.0007875324808992445,1.0
41000,3.591313725337386e-05,1.0,0.0008370595169253647,1.0
41100,3.4739598049782217e-05,1.0,0.0008410095470026135,1.0
41200,3.3448308386141434e-05,1.0,0.0008131557842716575,1.0
41300,3.2004230888560414e-05,1.0,0.0008115972159430385,1.0
41400,3.079632006119937e-05,1.0,0.0008137462427839637,1.0
41500,2.9432505471049808e-05,1.0,0.0008177352137863636,1.0
41600,2.8340928110992536e-05,1.0,0.000831546843983233,1.0
41700,2.7108109861728735e-05,1.0,0.0008248123340308666,1.0
41800,2.587186281743925e-05,1.0,0.0008560570422559977,1.0
41900,2.4688371922820807e-05,1.0,0.0008893127087503672,1.0
42000,2.354546268179547e-05,1.0,0.0009014954557642341,1.0
42100,2.2895656002219766e-05,1.0,0.000907844805624336,1.0
42200,2.1923709937254898e-05,1.0,0.0009081076132133603,1.0
42300,2.1016130631323904e-05,1.0,0.0009312358452007174,1.0
42400,2.0019126168335788e-05,1.0,0.0009396864916197956,1.0
42500,1.905047429318074e-05,1.0,0.0009732799371704459,1.0
42600,1.8104296032106504e-05,1.0,0.0010234200162813067,0.9995525479316711
42700,1.728024653857574e-05,1.0,0.0010416796430945396,0.9995525479316711
42800,1.6395473721786402e-05,1.0,0.0010354084661230445,0.9995525479316711
42900,1.5497844287892804e-05,1.0,0.001013515517115593,0.9995525479316711
43000,1.4674697013106197e-05,1.0,0.0009964491473510861,0.9993287920951843
43100,1.39355825012899e-05,1.0,0.0009960823226720095,0.9995525479316711
43200,1.3239357940619811e-05,1.0,0.0009682127274572849,0.9995525479316711
43300,1.258250449609477e-05,1.0,0.0009350446634925902,0.9995525479316711
43400,1.2003213669231627e-05,1.0,0.0009299027733504772,0.9995525479316711
43500,1.1436839486123063e-05,1.0,0.0009445272153243423,0.9995525479316711
43600,1.0859071153390687e-05,1.0,0.0009803023422136903,0.9995525479316711
43700,1.030016483127838e-05,1.0,0.001026807469315827,0.9995525479316711
43800,9.881910955300555e-06,1.0,0.0010473068105056882,0.9995525479316711
43900,9.441653674002737e-06,1.0,0.00107707385905087,0.9995525479316711
44000,8.939424333220813e-06,1.0,0.0011367164552211761,0.9995525479316711
44100,8.520890332874842e-06,1.0,0.0011951245833188295,0.9995525479316711
44200,8.107770554488525e-06,1.0,0.0012701830128207803,0.9995525479316711
44300,7.593371265102178e-06,1.0,0.001297680428251624,0.9995525479316711
44400,6.398332971002674e-06,1.0,0.001245466060936451,0.9995525479316711
44500,4.805393018614268e-06,1.0,0.001072621438652277,0.9997762441635132
44600,5.009199412597809e-06,1.0,0.0010427340166643262,0.9997762441635132
44700,4.977140633855015e-06,1.0,0.001046501798555255,0.9997762441635132
44800,4.8580568545730785e-06,1.0,0.001048767939209938,0.9997762441635132
44900,4.722912308352534e-06,1.0,0.0010694083757698536,0.9997762441635132
45000,4.609804364008596e-06,1.0,0.0011072688503190875,0.9997762441635132
45100,4.538248504104558e-06,1.0,0.001130056451074779,0.9997762441635132
45200,4.461400749278255e-06,1.0,0.001152692479081452,0.9995525479316711
45300,4.349506980361184e-06,1.0,0.0011803372763097286,0.9995525479316711
45400,4.242686372890603e-06,1.0,0.0012354025384411216,0.9995525479316711
45500,4.126496151002357e-06,1.0,0.0012919605942443013,0.9995525479316711
45600,4.004082256869879e-06,1.0,0.0013230576878413558,0.9995525479316711
45700,3.87385534850182e-06,1.0,0.0013273450313135982,0.9995525479316711
45800,3.7401739518827526e-06,1.0,0.001324868993833661,0.9995525479316711
45900,3.614210982050281e-06,1.0,0.0013069071574136615,0.9995525479316711
46000,3.4840772968891542e-06,1.0,0.0012661999789997935,0.9995525479316711
46100,3.3601688755879877e-06,1.0,0.0012183523504063487,0.9997762441635132
46200,3.234610630897805e-06,1.0,0.0011653103865683079,0.9997762441635132
46300,3.1146548735705437e-06,1.0,0.0011172096710652113,0.9997762441635132
46400,3.0013598006917164e-06,1.0,0.0010652457131072879,0.9997762441635132
46500,2.9052148420305457e-06,1.0,0.000981396296992898,0.9997762441635132
46600,2.8128667963756016e-06,1.0,0.0009178475593216717,0.9997762441635132
46700,2.7226039946981473e-06,1.0,0.0008406940614804626,0.9997762441635132
46800,2.630443077578093e-06,1.0,0.0007914485759101808,0.9997762441635132
46900,2.537130285418243e-06,1.0,0.0007389268139377236,0.9997762441635132
47000,2.449886551403324e-06,1.0,0.0006881242152303457,0.9997762441635132
47100,2.35567131312564e-06,1.0,0.0006332286284305155,0.9997762441635132
47200,2.1621979158226168e-06,1.0,0.0005786438123323023,0.9997762441635132
47300,2.0922602743667085e-06,1.0,0.000550719618331641,0.9997762441635132
47400,2.0177465103188297e-06,1.0,0.0005081901326775551,0.9997762441635132
47500,1.9445715224719606e-06,1.0,0.00047713599633425474,0.9997762441635132
47600,1.8618724197949632e-06,1.0,0.00046915875282138586,1.0
47700,1.6935790654315497e-06,1.0,0.0004187110753264278,1.0
47800,1.6264735904769623e-06,1.0,0.0003945982316508889,1.0
47900,1.5591811006743228e-06,1.0,0.0003727722796611488,1.0
48000,1.4419018725675414e-06,1.0,0.0003420053981244564,1.0
48100,1.3576151332017616e-06,1.0,0.00029328372329473495,1.0
48200,1.3016522188991075e-06,1.0,0.0002694047288969159,1.0
48300,1.2478058124543168e-06,1.0,0.00026049462030641735,1.0
48400,1.1903800896106986e-06,1.0,0.0002579974243417382,1.0
48500,1.0994326657964848e-06,1.0,0.00025897007435560226,1.0
48600,1.063234094544896e-06,1.0,0.0002871908654924482,1.0
48700,1.0256349014525767e-06,1.0,0.0003231237642467022,1.0
48800,9.890628689390724e-07,1.0,0.00036734508466906846,1.0
48900,9.036244819071726e-07,1.0,0.000383116741431877,1.0
49000,8.651539360471361e-07,1.0,0.0004124128317926079,1.0
49100,7.966474981913052e-07,1.0,0.00041601250995881855,1.0
49200,7.582080456813856e-07,1.0,0.0003972825070377439,1.0
49300,7.146951475078822e-07,1.0,0.0003833966329693794,1.0
49400,6.663889280389412e-07,1.0,0.0003764047287404537,1.0
49500,6.29910346106044e-07,1.0,0.00036033164360560477,1.0
49600,5.893231787013065e-07,1.0,0.00029143402935005724,1.0
49700,5.686871986654296e-07,1.0,0.0002413364127278328,1.0
49800,5.23929259088618e-07,1.0,0.00019054493168368936,1.0
49900,5.002742113902059e-07,1.0,0.0001665190648054704,1.0
50000,4.6911799245208385e-07,1.0,0.0001384385977871716,1.0
50100,4.4378214170137653e-07,1.0,9.981641051126644e-05,1.0
50200,4.2239915387654037e-07,1.0,7.025078957667574e-05,1.0
50300,4.050002075928205e-07,1.0,5.333244916982949e-05,1.0
50400,3.8607612395935575e-07,1.0,4.460717900656164e-05,1.0
50500,3.707937423769181e-07,1.0,3.936711073038168e-05,1.0
50600,3.595886823859473e-07,1.0,3.328756065457128e-05,1.0
50700,3.3780108310565993e-07,1.0,2.691932604648173e-05,1.0
50800,3.2142926897904545e-07,1.0,2.0125115042901598e-05,1.0
50900,2.9970391324241064e-07,1.0,1.525182233308442e-05,1.0
51000,2.784143191547628e-07,1.0,1.190751663671108e-05,1.0
51100,2.5849422513601894e-07,1.0,9.389662409375887e-06,1.0
51200,2.4000593157325056e-07,1.0,7.328903393499786e-06,1.0
51300,2.250036175155401e-07,1.0,5.810215498058824e-06,1.0
51400,2.1143304707038624e-07,1.0,4.551274741970701e-06,1.0
51500,1.9885850122136617e-07,1.0,3.5420380299910903e-06,1.0
51600,1.8485218333808007e-07,1.0,2.777718464130885e-06,1.0
51700,1.6894723842142412e-07,1.0,2.039332684944384e-06,1.0
51800,1.5911169271021208e-07,1.0,1.6591900475759758e-06,1.0
51900,1.5568792832709732e-07,1.0,1.513582787993073e-06,1.0
52000,1.527621549257674e-07,1.0,1.5115818996491726e-06,1.0
52100,1.5842694267576007e-07,1.0,1.6285628134937724e-06,1.0
52200,1.650565906174961e-07,1.0,1.997910430873162e-06,1.0
52300,16.376373291015625,0.3485639691352844,24.68950843811035,0.24398702383041382
52400,0.0019466397352516651,1.0,1.391862392425537,0.8207853436470032
52500,1.584133497090079e-05,1.0,0.5205284953117371,0.9199015498161316
52600,2.385429240803205e-07,1.0,0.16480304300785065,0.9653205275535583
52700,6.601641189263319e-08,1.0,0.06329318881034851,0.9816534519195557
52800,1.0209044631892539e-07,1.0,0.05260373279452324,0.9843382835388184
52900,1.3041430690918787e-07,1.0,0.06420764327049255,0.9821009039878845
53000,1.5705742839600134e-07,1.0,0.0807478278875351,0.9770668148994446
53100,2.063907800220477e-07,1.0,0.08286511152982712,0.9746056795120239
53200,3.1548430001748784e-07,1.0,0.08038311451673508,0.9746056795120239
53300,6.355127766255464e-07,1.0,0.08439724892377853,0.9740462899208069
53400,1.736406716190686e-06,1.0,0.10204876214265823,0.9690122008323669
53500,3.936445864383131e-06,1.0,0.11814370006322861,0.9643136858940125
53600,7.850895599403884e-06,1.0,0.1282256543636322,0.9612932205200195
53700,1.275698195968289e-05,1.0,0.1221097931265831,0.9649848937988281
53800,1.7216063497471623e-05,1.0,0.10961920022964478,0.9694596529006958
53900,2.0709214368253015e-05,1.0,0.09355200082063675,0.9723682999610901
54000,2.2662572519038804e-05,1.0,0.07638785243034363,0.9798635244369507
54100,2.1409949113149196e-05,1.0,0.05977790802717209,0.9838908314704895
54200,2.0561597921187058e-05,1.0,0.046739671379327774,0.9887012243270874
54300,1.813300150388386e-05,1.0,0.03604188933968544,0.9918335676193237
54400,1.5386674931505695e-05,1.0,0.02728022076189518,0.9935115575790405
54500,1.4151903997117188e-05,1.0,0.020728912204504013,0.9942946434020996
54600,1.2718401194433682e-05,1.0,0.01577644981443882,0.9957489371299744
54700,1.1578367775655352e-05,1.0,0.012087685987353325,0.9966439008712769
54800,1.070983398676617e-05,1.0,0.009441656060516834,0.9977626204490662
54900,1.0000688234867994e-05,1.0,0.007629817817360163,0.998210072517395
55000,9.37582808546722e-06,1.0,0.006095349323004484,0.9988812804222107
55100,8.765222446527332e-06,1.0,0.004785954486578703,0.9993287920951843
55200,8.220383278967347e-06,1.0,0.003744636895135045,0.9993287920951843
55300,7.754756552458275e-06,1.0,0.002906334586441517,0.9995525479316711
55400,7.338897830777569e-06,1.0,0.0021783336997032166,0.9995525479316711
55500,6.883447895233985e-06,1.0,0.0016551994485780597,0.9995525479316711
55600,6.444868176913587e-06,1.0,0.0012705913977697492,0.9995525479316711
55700,6.064023637009086e-06,1.0,0.000976493232883513,1.0
55800,5.693824277841486e-06,1.0,0.0007409986574202776,1.0
55900,5.33585671291803e-06,1.0,0.0005491197225637734,1.0
56000,5.018195679440396e-06,1.0,0.0004343870095908642,1.0
56100,4.713980615633773e-06,1.0,0.0003386499301996082,1.0
56200,4.425608040037332e-06,1.0,0.0002667774970177561,1.0
56300,4.138698386668693e-06,1.0,0.00021604578068945557,1.0
56400,3.854029273497872e-06,1.0,0.00018304215336684138,1.0
56500,3.5740288240049267e-06,1.0,0.00015905557665973902,1.0
56600,3.24313896271633e-06,1.0,0.0001409363903803751,1.0
56700,3.102858727288549e-06,1.0,0.00013046489038970321,1.0
56800,2.930270511569688e-06,1.0,0.00012229087587911636,1.0
56900,2.7545074772206135e-06,1.0,0.00011399767390685156,1.0
57000,2.583257810329087e-06,1.0,0.00010899016342591494,1.0
57100,2.348419002373703e-06,1.0,0.00010256427776766941,1.0
57200,2.2387657736544497e-06,1.0,0.00010073791781906039,1.0
57300,2.129548192897346e-06,1.0,9.78861644398421e-05,1.0
57400,1.99533678824082e-06,1.0,9.42292099352926e-05,1.0
57500,1.859600274656259e-06,1.0,8.734727452974766e-05,1.0
57600,1.784993514775124e-06,1.0,8.450654422631487e-05,1.0
57700,1.713374786049826e-06,1.0,8.24884555186145e-05,1.0
57800,1.5783231219757e-06,1.0,7.971367449499667e-05,1.0
57900,1.4356145356941852e-06,1.0,7.304494647542015e-05,1.0
58000,1.3829821909894235e-06,1.0,7.333437679335475e-05,1.0
58100,1.3319680647327914e-06,1.0,7.424638897646219e-05,1.0
58200,1.283319420508633e-06,1.0,7.337242277571931e-05,1.0
58300,1.193803768728685e-06,1.0,6.994837895035744e-05,1.0
58400,1.0893480748563888e-06,1.0,6.402545841410756e-05,1.0
58500,1.0428159384900937e-06,1.0,5.980522109894082e-05,1.0
58600,9.912106406773091e-07,1.0,5.586048064287752e-05,1.0
58700,9.033755645759811e-07,1.0,4.9124810175271705e-05,1.0
58800,8.533575055480469e-07,1.0,4.528279896476306e-05,1.0
58900,8.198357477340323e-07,1.0,4.180957330390811e-05,1.0
59000,7.852869430280407e-07,1.0,3.742874469025992e-05,1.0
59100,7.544419418081816e-07,1.0,3.365115844644606e-05,1.0
59200,7.276743190232082e-07,1.0,3.0469902412733063e-05,1.0
59300,7.006888154137414e-07,1.0,2.7976069759461097e-05,1.0
59400,6.751040473318426e-07,1.0,2.561297151260078e-05,1.0
59500,6.444146833928244e-07,1.0,2.310877971467562e-05,1.0
59600,6.192655632730748e-07,1.0,2.0918079826515168e-05,1.0
59700,5.931515829615819e-07,1.0,1.894398155855015e-05,1.0
59800,5.669753022630175e-07,1.0,1.6996751583064906e-05,1.0
59900,5.453122184917447e-07,1.0,1.556127426738385e-05,1.0
60000,5.126931341692398e-07,1.0,1.3557581041823141e-05,1.0
60100,4.907499828732398e-07,1.0,1.2307564247748815e-05,1.0
60200,4.697093913819117e-07,1.0,1.1305905900371727e-05,1.0
60300,4.4144775301901973e-07,1.0,1.0405972716398537e-05,1.0
60400,4.145244929532055e-07,1.0,9.550498361932114e-06,1.0
60500,3.8729007201254717e-07,1.0,8.669531780469697e-06,1.0
60600,3.619541928401304e-07,1.0,7.865289262554143e-06,1.0
60700,3.326654507418425e-07,1.0,6.9641009758925065e-06,1.0
60800,3.001707966632239e-07,1.0,5.789296210423345e-06,1.0
60900,2.6173125888817594e-07,1.0,4.511972292675637e-06,1.0
61000,2.365199094356285e-07,1.0,3.6232618185749743e-06,1.0
61100,2.0296701563893293e-07,1.0,2.6836985398404067e-06,1.0
61200,1.8721769379226316e-07,1.0,2.0274567305023083e-06,1.0
61300,1.829846780765365e-07,1.0,1.7349555037071696e-06,1.0
61400,1.7962315723707434e-07,1.0,1.5493907312702504e-06,1.0
61500,1.743941311360686e-07,1.0,1.415020733475103e-06,1.0
61600,1.6704859717719955e-07,1.0,1.302600708186219e-06,1.0
61700,1.550343000644716e-07,1.0,1.1764849432438496e-06,1.0
61800,1.4815563531556109e-07,1.0,1.091589638235746e-06,1.0
61900,1.4619475052768394e-07,1.0,1.1066318847952061e-06,1.0
62000,1.487781418063605e-07,1.0,1.2459755680538365e-06,1.0
62100,1.5774217843045335e-07,1.0,1.5617599729012e-06,1.0
62200,1.5540780395895126e-07,1.0,1.9890255771315424e-06,1.0
62300,1.6894723842142412e-07,1.0,3.0739222438569413e-06,1.0
62400,4.613548278808594,0.022193212062120438,4.882634162902832,0.010068240575492382
62500,3.7558445930480957,0.1451697200536728,4.952436923980713,0.027407987043261528
62600,1.2598624229431152,0.6906005144119263,3.6609315872192383,0.2626692056655884
62700,0.020585501566529274,1.0,2.6632814407348633,0.5576686263084412
62800,0.00024465349270030856,1.0,3.260666847229004,0.6263564229011536
62900,1.7333856021650718e-06,1.0,3.622478723526001,0.6520863771438599
63000,6.418002840291592e-08,1.0,3.448789358139038,0.6836335062980652
63100,5.618087328684851e-08,1.0,2.4101953506469727,0.7259201407432556
63200,5.325510699094593e-08,1.0,2.0009522438049316,0.7546705603599548
63300,4.939559161698526e-08,1.0,1.880215048789978,0.7632845044136047
63400,5.31617345700397e-08,1.0,1.874861478805542,0.7683185935020447
63500,5.692787397038046e-08,1.0,1.8563268184661865,0.7674236297607422
63600,7.108980781822538e-08,1.0,1.7876719236373901,0.7743595242500305
63700,8.830200926013276e-08,1.0,1.6538797616958618,0.7804005146026611
63800,1.1656364051759738e-07,1.0,1.4934278726577759,0.7881194949150085
63900,1.643718405830441e-07,1.0,1.335965871810913,0.792258620262146
64000,3.3036212698789313e-07,1.0,1.2047309875488281,0.7963978052139282
64100,1.082780386241211e-06,1.0,1.1056585311889648,0.799642026424408
64200,2.7557202884054277e-06,1.0,1.0350922346115112,0.7986351847648621
64300,6.295901130215498e-06,1.0,0.9447354674339294,0.8026624917984009
64400,1.2144144420744851e-05,1.0,0.8225783705711365,0.8198903799057007
64500,1.8000991985900328e-05,1.0,0.6850693821907043,0.8396912217140198
64600,2.171019878005609e-05,1.0,0.5482218861579895,0.8647499680519104
64700,2.4859611585270613e-05,1.0,0.4314662516117096,0.8888018727302551
64800,2.4032555302255787e-05,1.0,0.329744428396225,0.9097214341163635
64900,2.4258084522443824e-05,1.0,0.24607692658901215,0.9306409955024719
65000,2.391111593169626e-05,1.0,0.17471447587013245,0.9504418969154358
65100,2.2646230718237348e-05,1.0,0.12183407694101334,0.9681172370910645
65200,2.1117595679243095e-05,1.0,0.08522650599479675,0.9787448048591614
65300,2.0137989849899895e-05,1.0,0.06023291125893593,0.9852332472801208
65400,1.930622420331929e-05,1.0,0.042213521897792816,0.9893724322319031
65500,1.842304118326865e-05,1.0,0.029463956132531166,0.9938471913337708
65600,1.7587039110367186e-05,1.0,0.020743640139698982,0.9954133629798889
65700,1.6677209714544006e-05,1.0,0.014779111370444298,0.9965320229530334
65800,1.573753252159804e-05,1.0,0.010718999430537224,0.9974269866943359
65900,1.4928327800589614e-05,1.0,0.007940921932458878,0.9984338283538818
66000,1.4179378922563046e-05,1.0,0.0059911045245826244,0.9984338283538818
66100,1.3506434697774239e-05,1.0,0.004742761142551899,0.9993287920951843
66200,1.2879025234724395e-05,1.0,0.0038330978713929653,0.9993287920951843
66300,1.2301289643801283e-05,1.0,0.0032365191727876663,0.9997762441635132
66400,1.1774162885558326e-05,1.0,0.002829707693308592,0.9997762441635132
66500,1.146080012404127e-05,1.0,0.002539722016081214,0.9997762441635132
66600,1.1059758435294498e-05,1.0,0.0022657904773950577,0.9997762441635132
66700,1.067278572008945e-05,1.0,0.0020937954541295767,0.9997762441635132
66800,1.020482523017563e-05,1.0,0.0019280751002952456,0.9997762441635132
66900,9.7059273684863e-06,1.0,0.0018024242017418146,0.9997762441635132
67000,9.210982170770876e-06,1.0,0.0016881152987480164,0.9997762441635132
67100,8.805333891359624e-06,1.0,0.0016400115564465523,0.9997762441635132
67200,8.42231293063378e-06,1.0,0.0015975567512214184,0.9997762441635132
67300,8.048723429965321e-06,1.0,0.0015495765255764127,0.9997762441635132
67400,7.678058864257764e-06,1.0,0.0015247509581968188,0.9997762441635132
67500,7.3317332862643525e-06,1.0,0.0015223341761156917,0.9997762441635132
67600,7.0323440013453364e-06,1.0,0.0015355503419414163,0.9997762441635132
67700,6.758601557521615e-06,1.0,0.0015610245754942298,0.9997762441635132
67800,6.50278616376454e-06,1.0,0.0015728618018329144,0.9997762441635132
67900,6.2431117839878425e-06,1.0,0.0015988872619345784,0.9997762441635132
68000,5.979547040624311e-06,1.0,0.0016269604675471783,0.9997762441635132
68100,5.735061677114572e-06,1.0,0.0016399298328906298,0.9997762441635132
68200,5.4997890401864424e-06,1.0,0.0016665623988956213,0.9997762441635132
68300,5.245125066721812e-06,1.0,0.0016871041152626276,0.9997762441635132
68400,4.9707905418472365e-06,1.0,0.0017017739592120051,0.9997762441635132
68500,4.701653779193293e-06,1.0,0.0016422726912423968,0.9997762441635132
68600,4.447643277671887e-06,1.0,0.0015274626202881336,0.9997762441635132
68700,4.19827028963482e-06,1.0,0.001413332880474627,0.9997762441635132
68800,3.9478077269450296e-06,1.0,0.0012808529427275062,0.9997762441635132
68900,3.688412334668101e-06,1.0,0.0011070219334214926,1.0
69000,3.3379451451764908e-06,1.0,0.0009498068247921765,1.0
69100,3.142916057186085e-06,1.0,0.0008324209484271705,1.0
69200,2.9646630537172314e-06,1.0,0.0007208249880932271,1.0
69300,2.8038402888341807e-06,1.0,0.0006506250356324017,1.0
69400,2.671216634553275e-06,1.0,0.000598602113313973,1.0
69500,2.5418298719159793e-06,1.0,0.0005541229620575905,1.0
69600,2.3350041828962276e-06,1.0,0.0004960892838425934,1.0
69700,2.2449908101407345e-06,1.0,0.00045478742686100304,1.0
69800,2.1384805677371332e-06,1.0,0.00041480292566120625,1.0
69900,1.960009740287205e-06,1.0,0.00037987405085004866,1.0
70000,1.8496090206099325e-06,1.0,0.00036218742025084794,1.0
70100,1.7278166524192784e-06,1.0,0.0003399751731194556,1.0
70200,1.6615514368822915e-06,1.0,0.00031245124409906566,1.0
70300,1.5965313195920317e-06,1.0,0.0002904223802033812,1.0
70400,1.5297367781386129e-06,1.0,0.0002635110286064446,1.0
70500,1.4481579455605242e-06,1.0,0.00023253913968801498,1.0
70600,1.3300383443493047e-06,1.0,0.00020408458658494055,1.0
70700,1.227263282999047e-06,1.0,0.00017974093498196453,1.0
70800,1.1807934470198234e-06,1.0,0.00016170729941222817,1.0
70900,1.0970669563903357e-06,1.0,0.0001428893010597676,1.0
71000,1.0490409749763785e-06,1.0,0.0001285806647501886,1.0
71100,9.743096143211005e-07,1.0,0.00011386781261535361,1.0
71200,9.22019466997881e-07,1.0,0.00010545278200879693,1.0
71300,8.58244163737254e-07,1.0,9.912565292324871e-05,1.0
71400,8.011296017684799e-07,1.0,9.321247489424422e-05,1.0
71500,7.719653467574972e-07,1.0,8.692866686033085e-05,1.0
71600,7.482479986720136e-07,1.0,8.420370431849733e-05,1.0
71700,7.291683346011268e-07,1.0,8.444311970379204e-05,1.0
71800,7.082210800035682e-07,1.0,8.585098112234846e-05,1.0
71900,6.835699650764582e-07,1.0,8.403030369663611e-05,1.0
72000,6.578918032573711e-07,1.0,8.184730540961027e-05,1.0
72100,6.249303510230675e-07,1.0,7.916342292446643e-05,1.0
72200,5.92280059663608e-07,1.0,7.83661671448499e-05,1.0
72300,5.696209655070561e-07,1.0,7.67023884691298e-05,1.0
72400,5.503856073119096e-07,1.0,7.460446795448661e-05,1.0
72500,5.250497565612022e-07,1.0,7.240888226078823e-05,1.0
72600,5.083044811726722e-07,1.0,6.927635695319623e-05,1.0
72700,4.918081799587526e-07,1.0,6.662574742222205e-05,1.0
72800,4.6762400529587467e-07,1.0,5.849511580890976e-05,1.0
72900,4.461476521555596e-07,1.0,5.273346323519945e-05,1.0
73000,4.259474337686697e-07,1.0,4.705363608081825e-05,1.0
73100,3.9609841451238026e-07,1.0,3.8118119846330956e-05,1.0
73200,3.6718321894113615e-07,1.0,3.243214086978696e-05,1.0
73300,3.266582950800512e-07,1.0,2.644330197654199e-05,1.0
73400,2.8495060178101994e-07,1.0,1.8429518604534678e-05,1.0
73500,2.57404849435261e-07,1.0,1.3426153600448743e-05,1.0
73600,2.396012916960899e-07,1.0,1.0199209100392181e-05,1.0
73700,2.2864524851229362e-07,1.0,8.123724910547026e-06,1.0
73800,2.1292706264830485e-07,1.0,5.92403057453339e-06,1.0
73900,1.9250896343692148e-07,1.0,4.171126420260407e-06,1.0
74000,1.7865828283447627e-07,1.0,3.130180630250834e-06,1.0
74100,1.7311799638264347e-07,1.0,2.6005282052210532e-06,1.0
74200,1.6406058023221703e-07,1.0,2.202818677687901e-06,1.0
74300,1.53571420469234e-07,1.0,1.9054282347497065e-06,1.0
74400,1.4613250698403135e-07,1.0,1.6695565818736213e-06,1.0
74500,1.4052997698854597e-07,1.0,1.509292360424297e-06,1.0
74600,1.3835122558703006e-07,1.0,1.3961814602225786e-06,1.0
74700,1.394717230596143e-07,1.0,1.352248887087626e-06,1.0
74800,1.4158823091747763e-07,1.0,1.3773376394965453e-06,1.0
74900,1.504589022260916e-07,1.0,1.4959776990508544e-06,1.0
75000,1.6723535622986674e-07,1.0,2.1682803890143987e-06,1.0
75100,3.4706387519836426,0.14908616244792938,4.379573345184326,0.06018570438027382
75200,0.5170301795005798,0.8882506489753723,1.7295794486999512,0.5255621671676636
75300,0.0011670091189444065,1.0,1.0567069053649902,0.7988589406013489
75400,3.7834092836419586e-06,1.0,1.115580439567566,0.8345452547073364
75500,3.5700530531812547e-08,1.0,1.1598690748214722,0.8562479019165039
75600,4.51936976730849e-08,1.0,0.6819802522659302,0.8949546813964844
75700,4.892871530159937e-08,1.0,0.6147273778915405,0.9014431238174438
75800,2.0044500104177132e-07,1.0,0.7178210020065308,0.894842803478241
75900,2.200910330429906e-06,1.0,0.32769355177879333,0.9317597150802612
76000,1.891785785801403e-07,1.0,0.23501674830913544,0.9461908340454102
76100,1.4619475052768394e-07,1.0,0.247621089220047,0.9424991607666016
76200,1.6960086668404983e-07,1.0,0.2871036231517792,0.9342208504676819
76300,1.8942758117646008e-07,1.0,0.3284150958061218,0.925606906414032
76400,2.42620416202044e-07,1.0,0.37545785307884216,0.9134131073951721
76500,3.8744562402825977e-07,1.0,0.4256126582622528,0.9061416387557983
76600,7.476253927052312e-07,1.0,0.469369113445282,0.8924935460090637
76700,1.4936314300939557e-06,1.0,0.4875318109989166,0.8857814073562622
76800,2.779904889393947e-06,1.0,0.46783483028411865,0.8857814073562622
76900,4.799262114829617e-06,1.0,0.41611164808273315,0.8932766318321228
77000,6.943799235159531e-06,1.0,0.34638604521751404,0.9039042592048645
77100,8.795663234195672e-06,1.0,0.2642919719219208,0.9230338931083679
77200,1.092767524824012e-05,1.0,0.18951180577278137,0.9404855370521545
77300,1.1328156688250601e-05,1.0,0.13011692464351654,0.9610694646835327
77400,1.097750646295026e-05,1.0,0.09086866676807404,0.971808910369873
77500,1.058125781128183e-05,1.0,0.06298456341028214,0.9793041944503784
77600,1.027549024001928e-05,1.0,0.043451618403196335,0.9870231747627258
77700,9.94998754322296e-06,1.0,0.02935979515314102,0.9912741780281067
77800,9.588348802935798e-06,1.0,0.019480187445878983,0.9939590692520142
77900,9.15615055419039e-06,1.0,0.012535585090517998,0.9964202046394348
78000,8.638950021122582e-06,1.0,0.008162482641637325,0.998210072517395
78100,8.13774749985896e-06,1.0,0.005492383148521185,0.9991050362586975
78200,7.658923095732462e-06,1.0,0.003830845933407545,0.9993287920951843
78300,7.200952495622914e-06,1.0,0.002751187887042761,1.0
78400,6.74083412377513e-06,1.0,0.0020068087615072727,1.0
78500,6.303093869064469e-06,1.0,0.0014949836768209934,1.0
78600,5.923121079831617e-06,1.0,0.0011488643940538168,1.0
78700,5.573090675170533e-06,1.0,0.0009152911370620131,1.0
78800,5.2399600463104434e-06,1.0,0.0007511599105782807,1.0
78900,4.909662038699025e-06,1.0,0.0006377619574777782,1.0
79000,4.621165317075793e-06,1.0,0.00055493856780231,1.0
79100,4.380040536489105e-06,1.0,0.0005007304134778678,1.0
79200,4.177043592790142e-06,1.0,0.0004732365778181702,1.0
79300,3.9950868995219935e-06,1.0,0.00046334543731063604,1.0
79400,3.794953727265238e-06,1.0,0.00045451163896359503,1.0
79500,3.6399510463525075e-06,1.0,0.0004376889846753329,1.0
79600,3.4889328617282445e-06,1.0,0.00041628311737440526,1.0
79700,3.314477453386644e-06,1.0,0.0003903047472704202,1.0
79800,3.2059756449598353e-06,1.0,0.000371841830201447,1.0
79900,3.1064689665072365e-06,1.0,0.0003630403080023825,1.0
80000,3.007896111739683e-06,1.0,0.0003566426457837224,1.0
80100,2.9054949663986918e-06,1.0,0.0003583985671866685,1.0
80200,2.8087890768802026e-06,1.0,0.0003756389778573066,1.0
80300,2.7178418804396642e-06,1.0,0.0004009406256955117,1.0
80400,2.6377263111498905e-06,1.0,0.0004346626519691199,1.0
80500,2.5827594072325155e-06,1.0,0.0005010279128327966,1.0
80600,2.5475255824858323e-06,1.0,0.0005961338756605983,1.0
80700,2.474693246767856e-06,1.0,0.0007143801194615662,1.0
80800,2.3617089937033597e-06,1.0,0.0008550773491151631,1.0
80900,2.2683029783365782e-06,1.0,0.0009935847483575344,0.9997762441635132
81000,2.163193812521058e-06,1.0,0.0011166607728227973,0.9997762441635132
81100,1.976599151021219e-06,1.0,0.0011884619016200304,0.9995525479316711
81200,1.8614364307723008e-06,1.0,0.001222316175699234,0.9995525479316711
81300,1.7795774738260661e-06,1.0,0.0012194454902783036,0.9995525479316711
81400,1.6981855424091918e-06,1.0,0.0011656918795779347,0.9995525479316711
81500,1.6052149476308841e-06,1.0,0.0010949431452900171,0.9995525479316711
81600,1.4979268598835915e-06,1.0,0.0010087949922308326,0.9995525479316711
81700,1.4430223700401257e-06,1.0,0.0008987196488305926,0.9995525479316711
81800,1.3861566685591242e-06,1.0,0.0007890711422078311,0.9997762441635132
81900,1.3115810588715249e-06,1.0,0.0006839291309006512,0.9997762441635132
82000,1.224710899805359e-06,1.0,0.0006000695866532624,0.9997762441635132
82100,1.1669117156998254e-06,1.0,0.0005391232552938163,1.0
82200,1.0815043651746237e-06,1.0,0.0005020417738705873,1.0
82300,1.0320777619199362e-06,1.0,0.0004440843767952174,1.0
82400,9.94167407952773e-07,1.0,0.00039067433681339025,1.0
82500,9.612994062990765e-07,1.0,0.0003528564120642841,1.0
82600,9.354966437058465e-07,1.0,0.00033141576568596065,1.0
82700,9.011656061375106e-07,1.0,0.0003272725152783096,1.0
82800,8.4022269675188e-07,1.0,0.0003145108057651669,1.0
82900,8.131437994052249e-07,1.0,0.00030871128547005355,1.0
83000,7.89177477145131e-07,1.0,0.0003021540178451687,1.0
83100,7.627211857652583e-07,1.0,0.0002949984627775848,1.0
83200,7.120183340703079e-07,1.0,0.00027100826264359057,1.0
83300,6.857798666715098e-07,1.0,0.00024356796348001808,1.0
83400,6.577673730134848e-07,1.0,0.00023352810239885002,1.0
83500,5.960150701866951e-07,1.0,0.00020943634444847703,1.0
83600,5.68624955121777e-07,1.0,0.0001900889619719237,1.0
83700,5.478956381921307e-07,1.0,0.00017817452317103744,1.0
83800,5.292827722769289e-07,1.0,0.0001713277742965147,1.0
83900,5.110434244670614e-07,1.0,0.00016777854762040079,1.0
84000,4.954809469381871e-07,1.0,0.00016638160741422325,1.0
84100,4.794515007233713e-07,1.0,0.00017366184329148382,1.0
84200,4.6298634970298735e-07,1.0,0.0001922534720506519,1.0
84300,4.4415563138500147e-07,1.0,0.00021747295977547765,1.0
84400,4.1953563822971773e-07,1.0,0.00022404620540328324,1.0
84500,3.9401305684805266e-07,1.0,0.00022825221822131425,1.0
84600,3.717275092185446e-07,1.0,0.00024760374799370766,1.0
84700,3.573788092126051e-07,1.0,0.0002706691448111087,0.9997762441635132
84800,3.3552896638866514e-07,1.0,0.00027576350839808583,0.9997762441635132
84900,3.1262084121408407e-07,1.0,0.000249506498221308,0.9997762441635132
85000,2.9565765657935117e-07,1.0,0.0002160797594115138,1.0
85100,2.6882779025072523e-07,1.0,0.00015243138477671891,1.0
85200,2.3673779026012198e-07,1.0,9.036179835675284e-05,1.0
85300,2.2397648535843473e-07,1.0,5.454938582261093e-05,1.0
85400,2.0439877346234425e-07,1.0,2.739582305366639e-05,1.0
85500,1.8824482594936853e-07,1.0,1.5581474144710228e-05,1.0
85600,1.7454975420605479e-07,1.0,9.93450066744117e-06,1.0
85700,1.5444291534549848e-07,1.0,6.524654054373968e-06,1.0
85800,1.4871589826270792e-07,1.0,4.7606354200979695e-06,1.0
85900,1.4778213142108143e-07,1.0,3.966429176216479e-06,1.0
86000,1.488403995608678e-07,1.0,3.5693528843694367e-06,1.0
86100,1.4635038780852483e-07,1.0,3.581293412935338e-06,1.0
86200,1.5304229350476817e-07,1.0,4.083743533556117e-06,1.0
86300,5.8287811279296875,0.013315927237272263,6.015641212463379,0.008725808002054691
86400,3.3679635524749756,0.16840730607509613,4.135499000549316,0.05962635576725006
86500,0.2540034055709839,0.9744125604629517,1.3237046003341675,0.6768094897270203
86600,0.0006680038059130311,1.0,0.7609609961509705,0.8516612648963928
86700,3.098954039160162e-06,1.0,0.9968831539154053,0.8546817302703857
86800,5.8714053011499345e-05,1.0,0.8244075179100037,0.8659805059432983
86900,2.881704631363391e-06,1.0,0.5020734667778015,0.9105045199394226
87000,1.961716861842433e-06,1.0,0.3988720178604126,0.9209083914756775
87100,6.22004108663532e-07,1.0,0.35301947593688965,0.9308647513389587
87200,1.0952935269870068e-07,1.0,0.3748408555984497,0.9268374443054199
87300,1.193648984099127e-07,1.0,0.4098172187805176,0.9139724969863892
87400,1.1622125839494402e-07,1.0,0.4753357172012329,0.9059178829193115
87500,1.2418928463375778e-07,1.0,0.5503765344619751,0.892829179763794
87600,1.4052997698854597e-07,1.0,0.6202076077461243,0.8805235624313354
87700,1.738027606279502e-07,1.0,0.6708770990371704,0.8710146546363831
87800,2.822116016432119e-07,1.0,0.668613076210022,0.8668754696846008
87900,6.770337108719104e-07,1.0,0.6622985005378723,0.8622888326644897
88000,1.5623866147507215e-06,1.0,0.6257381439208984,0.8618413805961609
88100,3.4315373795834603e-06,1.0,0.5805426239967346,0.8630719184875488
88200,7.283987088158028e-06,1.0,0.5032460689544678,0.874035120010376
88300,1.0860589100047946e-05,1.0,0.4067012071609497,0.891822338104248
88400,1.3625072824652307e-05,1.0,0.31820157170295715,0.9129656553268433
88500,1.6388396034017205e-05,1.0,0.24397233128547668,0.9313122034072876
88600,1.7531307094031945e-05,1.0,0.18814393877983093,0.9458552598953247
88700,1.710116703179665e-05,1.0,0.13983036577701569,0.9576015472412109
88800,1.624724973225966e-05,1.0,0.09744230657815933,0.9704664945602417
88900,1.5435183740919456e-05,1.0,0.0676334872841835,0.9816534519195557
89000,1.5825857190066017e-05,1.0,0.04846832528710365,0.988029956817627
89100,1.8267315681441687e-05,1.0,0.03802676126360893,0.9909386038780212
89200,1.7920994650921784e-05,1.0,0.030757874250411987,0.9928403496742249
89300,1.6436051737400703e-05,1.0,0.02452295646071434,0.9942946434020996
89400,1.4805253158556297e-05,1.0,0.0187726728618145,0.9948540329933167
89500,1.3256715647003148e-05,1.0,0.01380500290542841,0.9966439008712769
89600,1.2025554497085977e-05,1.0,0.01041784044355154,0.9973151087760925
89700,1.0666622983990237e-05,1.0,0.0077186147682368755,0.9977626204490662
89800,8.149911082000472e-06,1.0,0.005214594770222902,0.9986575841903687
89900,7.400956292258343e-06,1.0,0.0037616414483636618,0.9991050362586975
90000,6.895707883813884e-06,1.0,0.0028889807872474194,0.9997762441635132
90100,6.4495020524191204e-06,1.0,0.002233578823506832,1.0
90200,6.018050044076517e-06,1.0,0.001750029157847166,1.0
90300,5.622608568955911e-06,1.0,0.0013578541111201048,1.0
90400,5.294645234243944e-06,1.0,0.0010912998113781214,1.0
90500,4.993511993234279e-06,1.0,0.0009150089463219047,1.0
90600,4.738380994240288e-06,1.0,0.0007867527892813087,1.0
90700,4.509363861870952e-06,1.0,0.0006963692721910775,1.0
90800,4.304717549530324e-06,1.0,0.0006402969011105597,1.0
90900,4.101907506992575e-06,1.0,0.0006078419391997159,1.0
91000,3.9155934246082325e-06,1.0,0.0005927094025537372,1.0
91100,3.739861767826369e-06,1.0,0.0005889776512049139,1.0
91200,3.5673049296747195e-06,1.0,0.000608875707257539,1.0
91300,3.3993546821875498e-06,1.0,0.0006482548778876662,1.0
91400,3.2440723316540243e-06,1.0,0.0007015416631475091,1.0
91500,3.1008660243969643e-06,1.0,0.0007785792113281786,1.0
91600,2.965379053421202e-06,1.0,0.0008909990428946912,1.0
91700,2.829611503329943e-06,1.0,0.0010537565685808659,1.0
91800,2.6894870188698405e-06,1.0,0.0012424543965607882,1.0
91900,2.548708380345488e-06,1.0,0.0014603018062189221,1.0
92000,2.4229943846876267e-06,1.0,0.0016798420110717416,1.0
92100,2.2957553937885677e-06,1.0,0.0019138372736051679,0.9997762441635132
92200,2.1466664748004405e-06,1.0,0.0021172536071389914,0.9997762441635132
92300,2.0382890397740994e-06,1.0,0.00236546085216105,0.9995525479316711
92400,1.9557453470042674e-06,1.0,0.0026258714497089386,0.9993287920951843
92500,1.8751626384982956e-06,1.0,0.0028419550508260727,0.9993287920951843
92600,1.7985638578466023e-06,1.0,0.002994062379002571,0.9993287920951843
92700,1.7193817711813608e-06,1.0,0.003056798130273819,0.9993287920951843
92800,1.6478875295433681e-06,1.0,0.0030094098765403032,0.9993287920951843
92900,1.5740899925731355e-06,1.0,0.0029452505987137556,0.9993287920951843
93000,1.4994832326920005e-06,1.0,0.002843880094587803,0.9995525479316711
93100,1.4240671362131252e-06,1.0,0.0027318501379340887,0.9995525479316711
93200,1.352479557681363e-06,1.0,0.0027042825240641832,0.9997762441635132
93300,1.295831793868274e-06,1.0,0.002758655697107315,0.9997762441635132
93400,1.2480546729420894e-06,1.0,0.002852175384759903,0.9997762441635132
93500,1.205755893352034e-06,1.0,0.0029969282913953066,0.9995525479316711
93600,1.1552397154446226e-06,1.0,0.003220448736101389,0.9993287920951843
93700,1.0737543334471411e-06,1.0,0.003386769210919738,0.9993287920951843
93800,1.0214330359303858e-06,1.0,0.0036995073314756155,0.9993287920951843
93900,9.31699332795688e-07,1.0,0.003725344082340598,0.9993287920951843
94000,8.930107924243202e-07,1.0,0.0038124744314700365,0.9993287920951843
94100,8.640956252747856e-07,1.0,0.003908596001565456,0.9993287920951843
94200,8.088796903393813e-07,1.0,0.003986545838415623,0.9993287920951843
94300,7.677322173549328e-07,1.0,0.003913495689630508,0.9991050362586975
94400,7.306622933356266e-07,1.0,0.003906509838998318,0.9988812804222107
94500,6.799594416406762e-07,1.0,0.003861150471493602,0.9988812804222107
94600,6.304395014922193e-07,1.0,0.0037257412914186716,0.9988812804222107
94700,6.032672104083758e-07,1.0,0.0036557987332344055,0.9988812804222107
94800,5.453744620353973e-07,1.0,0.0033449563197791576,0.9991050362586975
94900,5.201942485655309e-07,1.0,0.003033081069588661,0.9988812804222107
95000,4.963213200426253e-07,1.0,0.0027810039464384317,0.9991050362586975
95100,4.6936693820498476e-07,1.0,0.002402346348389983,0.9993287920951843
95200,4.448092738584819e-07,1.0,0.002017413033172488,0.9995525479316711
95300,4.097312285011867e-07,1.0,0.0015896008117124438,0.9997762441635132
95400,3.8616948927483463e-07,1.0,0.0012500339653342962,1.0
95500,3.729102502347814e-07,1.0,0.0009910743683576584,1.0
95600,3.504378867091873e-07,1.0,0.0007722905720584095,1.0
95700,3.382057229828206e-07,1.0,0.0006595146260224283,1.0
95800,3.280589169207815e-07,1.0,0.0006148546817712486,1.0
95900,3.0655144200864015e-07,1.0,0.0005903433775529265,1.0
96000,2.928563844761811e-07,1.0,0.0005958700785413384,0.9997762441635132
96100,2.714111815294018e-07,1.0,0.0005921534611843526,0.9997762441635132
96200,2.503083180727117e-07,1.0,0.0005317923496477306,0.9997762441635132
96300,2.2674662147892377e-07,1.0,0.00047306064516305923,0.9997762441635132
96400,2.1040591491328087e-07,1.0,0.0004274336388334632,0.9997762441635132
96500,2.0109951037738938e-07,1.0,0.00039711190038360655,0.9997762441635132
96600,1.9014345298273838e-07,1.0,0.00032718287548050284,0.9997762441635132
96700,1.7479875680237456e-07,1.0,0.0003021713637281209,0.9997762441635132
96800,1.7159287324375327e-07,1.0,0.00041683355811983347,0.9997762441635132
96900,1.689161024387431e-07,1.0,0.0005541543941944838,0.9997762441635132
97000,1.831091793746964e-07,1.0,0.0006905957707203925,0.9997762441635132
97100,5.253735065460205,0.011488250456750393,5.375918388366699,0.009844501502811909
97200,4.274109363555908,0.05326370894908905,4.892922878265381,0.01185814943164587
97300,2.2394790649414062,0.40809398889541626,4.381345272064209,0.1190289705991745
97400,0.029821094125509262,1.0,2.3317315578460693,0.5859715938568115
97500,3.9320537325693294e-05,1.0,2.6438677310943604,0.67647385597229
97600,3.134762300760485e-05,1.0,1.8398330211639404,0.7630607485771179
97700,8.705700338396127e-08,1.0,1.8038115501403809,0.7981877326965332
97800,5.547695423047116e-07,1.0,1.594237208366394,0.8071372509002686
97900,3.6298118288868864e-07,1.0,1.158400058746338,0.8365588784217834
98000,6.20323987732263e-08,1.0,1.1308672428131104,0.8363351821899414
98100,6.719916711972473e-08,1.0,1.2513401508331299,0.8139612674713135
98200,6.287277187766449e-08,1.0,1.45609450340271,0.7955028414726257
98300,6.987592371388018e-08,1.0,1.6629678010940552,0.7701085209846497
98400,7.547845370936557e-08,1.0,1.8310928344726562,0.7515382170677185
98500,9.094764408246192e-08,1.0,1.9493790864944458,0.7362120747566223
98600,1.0644796333281192e-07,1.0,2.0059897899627686,0.7321848273277283
98700,1.2615018363248964e-07,1.0,1.9957122802734375,0.7211097478866577
98800,2.442389188672678e-07,1.0,1.800531268119812,0.7233471274375916
98900,5.898522772440629e-07,1.0,1.5907963514328003,0.7290524840354919
99000,2.038289267147775e-06,1.0,1.4993129968643188,0.7249132990837097
99100,5.739701009588316e-06,1.0,1.364561676979065,0.7299474477767944
99200,1.0357844985264819e-05,1.0,1.186360478401184,0.7448260188102722
99300,1.5182751667452976e-05,1.0,0.9996165633201599,0.7668642997741699
99400,1.9475739463814534e-05,1.0,0.8294758200645447,0.7970690131187439
99500,2.1100649973959662e-05,1.0,0.6856316328048706,0.828839898109436
99600,2.1846199160791002e-05,1.0,0.5706459283828735,0.8497594594955444
99700,2.1730043954448774e-05,1.0,0.4788127839565277,0.8706790208816528
99800,2.0912226318614557e-05,1.0,0.40525323152542114,0.8917104601860046
99900,1.9669307221192867e-05,1.0,0.3433970808982849,0.9065890908241272
100000,1.8256445400766097e-05,1.0,0.28684747219085693,0.9211321473121643
