run,depth,regime,role,step,checkpoint,baseline_full_accuracy,family,intervention,retained_pair_count,intervention_accuracy
subtraction_depth1_muon,1,muon,first_generalized,9000,checkpoints/subtraction_depth_1_muon_seed_0/step_009000.pt,0.965149998664856,addition,sufficiency,56,0.008849557489156723
subtraction_depth1_muon,1,muon,first_generalized,9000,checkpoints/subtraction_depth_1_muon_seed_0/step_009000.pt,0.965149998664856,addition,ablation,6328,0.987078070640564
subtraction_depth1_muon,1,muon,first_generalized,9000,checkpoints/subtraction_depth_1_muon_seed_0/step_009000.pt,0.965149998664856,subtraction,sufficiency,56,1.0
subtraction_depth1_muon,1,muon,first_generalized,9000,checkpoints/subtraction_depth_1_muon_seed_0/step_009000.pt,0.965149998664856,subtraction,ablation,6328,0.07291095703840256
subtraction_depth1_muon,1,muon,first_generalized,9000,checkpoints/subtraction_depth_1_muon_seed_0/step_009000.pt,0.965149998664856,a_only,sufficiency,56,0.008849557489156723
subtraction_depth1_muon,1,muon,first_generalized,9000,checkpoints/subtraction_depth_1_muon_seed_0/step_009000.pt,0.965149998664856,a_only,ablation,6328,0.9927950501441956
subtraction_depth1_muon,1,muon,first_generalized,9000,checkpoints/subtraction_depth_1_muon_seed_0/step_009000.pt,0.965149998664856,b_only,sufficiency,56,0.008849557489156723
subtraction_depth1_muon,1,muon,first_generalized,9000,checkpoints/subtraction_depth_1_muon_seed_0/step_009000.pt,0.965149998664856,b_only,ablation,6328,0.9917769432067871
subtraction_depth1_muon,1,muon,first_generalized,9000,checkpoints/subtraction_depth_1_muon_seed_0/step_009000.pt,0.965149998664856,generic_interaction,sufficiency,6160,0.06586263328790665
subtraction_depth1_muon,1,muon,first_generalized,9000,checkpoints/subtraction_depth_1_muon_seed_0/step_009000.pt,0.965149998664856,generic_interaction,ablation,224,0.9866082072257996
subtraction_depth1_muon,1,muon,first_generalized,9000,checkpoints/subtraction_depth_1_muon_seed_0/step_009000.pt,0.965149998664856,all_non_addition,sufficiency,6328,0.987078070640564
subtraction_depth1_muon,1,muon,first_generalized,9000,checkpoints/subtraction_depth_1_muon_seed_0/step_009000.pt,0.965149998664856,dc_only,sufficiency,0,0.008849557489156723
subtraction_depth1_muon,1,muon,minimum_after_first_generalized,17000,checkpoints/subtraction_depth_1_muon_seed_0/step_017000.pt,0.8509671688079834,addition,sufficiency,56,0.008849557489156723
subtraction_depth1_muon,1,muon,minimum_after_first_generalized,17000,checkpoints/subtraction_depth_1_muon_seed_0/step_017000.pt,0.8509671688079834,addition,ablation,6328,0.8660035729408264
subtraction_depth1_muon,1,muon,minimum_after_first_generalized,17000,checkpoints/subtraction_depth_1_muon_seed_0/step_017000.pt,0.8509671688079834,subtraction,sufficiency,56,0.9292035102844238
subtraction_depth1_muon,1,muon,minimum_after_first_generalized,17000,checkpoints/subtraction_depth_1_muon_seed_0/step_017000.pt,0.8509671688079834,subtraction,ablation,6328,0.009319445118308067
subtraction_depth1_muon,1,muon,minimum_after_first_generalized,17000,checkpoints/subtraction_depth_1_muon_seed_0/step_017000.pt,0.8509671688079834,a_only,sufficiency,56,0.008849557489156723
subtraction_depth1_muon,1,muon,minimum_after_first_generalized,17000,checkpoints/subtraction_depth_1_muon_seed_0/step_017000.pt,0.8509671688079834,a_only,ablation,6328,0.8816665410995483
subtraction_depth1_muon,1,muon,minimum_after_first_generalized,17000,checkpoints/subtraction_depth_1_muon_seed_0/step_017000.pt,0.8509671688079834,b_only,sufficiency,56,0.008849557489156723
subtraction_depth1_muon,1,muon,minimum_after_first_generalized,17000,checkpoints/subtraction_depth_1_muon_seed_0/step_017000.pt,0.8509671688079834,b_only,ablation,6328,0.8844075202941895
subtraction_depth1_muon,1,muon,minimum_after_first_generalized,17000,checkpoints/subtraction_depth_1_muon_seed_0/step_017000.pt,0.8509671688079834,generic_interaction,sufficiency,6160,0.01182551495730877
subtraction_depth1_muon,1,muon,minimum_after_first_generalized,17000,checkpoints/subtraction_depth_1_muon_seed_0/step_017000.pt,0.8509671688079834,generic_interaction,ablation,224,0.8834677934646606
subtraction_depth1_muon,1,muon,minimum_after_first_generalized,17000,checkpoints/subtraction_depth_1_muon_seed_0/step_017000.pt,0.8509671688079834,all_non_addition,sufficiency,6328,0.8660035729408264
subtraction_depth1_muon,1,muon,minimum_after_first_generalized,17000,checkpoints/subtraction_depth_1_muon_seed_0/step_017000.pt,0.8509671688079834,dc_only,sufficiency,0,0.008849557489156723
subtraction_depth1_muon,1,muon,maximum_accuracy_reference,100000,checkpoints/subtraction_depth_1_muon_seed_0/step_100000.pt,1.0,addition,sufficiency,56,0.008849557489156723
subtraction_depth1_muon,1,muon,maximum_accuracy_reference,100000,checkpoints/subtraction_depth_1_muon_seed_0/step_100000.pt,1.0,addition,ablation,6328,1.0
subtraction_depth1_muon,1,muon,maximum_accuracy_reference,100000,checkpoints/subtraction_depth_1_muon_seed_0/step_100000.pt,1.0,subtraction,sufficiency,56,1.0
subtraction_depth1_muon,1,muon,maximum_accuracy_reference,100000,checkpoints/subtraction_depth_1_muon_seed_0/step_100000.pt,1.0,subtraction,ablation,6328,0.011982143856585026
subtraction_depth1_muon,1,muon,maximum_accuracy_reference,100000,checkpoints/subtraction_depth_1_muon_seed_0/step_100000.pt,1.0,a_only,sufficiency,56,0.008849557489156723
subtraction_depth1_muon,1,muon,maximum_accuracy_reference,100000,checkpoints/subtraction_depth_1_muon_seed_0/step_100000.pt,1.0,a_only,ablation,6328,1.0
subtraction_depth1_muon,1,muon,maximum_accuracy_reference,100000,checkpoints/subtraction_depth_1_muon_seed_0/step_100000.pt,1.0,b_only,sufficiency,56,0.008849557489156723
subtraction_depth1_muon,1,muon,maximum_accuracy_reference,100000,checkpoints/subtraction_depth_1_muon_seed_0/step_100000.pt,1.0,b_only,ablation,6328,1.0
subtraction_depth1_muon,1,muon,maximum_accuracy_reference,100000,checkpoints/subtraction_depth_1_muon_seed_0/step_100000.pt,1.0,generic_interaction,sufficiency,6160,0.011433941312134266
subtraction_depth1_muon,1,muon,maximum_accuracy_reference,100000,checkpoints/subtraction_depth_1_muon_seed_0/step_100000.pt,1.0,generic_interaction,ablation,224,1.0
subtraction_depth1_muon,1,muon,maximum_accuracy_reference,100000,checkpoints/subtraction_depth_1_muon_seed_0/step_100000.pt,1.0,all_non_addition,sufficiency,6328,1.0
subtraction_depth1_muon,1,muon,maximum_accuracy_reference,100000,checkpoints/subtraction_depth_1_muon_seed_0/step_100000.pt,1.0,dc_only,sufficiency,0,0.008849557489156723
subtraction_depth1_adamw,1,adamw,maximum_accuracy_reference,9000,checkpoints/subtraction_depth_1_adamw_seed_0/step_009000.pt,1.0,addition,sufficiency,56,0.008849557489156723
subtraction_depth1_adamw,1,adamw,maximum_accuracy_reference,9000,checkpoints/subtraction_depth_1_adamw_seed_0/step_009000.pt,1.0,addition,ablation,6328,1.0
subtraction_depth1_adamw,1,adamw,maximum_accuracy_reference,9000,checkpoints/subtraction_depth_1_adamw_seed_0/step_009000.pt,1.0,subtraction,sufficiency,56,1.0
subtraction_depth1_adamw,1,adamw,maximum_accuracy_reference,9000,checkpoints/subtraction_depth_1_adamw_seed_0/step_009000.pt,1.0,subtraction,ablation,6328,0.008692928589880466
subtraction_depth1_adamw,1,adamw,maximum_accuracy_reference,9000,checkpoints/subtraction_depth_1_adamw_seed_0/step_009000.pt,1.0,a_only,sufficiency,56,0.008849557489156723
subtraction_depth1_adamw,1,adamw,maximum_accuracy_reference,9000,checkpoints/subtraction_depth_1_adamw_seed_0/step_009000.pt,1.0,a_only,ablation,6328,1.0
subtraction_depth1_adamw,1,adamw,maximum_accuracy_reference,9000,checkpoints/subtraction_depth_1_adamw_seed_0/step_009000.pt,1.0,b_only,sufficiency,56,0.008849557489156723
subtraction_depth1_adamw,1,adamw,maximum_accuracy_reference,9000,checkpoints/subtraction_depth_1_adamw_seed_0/step_009000.pt,1.0,b_only,ablation,6328,1.0
subtraction_depth1_adamw,1,adamw,maximum_accuracy_reference,9000,checkpoints/subtraction_depth_1_adamw_seed_0/step_009000.pt,1.0,generic_interaction,sufficiency,6160,0.008849557489156723
subtraction_depth1_adamw,1,adamw,maximum_accuracy_reference,9000,checkpoints/subtraction_depth_1_adamw_seed_0/step_009000.pt,1.0,generic_interaction,ablation,224,1.0
subtraction_depth1_adamw,1,adamw,maximum_accuracy_reference,9000,checkpoints/subtraction_depth_1_adamw_seed_0/step_009000.pt,1.0,all_non_addition,sufficiency,6328,1.0
subtraction_depth1_adamw,1,adamw,maximum_accuracy_reference,9000,checkpoints/subtraction_depth_1_adamw_seed_0/step_009000.pt,1.0,dc_only,sufficiency,0,0.008849557489156723
subtraction_depth1_adamw,1,adamw,final,100000,checkpoints/subtraction_depth_1_adamw_seed_0/step_100000.pt,1.0,addition,sufficiency,56,0.008849557489156723
subtraction_depth1_adamw,1,adamw,final,100000,checkpoints/subtraction_depth_1_adamw_seed_0/step_100000.pt,1.0,addition,ablation,6328,1.0
subtraction_depth1_adamw,1,adamw,final,100000,checkpoints/subtraction_depth_1_adamw_seed_0/step_100000.pt,1.0,subtraction,sufficiency,56,1.0
subtraction_depth1_adamw,1,adamw,final,100000,checkpoints/subtraction_depth_1_adamw_seed_0/step_100000.pt,1.0,subtraction,ablation,6328,0.008066411130130291
subtraction_depth1_adamw,1,adamw,final,100000,checkpoints/subtraction_depth_1_adamw_seed_0/step_100000.pt,1.0,a_only,sufficiency,56,0.008849557489156723
subtraction_depth1_adamw,1,adamw,final,100000,checkpoints/subtraction_depth_1_adamw_seed_0/step_100000.pt,1.0,a_only,ablation,6328,1.0
subtraction_depth1_adamw,1,adamw,final,100000,checkpoints/subtraction_depth_1_adamw_seed_0/step_100000.pt,1.0,b_only,sufficiency,56,0.008849557489156723
subtraction_depth1_adamw,1,adamw,final,100000,checkpoints/subtraction_depth_1_adamw_seed_0/step_100000.pt,1.0,b_only,ablation,6328,1.0
subtraction_depth1_adamw,1,adamw,final,100000,checkpoints/subtraction_depth_1_adamw_seed_0/step_100000.pt,1.0,generic_interaction,sufficiency,6160,0.00916281621903181
subtraction_depth1_adamw,1,adamw,final,100000,checkpoints/subtraction_depth_1_adamw_seed_0/step_100000.pt,1.0,generic_interaction,ablation,224,1.0
subtraction_depth1_adamw,1,adamw,final,100000,checkpoints/subtraction_depth_1_adamw_seed_0/step_100000.pt,1.0,all_non_addition,sufficiency,6328,1.0
subtraction_depth1_adamw,1,adamw,final,100000,checkpoints/subtraction_depth_1_adamw_seed_0/step_100000.pt,1.0,dc_only,sufficiency,0,0.008849557489156723
