local_step,step,train_accuracy,train_loss,heldout_measured,test_accuracy,test_cross_entropy,test_minimum_margin,test_centered_healthy_logit_relative_error,elapsed_seconds
0,16056,1.0,2.22445100916957e-06,True,0.9998881306633851,0.0023005512987760075,-0.107269287109375,0.36301588645104754,0.03449924988672137
1,16057,0.9989556135770234,0.004911391530185938,False,,,,,0.22587158298119903
2,16058,0.2838120104438642,38.03324890136719,True,0.2361561695939143,40.095988589039045,-105.51910400390625,9.44299461242606,0.3140722077805549
3,16059,0.1898172323759791,40.295623779296875,True,0.17585859715851884,41.666902801333414,-91.64193725585938,8.260495581903022,0.5269468748010695
4,16060,0.3360313315926893,36.93519973754883,True,0.30529141962188167,38.39223369676202,-161.48049926757812,11.980294393668684,0.7468956660013646
5,16061,0.5172323759791123,41.45989227294922,True,0.44333818100458666,43.20002846107934,-218.05003356933594,17.548921728060705,0.969417457934469
6,16062,0.4676240208877285,51.845035552978516,True,0.41760823358317484,54.55174018367881,-256.02239990234375,21.184324675770622,1.1251542908139527
7,16063,0.48120104438642297,56.30912780761719,True,0.38225752321288736,60.28091027742101,-273.0158920288086,22.413027938984904,1.3602547079790384
8,16064,0.43838120104438644,56.37141036987305,True,0.34768989819890367,61.370008944010564,-276.23413467407227,21.82803476250638,1.5944242908153683
9,16065,0.5054830287206267,47.704345703125,True,0.4210761830182347,52.40571834689486,-261.9662322998047,20.150379515087035,1.8215554577764124
10,16066,0.5723237597911227,35.16094970703125,True,0.5013983667076855,39.59260451962798,-226.6256866455078,17.396219990575243,2.0557716249022633
11,16067,0.6616187989556136,22.16312026977539,True,0.5963754334936794,26.23463182554365,-191.1423625946045,14.03207458106498,2.2836374999023974
12,16068,0.7065274151436032,11.64892292022705,True,0.6350822239624119,15.694906485093034,-154.53038120269775,10.421726451221087,2.511972540989518
13,16069,0.7866840731070496,4.474905490875244,True,0.65656113659246,8.361978992609659,-113.72908115386963,7.497596140477707,2.7425613747909665
14,16070,0.8245430809399478,2.3207311630249023,True,0.6703210649960846,5.8083779896984336,-83.03825521469116,6.596049417681294,2.973516457946971
15,16071,0.7697127937336815,3.9058048725128174,True,0.6243427676473878,8.091419081572873,-99.44477367401123,7.534187395691581,3.1846043749246746
16,16072,0.7887728459530026,3.2608559131622314,True,0.6325092292202708,7.9250579828701495,-104.54286575317383,8.211684816724699,3.3749125828035176
17,16073,0.8971279373368146,1.3066235780715942,True,0.7355408882425327,4.918073718341923,-90.7351188659668,8.26774571837612,3.5948842908255756
18,16074,0.9634464751958225,0.40096694231033325,False,,,,,3.7627596659585834
19,16075,0.9872062663185378,0.11942755430936813,False,,,,,3.8372781658545136
20,16076,0.9942558746736292,0.03960427641868591,True,0.9305291419621882,0.9840798017980418,-67.16115474700928,7.932514541463269,3.911459249909967
21,16077,0.9955613577023499,0.03260374814271927,False,,,,,4.133550415979698
22,16078,0.9945169712793733,0.04337909445166588,False,,,,,4.236707832897082
23,16079,0.9906005221932115,0.055171288549900055,False,,,,,4.348623625002801
24,16080,0.9866840731070496,0.07360586524009705,False,,,,,4.446378749795258
25,16081,0.9861618798955614,0.09275956451892853,False,,,,,4.52117249998264
26,16082,0.9859007832898172,0.07862930744886398,False,,,,,4.596087249927223
27,16083,0.9919060052219321,0.04784888029098511,False,,,,,4.670329665997997
28,16084,0.9947780678851175,0.027755318209528923,False,,,,,4.74805291579105
29,16085,0.9955613577023499,0.016787927597761154,False,,,,,4.822937207994983
30,16086,0.9971279373368146,0.007852858863770962,True,0.9014431144423314,1.5581695844088996,-81.60551834106445,9.625666168606902,4.901284082792699
31,16087,0.9992167101827676,0.0028047922533005476,False,,,,,5.113216165918857
32,16088,0.9994778067885117,0.0013614195631816983,False,,,,,5.219078082824126
33,16089,0.9992167101827676,0.002468778984621167,False,,,,,5.321388790849596
34,16090,0.9992167101827676,0.002279984299093485,False,,,,,5.414610999869183
35,16091,0.9997389033942559,0.000910863047465682,False,,,,,5.507080040872097
36,16092,1.0,0.0006362753338180482,False,,,,,5.6068062908016145
37,16093,0.9997389033942559,0.0008648896473459899,False,,,,,5.704113749787211
38,16094,1.0,0.0004228199541103095,False,,,,,5.811485499842092
39,16095,1.0,0.0002588230709079653,False,,,,,5.92098454083316
40,16096,1.0,0.00027007414610125124,True,0.9188947309542455,1.264915136459005,-72.4816837310791,9.579180110869023,6.0286409999243915
41,16097,1.0,0.0002814414328895509,False,,,,,6.265642415964976
42,16098,1.0,0.0002605353365652263,False,,,,,6.369322249898687
43,16099,1.0,0.0002840812085196376,False,,,,,6.477227333001792
44,16100,1.0,0.00028665323043242097,False,,,,,6.581150540849194
45,16101,1.0,0.00036102524609304965,False,,,,,6.690590415848419
46,16102,0.9997389033942559,0.0007098076748661697,False,,,,,6.799487582873553
47,16103,1.0,0.00048181405873037875,False,,,,,6.903856665827334
48,16104,1.0,0.0003972099511884153,False,,,,,7.006738999858499
49,16105,1.0,0.00030241766944527626,False,,,,,7.114203125005588
50,16106,1.0,0.00036268404801376164,True,0.9253831524779058,1.1461118938295523,-76.13963508605957,9.195395723661276,7.222338707884774
51,16107,1.0,0.00045970658538863063,False,,,,,7.45991616579704
52,16108,1.0,0.00044307493953965604,False,,,,,7.570461957948282
53,16109,1.0,0.00043727143201977015,False,,,,,7.69003054080531
54,16110,1.0,0.00033437571255490184,False,,,,,7.812795749865472
55,16111,1.0,0.0003785756998695433,False,,,,,7.918551082955673
56,16112,1.0,0.0003500698076095432,False,,,,,8.030867165885866
57,16113,1.0,0.0003001187287736684,False,,,,,8.137313999934122
58,16114,1.0,0.00023318840248975903,False,,,,,8.253463582834229
59,16115,1.0,0.0002195195120293647,False,,,,,8.366549665806815
60,16116,1.0,0.00021500505681615323,True,0.9195659469739345,1.228764057540863,-75.20532035827637,8.832213798790596,8.473787957802415
61,16117,1.0,0.00022048380924388766,False,,,,,8.706486665876582
62,16118,1.0,0.00026817937032319605,False,,,,,8.815817290917039
63,16119,1.0,0.00026066432474181056,False,,,,,8.922858082922176
64,16120,1.0,0.00023917880025692284,False,,,,,9.02970387483947
65,16121,1.0,0.0002216871944256127,False,,,,,9.139982707798481
66,16122,1.0,0.00020140032575000077,False,,,,,9.245396749814972
67,16123,1.0,0.0002154538087779656,False,,,,,9.349361083004624
68,16124,1.0,0.0002537308319006115,False,,,,,9.454499457962811
69,16125,1.0,0.00027792633045464754,False,,,,,9.55870662489906
70,16126,1.0,0.00030234450241550803,True,0.9065891039266137,1.4579502936008053,-76.41473484039307,8.55050337105467,9.669551874976605
71,16127,1.0,0.00028085452504456043,False,,,,,9.9137452498544
72,16128,1.0,0.0002437031944282353,False,,,,,10.023603999987245
73,16129,1.0,0.0002404006227152422,False,,,,,10.12557699996978
74,16130,1.0,0.000284854497294873,False,,,,,10.242368290899321
75,16131,1.0,0.0002733115979935974,False,,,,,10.344796665944159
76,16132,1.0,0.00025272060884162784,False,,,,,10.455518665956333
77,16133,1.0,0.0002327965194126591,False,,,,,10.563186457846314
78,16134,1.0,0.00020289541862439364,False,,,,,10.67131599993445
79,16135,1.0,0.00017677350842859596,False,,,,,10.786071582930163
80,16136,1.0,0.0001579688978381455,True,0.892941044859604,1.7002455413334085,-82.61401557922363,8.28756021393135,10.887644874863327
81,16137,1.0,0.0001492094452260062,False,,,,,11.10848083300516
82,16138,1.0,0.00014535713125951588,False,,,,,11.208138499874622
83,16139,1.0,0.00014092723722569644,False,,,,,11.280456082895398
84,16140,1.0,0.00014952081255614758,False,,,,,11.35789958294481
85,16141,1.0,0.00015167737728916109,False,,,,,11.446751874871552
86,16142,1.0,0.0001331635721726343,False,,,,,11.546395749785006
87,16143,1.0,0.00011725794320227578,False,,,,,11.633527332916856
88,16144,1.0,0.00011178581917192787,False,,,,,11.724262040806934
89,16145,1.0,0.0001074797473847866,False,,,,,11.811812957981601
90,16146,1.0,0.00010156346979783848,True,0.8819778498713503,1.8429570645128006,-85.86357164382935,7.974551108307094,11.902783749857917
91,16147,1.0,9.957083966583014e-05,False,,,,,12.102730749873444
92,16148,1.0,9.416745888302103e-05,False,,,,,12.20193816581741
93,16149,1.0,8.698429155629128e-05,False,,,,,12.309119124896824
94,16150,1.0,7.853893475839868e-05,False,,,,,12.399432040983811
95,16151,1.0,7.5298230512999e-05,False,,,,,12.488566540880129
96,16152,1.0,7.353329419856891e-05,False,,,,,12.584546874975786
97,16153,1.0,7.359830487985164e-05,False,,,,,12.680634540971369
98,16154,1.0,7.364659541053697e-05,False,,,,,12.783779457909986
99,16155,1.0,7.223349530249834e-05,False,,,,,12.88853345788084
100,16156,1.0,6.826097524026409e-05,True,0.873363910952008,1.9128283380747508,-82.65566444396973,7.6374895598949735,12.98721541580744
101,16157,1.0,6.427456537494436e-05,False,,,,,13.177440790925175
102,16158,1.0,6.292103353189304e-05,False,,,,,13.27236129087396
103,16159,1.0,6.151723209768534e-05,False,,,,,13.366643582936376
104,16160,1.0,5.713989958167076e-05,False,,,,,13.462083915947005
105,16161,1.0,5.301266355672851e-05,False,,,,,13.566254999954253
106,16162,1.0,5.0947335694218054e-05,False,,,,,13.664810999995098
107,16163,1.0,5.1332135626580566e-05,False,,,,,13.767395874951035
108,16164,1.0,5.245309148449451e-05,False,,,,,13.861890374915674
109,16165,1.0,5.401841553975828e-05,False,,,,,13.960261999862269
110,16166,1.0,5.426158895716071e-05,True,0.8644143640228213,1.960713310227379,-77.85291171073914,7.303997765524566,14.049456874839962
111,16167,1.0,5.4241558245848864e-05,False,,,,,14.257924874778837
112,16168,1.0,5.588198109762743e-05,False,,,,,14.36175874993205
113,16169,1.0,5.617955685011111e-05,False,,,,,14.476833707885817
114,16170,1.0,5.146495459484868e-05,False,,,,,14.594165082788095
115,16171,1.0,4.4985779823036864e-05,False,,,,,14.710013499949127
116,16172,1.0,4.017325773020275e-05,False,,,,,14.820124165853485
117,16173,1.0,3.678456414490938e-05,False,,,,,14.931021915981546
118,16174,1.0,3.4332795621594414e-05,False,,,,,15.039468124974519
119,16175,1.0,3.253938484704122e-05,False,,,,,15.137211499968544
120,16176,1.0,3.150148768327199e-05,True,0.8580378118357758,2.0069391665883516,-71.34804153442383,6.96485269839336,15.238015415845439
121,16177,1.0,3.066539647988975e-05,False,,,,,15.462347165914252
122,16178,1.0,2.8906340958201326e-05,False,,,,,15.570563832996413
123,16179,1.0,2.7268653866485693e-05,False,,,,,15.677970707882196
124,16180,1.0,2.5506835299893282e-05,False,,,,,15.792456999886781
125,16181,1.0,2.3882728783064522e-05,False,,,,,15.904353957856074
126,16182,1.0,2.257527012261562e-05,False,,,,,16.007904749829322
127,16183,1.0,2.18139830394648e-05,False,,,,,16.114258082816377
128,16184,1.0,2.0244269762770273e-05,False,,,,,16.222952999873087
129,16185,1.0,1.8401424313196912e-05,False,,,,,16.332344624912366
130,16186,1.0,1.719706597214099e-05,True,0.8476339635305963,2.034536586895242,-62.20978832244873,6.632389146082909,16.44115295796655
131,16187,1.0,1.686928590061143e-05,False,,,,,16.66136062494479
132,16188,1.0,1.7144511730293743e-05,False,,,,,16.767366249812767
133,16189,1.0,1.7640071746427566e-05,False,,,,,16.87404341599904
134,16190,1.0,1.798655830498319e-05,False,,,,,16.98230795795098
135,16191,1.0,1.797904224076774e-05,False,,,,,17.09266454097815
136,16192,1.0,1.7577092876308598e-05,False,,,,,17.203971415990964
137,16193,1.0,1.6922860595514067e-05,False,,,,,17.310854707844555
138,16194,1.0,1.624361175345257e-05,False,,,,,17.422778290929273
139,16195,1.0,1.5575680663459934e-05,False,,,,,17.53570883278735
140,16196,1.0,1.4788000953558367e-05,True,0.8424879740463139,2.0496446080173722,-56.75150489807129,6.315439836479591,17.642726665828377
141,16197,1.0,1.37651159093366e-05,False,,,,,17.868591665988788
142,16198,1.0,1.2681171028816607e-05,False,,,,,17.969664624892175
143,16199,1.0,1.1843194442917593e-05,False,,,,,18.07328345789574
144,16200,1.0,1.117089868785115e-05,False,,,,,18.17961320793256
145,16201,1.0,1.0542852578510065e-05,False,,,,,18.289634165819734
146,16202,1.0,9.891591616906226e-06,False,,,,,18.395161374937743
147,16203,1.0,9.165500159724616e-06,False,,,,,18.50942724989727
148,16204,1.0,8.334928679687437e-06,False,,,,,18.615584124810994
149,16205,1.0,7.581482805107953e-06,False,,,,,18.715971332974732
150,16206,1.0,6.991979716985952e-06,True,0.8358876831860387,2.016130381253222,-55.59792232513428,6.007684264546079,18.7938723328989
151,16207,1.0,6.517695055663353e-06,False,,,,,18.959835624787956
152,16208,1.0,6.1221549003676046e-06,False,,,,,19.036637457786128
153,16209,1.0,5.81878066441277e-06,False,,,,,19.11475337482989
154,16210,1.0,5.637929007207276e-06,False,,,,,19.190389624796808
155,16211,1.0,5.538249297387665e-06,False,,,,,19.265246832976118
156,16212,1.0,5.473364581121132e-06,False,,,,,19.336685874965042
157,16213,1.0,5.413807684817584e-06,False,,,,,19.418044624850154
158,16214,1.0,5.335925834515365e-06,False,,,,,19.522777915932238
159,16215,1.0,5.244132808002178e-06,False,,,,,19.6312722498551
160,16216,1.0,5.15687452207203e-06,True,0.8358876831860387,1.9689737298196008,-55.66680645942688,5.718052580652083,19.734806790947914
161,16217,1.0,5.081017206975957e-06,False,,,,,19.945577249862254
162,16218,1.0,4.967097993358038e-06,False,,,,,20.05340562481433
163,16219,1.0,4.783176791534061e-06,False,,,,,20.1544502498582
164,16220,1.0,4.573576916300226e-06,False,,,,,20.245754832867533
165,16221,1.0,4.3499981075001415e-06,False,,,,,20.325578624848276
166,16222,1.0,4.102456841792446e-06,False,,,,,20.406906874850392
167,16223,1.0,3.850027496810071e-06,False,,,,,20.487872124882415
168,16224,1.0,3.5977502648165682e-06,False,,,,,20.56954833283089
169,16225,1.0,3.342983291076962e-06,False,,,,,20.654740624828264
170,16226,1.0,3.098423576375353e-06,True,0.8375657232352612,1.9062005832427267,-53.69197154045105,5.445150923414029,20.76140183280222
171,16227,1.0,2.8801612188544823e-06,False,,,,,20.954627415863797
172,16228,1.0,2.69444990408374e-06,False,,,,,21.051139290910214
173,16229,1.0,2.5313629521406256e-06,False,,,,,21.15192799991928
174,16230,1.0,2.3827490167604992e-06,False,,,,,21.238707957789302
175,16231,1.0,2.2461813387053553e-06,False,,,,,21.331868374953046
176,16232,1.0,2.123711510648718e-06,False,,,,,21.425608832854778
177,16233,1.0,2.017984797930694e-06,False,,,,,21.503527874825522
178,16234,1.0,1.925111519085476e-06,False,,,,,21.57932133297436
179,16235,1.0,1.840766117311432e-06,False,,,,,21.670294457813725
180,16236,1.0,1.7664418692220352e-06,True,0.8384606779281799,1.8290215145618547,-50.46442413330078,5.1917293741400865,21.75765237491578
181,16237,1.0,1.699555582490575e-06,False,,,,,21.92555479099974
182,16238,1.0,1.6309891179844271e-06,False,,,,,22.01074712490663
183,16239,1.0,1.560867190164572e-06,False,,,,,22.097886082949117
184,16240,1.0,1.4923631397323334e-06,False,,,,,22.18373204092495
185,16241,1.0,1.425819618816604e-06,False,,,,,22.26903516589664
186,16242,1.0,1.355385620627203e-06,False,,,,,22.354299374856055
187,16243,1.0,1.2859480875704321e-06,False,,,,,22.439316665986553
188,16244,1.0,1.2235448139108485e-06,False,,,,,22.525209332816303
189,16245,1.0,1.1746170685000834e-06,False,,,,,22.609812665963545
190,16246,1.0,1.1354622984072194e-06,True,0.8391318939478689,1.7428872161455584,-48.56972551345825,4.957132197618782,22.69511858280748
191,16247,1.0,1.0982681715177023e-06,False,,,,,22.863610832951963
192,16248,1.0,1.0609184073473443e-06,False,,,,,22.948352499864995
193,16249,1.0,1.0201451914326753e-06,False,,,,,23.03269433300011
194,16250,1.0,9.764777360032895e-07,False,,,,,23.11772354086861
195,16251,1.0,9.295735026171315e-07,False,,,,,23.203024457907304
196,16252,1.0,8.858129376676516e-07,False,,,,,23.28830958297476
197,16253,1.0,8.443556112069928e-07,False,,,,,23.37412045779638
198,16254,1.0,8.051700319811061e-07,False,,,,,23.460934082977474
199,16255,1.0,7.703417281845759e-07,False,,,,,23.548681582789868
200,16256,1.0,7.356067044383963e-07,True,0.8415930193533953,1.6494553327692365,-47.88800287246704,4.741685395950432,23.634408082813025
201,16257,1.0,7.032995767985994e-07,False,,,,,23.80562145798467
202,16258,1.0,6.72921885325195e-07,False,,,,,23.891867665806785
203,16259,1.0,6.471817073361308e-07,False,,,,,23.994927540887147
204,16260,1.0,6.23589016868209e-07,False,,,,,24.097368999850005
205,16261,1.0,5.990936529087776e-07,False,,,,,24.1969222498592
206,16262,1.0,5.728243195335381e-07,False,,,,,24.295780415879562
207,16263,1.0,5.436603487396496e-07,False,,,,,24.391724832821637
208,16264,1.0,5.121620461068233e-07,False,,,,,24.49138716585003
209,16265,1.0,4.812239353668701e-07,False,,,,,24.594026082893834
210,16266,1.0,4.533671926765237e-07,True,0.8448372301152254,1.550487111697569,-45.86369466781616,4.5438037448444835,24.702221665997058
211,16267,1.0,4.2781368847499834e-07,False,,,,,24.923630874836817
212,16268,1.0,4.060885032686201e-07,False,,,,,25.00203533284366
213,16269,1.0,3.8523481293850637e-07,False,,,,,25.076208165846765
214,16270,1.0,3.63571757588943e-07,False,,,,,25.1552471248433
215,16271,1.0,3.4240676427543804e-07,False,,,,,25.23987524979748
216,16272,1.0,3.20152452104594e-07,False,,,,,25.345911082811654
217,16273,1.0,2.999834691763681e-07,False,,,,,25.448787207948044
218,16274,1.0,2.8214881808708014e-07,False,,,,,25.558361749863252
219,16275,1.0,2.6646182504919125e-07,False,,,,,25.673405832843855
220,16276,1.0,2.53731656130185e-07,True,0.8458440541447589,1.4539347226393466,-43.11253499984741,4.359266288697159,25.78611591598019
221,16277,1.0,2.4224655703619646e-07,False,,,,,25.959166374988854
222,16278,1.0,2.3262890636033262e-07,False,,,,,26.03639341588132
223,16279,1.0,2.2363379059697763e-07,False,,,,,26.138520582811907
224,16280,1.0,2.1719090170790878e-07,False,,,,,26.25088783283718
225,16281,1.0,2.1121485360708903e-07,False,,,,,26.360179582843557
226,16282,1.0,2.0601697769961902e-07,False,,,,,26.45935129094869
227,16283,1.0,1.985158348816185e-07,False,,,,,26.568853832781315
228,16284,1.0,1.8970744974922127e-07,False,,,,,26.67951912479475
229,16285,1.0,1.8055668249417067e-07,False,,,,,26.78689495800063
230,16286,1.0,1.7125030637998861e-07,True,0.8490882649065891,1.3567778035054552,-40.84179759025574,4.189401182339243,26.86732849990949
231,16287,1.0,1.6331341612385586e-07,False,,,,,27.050146166002378
232,16288,1.0,1.5590565283218893e-07,False,,,,,27.1271962497849
233,16289,1.0,1.484978753296673e-07,False,,,,,27.203805207973346
234,16290,1.0,1.4221063793229405e-07,False,,,,,27.281581124989316
235,16291,1.0,1.3455384362259792e-07,False,,,,,27.35851008282043
236,16292,1.0,1.2608782640199934e-07,False,,,,,27.437033540802076
237,16293,1.0,1.1762179497054603e-07,False,,,,,27.51515012490563
238,16294,1.0,1.104319267142273e-07,False,,,,,27.60010724980384
239,16295,1.0,1.0258840177357342e-07,False,,,,,27.68579762498848
240,16296,1.0,9.602101158634468e-08,True,0.855912294440094,1.26107458032846,-39.96488976478577,4.036019093202665,27.78259866591543
241,16297,1.0,9.01383643281406e-08,False,,,,,27.965888207778335
242,16298,1.0,8.562523134969524e-08,False,,,,,28.047034124843776
243,16299,1.0,8.173459775662195e-08,False,,,,,28.12819533282891
244,16300,1.0,7.806182367176007e-08,False,,,,,28.206944290781394
245,16301,1.0,7.566519144575068e-08,False,,,,,28.288086415966973
246,16302,1.0,7.286393355343534e-08,False,,,,,28.36612187488936
247,16303,1.0,7.049842309925225e-08,False,,,,,28.447098957840353
248,16304,1.0,6.894216397768105e-08,False,,,,,28.525929082883522
249,16305,1.0,6.716803113704373e-08,False,,,,,28.603622124996036
250,16306,1.0,6.464689761287445e-08,True,0.8591565052019241,1.1732881844508551,-39.3770112991333,3.8990824508995496,28.68735958286561
251,16307,1.0,6.23436378077713e-08,False,,,,,28.855505457846448
252,16308,1.0,5.985362605542832e-08,False,,,,,28.94392691599205
253,16309,1.0,5.789275192569221e-08,False,,,,,29.01996749988757
254,16310,1.0,5.552724502422279e-08,False,,,,,29.09906229097396
255,16311,1.0,5.2850481324639986e-08,False,,,,,29.182592957979068
256,16312,1.0,5.076509879131663e-08,False,,,,,29.264540665782988
257,16313,1.0,4.8866464652519426e-08,False,,,,,29.349426832981408
258,16314,1.0,4.706121004005581e-08,False,,,,,29.424113457789645
259,16315,1.0,4.49758204013051e-08,False,,,,,29.498181249946356
260,16316,1.0,4.326393820974772e-08,True,0.868665398814185,1.0873989381873577,-38.383973360061646,3.7712586858139256,29.579915082780644
261,16317,1.0,4.05560562910523e-08,False,,,,,29.754254832863808
262,16318,1.0,3.828391825777544e-08,False,,,,,29.829251957824454
263,16319,1.0,3.6665412039837975e-08,False,,,,,29.909159374888986
264,16320,1.0,3.4642276602880884e-08,False,,,,,29.98830520780757
265,16321,1.0,3.249464342047759e-08,False,,,,,30.063213707879186
266,16322,1.0,3.081388655346018e-08,False,,,,,30.144868165953085
267,16323,1.0,2.913312968644277e-08,False,,,,,30.217984332935885
268,16324,1.0,2.757687234122841e-08,False,,,,,30.293545540887862
269,16325,1.0,2.5958366123290944e-08,False,,,,,30.374297957867384
270,16326,1.0,2.4931235742542412e-08,True,0.876831860387068,0.994440115539443,-38.40498208999634,3.649101745075229,30.455262790899724
271,16327,1.0,2.3032601603745206e-08,False,,,,,30.62719470798038
272,16328,1.0,2.110284391676487e-08,False,,,,,30.71318379091099
273,16329,1.0,1.988896336513335e-08,False,,,,,30.80001354077831
274,16330,1.0,1.8270455370839045e-08,False,,,,,30.878295665839687
275,16331,1.0,1.743007693733034e-08,False,,,,,30.957161124795675
276,16332,1.0,1.6340697683858707e-08,False,,,,,31.038663915824145
277,16333,1.0,1.5531444574889974e-08,False,,,,,31.119505832903087
278,16334,1.0,1.4099687639657077e-08,False,,,,,31.195432499982417
279,16335,1.0,1.3321558967049896e-08,False,,,,,31.27435441594571
280,16336,1.0,1.220105438903829e-08,True,0.881530372524891,0.900590114764228,-37.87873697280884,3.531136154960757,31.35435141599737
281,16337,1.0,1.1578551450952546e-08,False,,,,,31.520070707891136
282,16338,1.0,1.117392489646818e-08,False,,,,,31.599003874929622
283,16339,1.0,1.0831548102885336e-08,False,,,,,31.673982582986355
284,16340,1.0,1.045804598476252e-08,False,,,,,31.752436665818095
285,16341,1.0,9.46204181673238e-09,False,,,,,31.830427040811628
286,16342,1.0,9.18191567222948e-09,False,,,,,31.909901374951005
287,16343,1.0,8.559412734143734e-09,False,,,,,31.98770433291793
288,16344,1.0,8.030285769677903e-09,False,,,,,32.065533582819626
289,16345,1.0,7.905785359696438e-09,False,,,,,32.140671957982704
290,16346,1.0,7.656784539733508e-09,True,0.8896968340977738,0.8110823254754801,-37.59435099363327,3.4146281453779705,32.217757374979556
291,16347,1.0,7.68790897609506e-09,False,,,,,32.3963040409144
292,16348,1.0,7.625659215193537e-09,False,,,,,32.474395874887705
293,16349,1.0,7.750159625175002e-09,False,,,,,32.554354082793
294,16350,1.0,7.501158805212071e-09,False,,,,,32.632589457789436
295,16351,1.0,7.127656687089257e-09,False,,,,,32.715345207834616
296,16352,1.0,6.567404398083454e-09,False,,,,,32.79559108288959
297,16353,1.0,6.162777399509878e-09,False,,,,,32.87847916595638
298,16354,1.0,5.97602678453768e-09,False,,,,,32.96106704091653
299,16355,1.0,5.789275725476273e-09,False,,,,,33.04194570798427
300,16356,1.0,5.3846487269026966e-09,True,0.8967446023045084,0.7284998351511958,-36.8588407933712,3.2908381643063924,33.1210377078969
301,16357,1.0,5.1356479069397665e-09,False,,,,,33.298551415791735
302,16358,1.0,4.824396437896894e-09,False,,,,,33.376258624950424
303,16359,1.0,4.575395173844754e-09,False,,,,,33.456555540906265
304,16360,1.0,4.5131449688540215e-09,False,,,,,33.53417458292097
305,16361,1.0,4.606520498384725e-09,False,,,,,33.61078833299689
306,16362,1.0,4.419769439323318e-09,False,,,,,33.69385949987918
307,16363,1.0,4.450894763863289e-09,False,,,,,33.77170908288099
308,16364,1.0,4.668770703375458e-09,False,,,,,33.85089399991557
309,16365,1.0,4.98002217241833e-09,False,,,,,33.93241824978031
310,16366,1.0,4.824396437896894e-09,True,0.9050229332140061,0.6498048457177313,-34.23083055019379,3.1467470395786616,34.01428849995136
311,16367,1.0,4.98002217241833e-09,False,,,,,34.190288374898955
312,16368,1.0,5.073397701949034e-09,False,,,,,34.26768337492831
313,16369,1.0,5.1356479069397665e-09,False,,,,,34.350315207848325
314,16370,1.0,4.98002217241833e-09,False,,,,,34.42939316597767
315,16371,1.0,4.73102090836619e-09,False,,,,,34.50711774989031
316,16372,1.0,4.917771967427598e-09,False,,,,,34.588550915941596
317,16373,1.0,5.197898111930499e-09,False,,,,,34.665566915879026
318,16374,1.0,4.948896847878359e-09,False,,,,,34.74481229088269
319,16375,1.0,5.0111470528690916e-09,False,,,,,34.826037290971726
320,16376,1.0,5.695900195945569e-09,True,0.9098333146884439,0.5715383317340696,-30.604138612747192,2.9798280501066405,34.91032120794989
321,16377,1.0,6.0071516649884416e-09,False,,,,,35.09778262488544
322,16378,1.0,6.2561529290405815e-09,False,,,,,35.19653195794672
323,16379,1.0,6.318403134031314e-09,False,,,,,35.28031391580589
324,16380,1.0,6.318403134031314e-09,False,,,,,35.36437004082836
325,16381,1.0,6.3806533390220466e-09,False,,,,,35.45327541581355
326,16382,1.0,6.785280337595623e-09,False,,,,,35.56014212500304
327,16383,1.0,6.287277809491343e-09,False,,,,,35.664559457916766
328,16384,1.0,6.847530542586355e-09,False,,,,,35.772832040907815
329,16385,1.0,6.909780747577088e-09,False,,,,,35.88904833281413
330,16386,1.0,7.68790897609506e-09,True,0.9178879069247119,0.467183135758764,-26.380295991897583,2.765243673813165,36.001045582816005
331,16387,1.0,7.532283241573623e-09,False,,,,,36.23668620781973
332,16388,1.0,7.625659215193537e-09,False,,,,,36.34854883281514
333,16389,1.0,7.0031562771077915e-09,False,,,,,36.46343391598202
334,16390,1.0,7.4700334806721e-09,False,,,,,36.58211754099466
335,16391,1.0,8.279286589640833e-09,False,,,,,36.69635716592893
336,16392,1.0,7.874660035156467e-09,False,,,,,36.81754979095422
337,16393,1.0,8.528287409603763e-09,False,,,,,36.939602124970406
338,16394,1.0,8.061410206039454e-09,False,,,,,37.05872191581875
339,16395,1.0,9.119665023149537e-09,False,,,,,37.17841404094361
340,16396,1.0,8.995164613168072e-09,True,0.9329902673677145,0.3422683180309221,-22.050557613372803,2.502840758858148,37.296740165911615
341,16397,1.0,1.045804598476252e-08,False,,,,,37.550758624915034
342,16398,1.0,9.493167141272352e-09,False,,,,,37.670822457876056
343,16399,1.0,1.09560485128668e-08,False,,,,,37.787333874963224
344,16400,1.0,9.96004434483666e-09,False,,,,,37.90575637482107
345,16401,1.0,1.1298425306449644e-08,False,,,,,38.021605332847685
346,16402,1.0,1.0520296633842463e-08,False,,,,,38.13994299992919
347,16403,1.0,1.0893798751965278e-08,False,,,,,38.24652029084973
348,16404,1.0,1.145405104097108e-08,False,,,,,38.34367058286443
349,16405,1.0,1.1360675067351167e-08,False,,,,,38.46027408284135
350,16406,1.0,1.167192653639404e-08,True,0.9449602863855018,0.24332804986797477,-20.509506583213806,2.2449070356077883,38.57264379085973
351,16407,1.0,1.269905691714257e-08,False,,,,,38.797047790838405
352,16408,1.0,1.1734177185473982e-08,False,,,,,38.882121624890715
353,16409,1.0,1.4348689347798427e-08,False,,,,,38.966948040993884
354,16410,1.0,1.09560485128668e-08,False,,,,,39.05323824984953
355,16411,1.0,1.4846690987724287e-08,False,,,,,39.134097415953875
356,16412,1.0,1.0271295813879533e-08,False,,,,,39.221486415946856
357,16413,1.0,1.8488332642618843e-08,False,,,,,39.3036418328993
358,16414,1.0,7.999160445137932e-09,False,,,,,39.385026999982074
359,16415,1.0,1.668307447744155e-08,False,,,,,39.466195665998384
360,16416,1.0,1.2356680123559727e-08,True,0.9553641346906813,0.19745545538370918,-18.61280059814453,2.0815734810157234,39.56299629085697
361,16417,1.0,1.590494669301279e-08,False,,,,,39.74767320789397
362,16418,1.0,1.2387805448099698e-08,False,,,,,39.83037829096429
363,16419,1.0,1.5749320070312933e-08,False,,,,,39.934518499998376
364,16420,1.0,1.1329550630989615e-08,False,,,,,40.04206437477842
365,16421,1.0,1.3290434530688344e-08,False,,,,,40.11860733292997
366,16422,1.0,1.1547426126412574e-08,False,,,,,40.19892287487164
367,16423,1.0,1.4130812964197048e-08,False,,,,,40.28284849994816
368,16424,1.0,1.2543431182621134e-08,False,,,,,40.3763829160016
369,16425,1.0,1.3010307498007023e-08,False,,,,,40.46353929094039
370,16426,1.0,1.1983178005436912e-08,True,0.9598389081552746,0.1799134689779912,-17.92288637161255,1.988589720451825,40.543624999932945
371,16427,1.0,1.4597690167761357e-08,False,,,,,40.77324641589075
372,16428,1.0,1.394406190513564e-08,False,,,,,40.8823020409327
373,16429,1.0,1.515794245676716e-08,False,,,,,40.99013220798224
374,16430,1.0,1.3259309206148373e-08,False,,,,,41.09925783285871
375,16431,1.0,1.4815565663184316e-08,False,,,,,41.18503054091707
376,16432,1.0,1.1858677595455447e-08,False,,,,,41.27546991594136
377,16433,1.0,1.8737333462581773e-08,False,,,,,41.3748387908563
378,16434,1.0,9.742167961235282e-09,False,,,,,41.486561165889725
379,16435,1.0,1.9359836400667518e-08,False,,,,,41.59268804080784
380,16436,1.0,1.3570560675191246e-08,True,0.9590558227989708,0.1785786936533642,-18.55667144060135,1.9383794823041998,41.70311224996112
381,16437,1.0,1.8768458787121745e-08,False,,,,,41.92842345777899
382,16438,1.0,1.5220193105847102e-08,False,,,,,42.028477540938184
383,16439,1.0,1.7959203901796172e-08,False,,,,,42.14524370781146
384,16440,1.0,1.5033442934964114e-08,False,,,,,42.26523704081774
385,16441,1.0,1.743007693733034e-08,False,,,,,42.38386387494393
386,16442,1.0,1.5469193925810032e-08,False,,,,,42.498467499855906
387,16443,1.0,1.8083705199956057e-08,False,,,,,42.61297587491572
388,16444,1.0,1.4130812964197048e-08,False,,,,,42.71662345784716
389,16445,1.0,1.7461202261870312e-08,False,,,,,42.79539095796645
390,16446,1.0,1.4317564023258456e-08,True,0.9591676921355856,0.18186012908678814,-18.940264463424683,1.924393684567491,42.881373290903866
391,16447,1.0,1.6838699323784567e-08,False,,,,,43.05543804098852
392,16448,1.0,1.518906778130713e-08,False,,,,,43.131795790977776
393,16449,1.0,1.7741328406373214e-08,False,,,,,43.20888854097575
394,16450,1.0,1.5033442934964114e-08,False,,,,,43.280853582778946
395,16451,1.0,1.9764462066973465e-08,False,,,,,43.35489258286543
396,16452,1.0,1.4099687639657077e-08,False,,,,,43.43131612497382
397,16453,1.0,2.0978342618604984e-08,False,,,,,43.50607291585766
398,16454,1.0,1.3601685999731217e-08,False,,,,,43.5827699159272
399,16455,1.0,2.1787597503930556e-08,False,,,,,43.65574974985793
400,16456,1.0,1.2512305858081163e-08,True,0.9583846067792818,0.20132827017177565,-18.706199645996094,1.9578958665350552,43.73420099983923
401,16457,1.0,2.1538594907610786e-08,False,,,,,43.899722249945626
402,16458,1.0,1.245005520900122e-08,False,,,,,43.975993582978845
403,16459,1.0,2.3810731164530807e-08,False,,,,,44.05144879082218
404,16460,1.0,1.2076553979056825e-08,False,,,,,44.12970958277583
405,16461,1.0,2.0822717772261967e-08,False,,,,,44.204348540864885
406,16462,1.0,1.2854682651664007e-08,False,,,,,44.2799349159468
407,16463,1.0,2.1569720232150758e-08,False,,,,,44.35580616584048
408,16464,1.0,1.3726186409712682e-08,False,,,,,44.43137216591276
409,16465,1.0,2.216109784569653e-08,False,,,,,44.50754737481475
410,16466,1.0,1.3383809616129838e-08,True,0.9559234813737555,0.2436561516021235,-20.47379779815674,2.0395489449203357,44.584107332862914
411,16467,1.0,2.116509456584481e-08,False,,,,,44.7433090407867
412,16468,1.0,1.3383809616129838e-08,False,,,,,44.819203707855195
413,16469,1.0,2.184984637665366e-08,False,,,,,44.895566624822095
414,16470,1.0,1.245005520900122e-08,False,,,,,44.97142354096286
415,16471,1.0,2.013796418509628e-08,False,,,,,45.04855908290483
416,16472,1.0,1.3601685999731217e-08,False,,,,,45.12506837490946
417,16473,1.0,2.1538594907610786e-08,False,,,,,45.203419665805995
418,16474,1.0,1.29480577371055e-08,False,,,,,45.28126541594975
419,16475,1.0,2.1507469583070815e-08,False,,,,,45.35493854084052
420,16476,1.0,1.5313569079467015e-08,True,0.9502181452063989,0.2865468883364837,-22.203365325927734,2.1319305688986634,45.429426999995485
421,16477,1.0,2.287697675740219e-08,False,,,,,45.60341233294457
422,16478,1.0,1.4224188049638542e-08,False,,,,,45.68099754094146
423,16479,1.0,2.486898509346247e-08,False,,,,,45.757716457825154
424,16480,1.0,1.593607201755276e-08,False,,,,,45.83690149988979
425,16481,1.0,2.3997481335413795e-08,False,,,,,45.91584995784797
426,16482,1.0,1.6278447034778765e-08,False,,,,,46.000436374917626
427,16483,1.0,2.53358631852052e-08,False,,,,,46.10703995800577
428,16484,1.0,1.5344692627650147e-08,False,,,,,46.21368929091841
429,16485,1.0,2.440210877807658e-08,False,,,,,46.32331495778635
430,16486,1.0,1.5593695223969917e-08,True,0.9470858037811836,0.3205695905349518,-22.751272201538086,2.206489168739298,46.430066040949896
431,16487,1.0,2.4682234922579482e-08,False,,,,,46.635215332964435
432,16488,1.0,1.5842696043932847e-08,False,,,,,46.722478499868885
433,16489,1.0,2.309485225282515e-08,False,,,,,46.808338082861155
434,16490,1.0,1.6776448674704625e-08,False,,,,,46.893206665990874
435,16491,1.0,2.4806736220739367e-08,False,,,,,46.97838370781392
436,16492,1.0,1.5531444574889974e-08,False,,,,,47.06299833278172
437,16493,1.0,2.5522613356088186e-08,False,,,,,47.1486047077924
438,16494,1.0,1.8301580695379016e-08,False,,,,,47.23436495778151
439,16495,1.0,2.409085730903371e-08,False,,,,,47.32023491594009
440,16496,1.0,1.861283216442189e-08,True,0.9435059850095089,0.35376005499461693,-23.552610397338867,2.2779062355120985,47.40612612478435
441,16497,1.0,2.51179859134254e-08,False,,,,,47.57446299982257
442,16498,1.0,2.013796418509628e-08,False,,,,,47.65817729081027
443,16499,1.0,2.5273612536125256e-08,False,,,,,47.73585158283822
444,16500,1.0,2.0480340978679124e-08,False,,,,,47.811062374850735
445,16501,1.0,2.539811383428514e-08,False,,,,,47.885937915882096
446,16502,1.0,2.0822717772261967e-08,False,,,,,47.96178920799866
447,16503,1.0,2.437098345353661e-08,False,,,,,48.035847791004926
448,16504,1.0,2.2939227406482132e-08,False,,,,,48.11552970786579
449,16505,1.0,2.359285566910785e-08,False,,,,,48.1949179158546
450,16506,1.0,2.2690226586519202e-08,True,0.9398142969012194,0.390113267383176,-24.382057189941406,2.3496614787547103,48.295746207935736
451,16507,1.0,2.5211361887045314e-08,False,,,,,48.51470591593534
452,16508,1.0,2.3188228226445062e-08,False,,,,,48.613124874886125
453,16509,1.0,2.3250478875525005e-08,False,,,,,48.691561582963914
454,16510,1.0,2.390410713815072e-08,False,,,,,48.77151058288291
455,16511,1.0,2.3250478875525005e-08,False,,,,,48.85213249991648
456,16512,1.0,2.234784979293636e-08,False,,,,,48.9286387078464
457,16513,1.0,2.390410713815072e-08,False,,,,,49.00246066600084
458,16514,1.0,2.3312727748248108e-08,False,,,,,49.08183758286759
459,16515,1.0,2.284585143286222e-08,False,,,,,49.17056874977425
460,16516,1.0,2.384185648907078e-08,True,0.9373531714956931,0.4283979124213614,-25.108108520507812,2.4262005285879433,49.27123291580938
461,16517,1.0,2.2814726108322247e-08,False,,,,,49.461003665812314
462,16518,1.0,2.2939227406482132e-08,False,,,,,49.539057082962245
463,16519,1.0,2.309485225282515e-08,False,,,,,49.617995290784165
464,16520,1.0,2.2783600783782276e-08,False,,,,,49.71874383278191
465,16521,1.0,2.337497839732805e-08,False,,,,,49.821405415888876
466,16522,1.0,2.4464359427156523e-08,False,,,,,49.91297358297743
467,16523,1.0,2.3779605839990836e-08,False,,,,,49.98553062486462
468,16524,1.0,2.3810731164530807e-08,False,,,,,50.06273112492636
469,16525,1.0,2.362397921729098e-08,False,,,,,50.14293724996969
470,16526,1.0,2.4059731984493737e-08,True,0.9338852220606332,0.4776712230903503,-25.718093872070312,2.520346739528372,50.22015624982305
471,16527,1.0,2.514911123796537e-08,False,,,,,50.38721229089424
472,16528,1.0,2.437098345353661e-08,False,,,,,50.46255395794287
473,16529,1.0,2.486898509346247e-08,False,,,,,50.54074233281426
474,16530,1.0,2.387298181361075e-08,False,,,,,50.6186976658646
475,16531,1.0,2.664311793409979e-08,False,,,,,50.69914012495428
476,16532,1.0,2.490011041800244e-08,False,,,,,50.78078862489201
477,16533,1.0,2.514911123796537e-08,False,,,,,50.86852958286181
478,16534,1.0,2.6736493907719705e-08,False,,,,,50.95449091587216
479,16535,1.0,2.707887070130255e-08,False,,,,,51.03774524992332
480,16536,1.0,2.586499014967103e-08,True,0.9285154939031212,0.5361012276451262,-26.60470962524414,2.624482428511212,51.1237083747983
481,16537,1.0,2.686099520587959e-08,False,,,,,51.33589437487535
482,16538,1.0,2.5709365303328013e-08,False,,,,,51.43373354081996
483,16539,1.0,2.8946379515559784e-08,False,,,,,51.52755779097788
484,16540,1.0,2.608286564509399e-08,False,,,,,51.608666374813765
485,16541,1.0,2.7421247494885392e-08,False,,,,,51.698753999779
486,16542,1.0,2.7732498963928265e-08,False,,,,,51.77631462481804
487,16543,1.0,2.98801339226884e-08,False,,,,,51.853605665965006
488,16544,1.0,2.813712463023421e-08,False,,,,,51.934224374825135
489,16545,1.0,2.9039753712822858e-08,False,,,,,52.0143682078924
490,16546,1.0,2.8479501423817055e-08,True,0.9238169817652981,0.6072186810938996,-27.03997039794922,2.735821659201957,52.10122129088268
491,16547,1.0,2.991125924722837e-08,False,,,,,52.29222166584805
492,16548,1.0,2.885300354193987e-08,False,,,,,52.3764134158846
493,16549,1.0,3.059601283439406e-08,False,,,,,52.45951166586019
494,16550,1.0,2.888412886647984e-08,False,,,,,52.542650249786675
495,16551,1.0,3.128076642155975e-08,False,,,,,52.62813024991192
496,16552,1.0,2.9693381975448574e-08,False,,,,,52.7118720409926
497,16553,1.0,3.184101871056555e-08,False,,,,,52.80055745784193
498,16554,1.0,3.1249641097019776e-08,False,,,,,52.884950790787116
499,16555,1.0,3.034701023807429e-08,False,,,,,52.96827520779334
500,16556,1.0,3.152976546516584e-08,True,0.9159861282022598,0.6915132283464795,-27.893585205078125,2.853485539833104,53.052164665888995
