step,train_loss,train_loss64,train_accuracy,test_loss,test_loss64,test_accuracy,max_abs_logit,elapsed_seconds
0,5.075355052947998,5.075354396445605,0.010443864229765013,5.063181400299072,5.06318075091849,0.008278330909497707,2.5590436458587646,0.05660241702571511
100,1.0251438617706299,1.025143882320587,0.8637075718015665,41.370906829833984,41.370906486925136,0.007607114889808703,106.54296875,4.275438084034249
200,0.0055249761790037155,0.005524984514911797,0.9994778067885117,39.59030532836914,39.59030961928464,0.010180109631949883,105.08855438232422,8.547130124876276
300,0.0023590524215251207,0.0023590618907095373,1.0,36.05683898925781,36.05683767529707,0.014654883096543237,102.70030212402344,12.824877916835248
400,0.0002319510094821453,0.00023196043467443275,1.0,38.393978118896484,38.393975087383566,0.0204720886005146,132.7777862548828,17.37242762488313
500,0.0031999361235648394,0.0031999450449231998,1.0,36.48628616333008,36.48628789889212,0.019689003244210763,131.93849182128906,21.938731458969414
600,1.0793543196996325e-06,1.0851639147565122e-06,1.0,70.97698974609375,70.97698427074425,0.024611254055263453,171.94961547851562,26.510655791964382
700,0.005227955989539623,0.005227959639188805,0.9989556135770234,62.020416259765625,62.02041447008388,0.030875936905694148,191.6822967529297,31.10285837505944
800,0.00032952497713267803,0.0003295318550809975,1.0,44.8057861328125,44.80578704466581,0.0353507103702875,177.68618774414062,35.678238374879584
900,1.4666283277620096e-05,1.467421925293781e-05,1.0,41.2593879699707,41.25938492089855,0.040832307864414365,151.87582397460938,40.53501012502238
1000,0.003997280728071928,0.003997285107969572,0.9997389033942559,57.1796989440918,57.17970165460582,0.039378006488421526,244.18380737304688,45.36126866703853
1100,0.00010642156121321023,0.0001064281556358785,1.0,42.07048416137695,42.070483152630956,0.06040944177201029,166.83045959472656,50.39853429188952
1200,1.533535254338858e-07,1.6024114421604253e-07,1.0,55.36341857910156,55.363419128377416,0.06566730059290748,266.79345703125,55.71827270905487
1300,0.0007855494040995836,0.0007855538483638607,1.0,48.057525634765625,48.05752788470773,0.07853227430361338,222.47886657714844,61.10860366700217
1400,1.6165387251021457e-06,1.621911886563464e-06,1.0,44.589115142822266,44.58911785282791,0.0947533281127643,166.24478149414062,66.67358645889908
1500,3.48601547628391e-09,1.0432824505030936e-08,1.0,59.30620574951172,59.306207425782596,0.11488980870343439,225.07177734375,71.61168670887128
1600,5.780151695944369e-05,5.780690048481494e-05,1.0,35.670406341552734,35.67040467082486,0.13099899317597047,182.68923950195312,76.81032349984162
1700,1.2745742594688636e-07,1.336600079793075e-07,1.0,39.793670654296875,39.79367288062781,0.1588544579930641,184.48802185058594,82.62220370885916
1800,6.940906072117059e-09,1.6744067136949292e-08,1.0,31.60922622680664,31.609226351984262,0.21232800089495468,165.0146484375,88.27278387499973
1900,1.7741328406373214e-08,5.9135663779031054e-08,1.0,12.439732551574707,12.439733493704466,0.29253831524779056,194.54547119140625,93.8506587499287
2000,1.117392489646818e-08,4.117399986301659e-08,1.0,24.896648406982422,24.896649964177993,0.22530484394227543,500.64251708984375,99.49401491694152
2100,0.0002678912424016744,0.00026789970063821974,1.0,16.993703842163086,16.993703480999685,0.28951784315919005,121.86784362792969,105.16712891706266
2200,3.519936910834076e-07,3.57367197379918e-07,1.0,22.73371124267578,22.733710403494864,0.3346011858149681,179.7186279296875,110.86922870902345
2300,7.158781900606925e-10,4.682402526016795e-09,1.0,29.95509910583496,29.955098613016254,0.3348249244881978,220.24880981445312,116.46109991683625
2400,3.756804289878346e-08,8.637206954355761e-08,1.0,3.4589335918426514,3.4589338110009926,0.5111309989931759,53.0906982421875,122.28009608387947
2500,1.2325554799019756e-08,6.342801213303028e-08,1.0,2.2770791053771973,2.277079186940088,0.654547488533393,99.54100036621094,127.30681779189035
2600,7.22103221661996e-09,4.809600276343328e-08,1.0,3.95056414604187,3.9505643931905565,0.6781519185591229,223.27432250976562,132.2526535000652
2700,5.571399785964104e-09,3.872479707786441e-08,1.0,6.892489433288574,6.892489745941241,0.6825148226871015,398.6360778808594,137.24125624983571
2800,7.874660035156467e-09,3.54329571077967e-08,1.0,9.701138496398926,9.701138357972736,0.6591341313346012,527.7105712890625,142.5233065839857
2900,7.22103221661996e-09,3.264118493955147e-08,1.0,11.098628997802734,11.098628578661488,0.6716634970354626,573.8076171875,147.78380183386616
3000,4.524657413185196e-07,4.7529746298906436e-07,1.0,6.438765048980713,6.438765638657302,0.6035350710370287,323.6859436035156,152.76820695889182
3100,1.5344692627650147e-08,5.309672032567363e-08,1.0,2.6457414627075195,2.6457414529784793,0.7258082559570421,152.15069580078125,157.75951708387583
3200,1.2605680943522657e-08,7.223156257244847e-08,1.0,2.487138032913208,2.4871382042940695,0.8837677592571876,190.78550720214844,162.47042270889506
3300,1.0769297453805393e-08,6.676433251154767e-08,1.0,3.4894139766693115,3.4894139885138262,0.8819778498713503,238.31787109375,167.29686250002123
3400,1.2294429474479784e-08,7.064965526793974e-08,1.0,4.312618732452393,4.312619291092572,0.8766081217138383,272.14215087890625,171.81588995899074
3500,1.2512305858081163e-08,7.335078557844541e-08,1.0,4.614590167999268,4.614590653684831,0.8778386844166014,271.23651123046875,176.37019933387637
3600,1.6340697683858707e-08,8.033862090116533e-08,1.0,4.596148490905762,4.5961487841812385,0.881530372524891,256.3170471191406,181.32010529190302
3700,1.6807573999244596e-08,8.275183443939931e-08,1.0,4.392183780670166,4.392183938655669,0.8825371965544244,246.24819946289062,186.67807058384642
3800,1.668307447744155e-08,8.607263717912942e-08,1.0,4.052055358886719,4.052055532383656,0.88891374874147,236.2293243408203,191.67948674992658
3900,1.8955208958004732e-08,8.929780846150584e-08,1.0,3.5965728759765625,3.5965733702832883,0.8926054368497595,215.7328643798828,196.62645270884968
4000,1.9951214014213292e-08,9.238543769184935e-08,1.0,3.0373587608337402,3.037358898050097,0.897639556997427,185.9631805419922,201.58654604200274
4100,2.284585143286222e-08,9.66438001209517e-08,1.0,2.431133508682251,2.4311334635828086,0.9042398478577022,154.1681365966797,206.1627623338718
4200,2.5273612536125256e-08,9.930933252280888e-08,1.0,2.034839630126953,2.0348398502640697,0.9078196666293769,129.29656982421875,210.73738695890643
4300,2.863512804651691e-08,1.014620961228994e-07,1.0,1.7694392204284668,1.769439348526949,0.9090502293321401,110.24100494384766,215.3317758338526
4400,3.654091074167809e-08,1.0468062054796334e-07,1.0,1.5675179958343506,1.5675180675495237,0.9043517171943171,96.24269104003906,219.9468136250507
4500,7.080969055550668e-08,1.135642491799028e-07,1.0,1.2876046895980835,1.287604742160893,0.8992057277100347,80.5618667602539,224.53397900005803
4600,1.5410056164455455e-07,1.830959135118068e-07,1.0,0.8354605436325073,0.8354606021241611,0.8932766528694485,59.39668273925781,229.065053333994
4700,2.219222352550787e-07,2.5115471704624e-07,1.0,0.5873841047286987,0.5873841700500999,0.8988701197001902,43.387699127197266,233.96614549984224
4800,2.996105763486412e-07,3.22098266327471e-07,1.0,0.4651649296283722,0.46516492127203135,0.9055822798970802,33.313934326171875,239.66775749996305
4900,6.778432748433261e-07,6.974962608473822e-07,1.0,0.42621248960494995,0.42621251829261203,0.900324421076183,26.5037899017334,245.563378874911
5000,3.878993538819486e-06,3.9318572813899875e-06,1.0,0.47752681374549866,0.47752680648123635,0.880859156505202,21.66804313659668,251.26086241705343
5100,5.834171133756172e-06,5.892296018292739e-06,1.0,0.41574880480766296,0.4157488632298162,0.9005481597494127,21.037860870361328,256.99024274991825
5200,6.3038764892553445e-06,6.370512677647619e-06,1.0,0.32950112223625183,0.3295011679876828,0.9215795950330015,21.161008834838867,262.69917024997994
5300,6.63355240249075e-06,6.70221812900226e-06,1.0,0.2463599592447281,0.24635998116612098,0.9457433717418056,21.086435317993164,268.61500574997626
5400,6.717371434206143e-06,6.786937631330614e-06,1.0,0.1805444210767746,0.1805444560676717,0.9644255509564829,21.017423629760742,274.63273466704413
5500,6.858118013042258e-06,6.9294917266996875e-06,1.0,0.1311783492565155,0.13117837876303162,0.977738002013648,20.674522399902344,280.4117477920372
5600,6.886347364343237e-06,6.960300636653878e-06,1.0,0.09453854709863663,0.0945385866141634,0.9840026848640787,20.39926528930664,286.0748625418637
5700,7.06525406712899e-06,7.139666232267486e-06,1.0,0.06868383288383484,0.06868387290825057,0.989931759704665,20.295276641845703,292.20144233386964
5800,7.140763045754284e-06,7.216829922724077e-06,1.0,0.04979799687862396,0.04979803041164663,0.9936234478129544,20.259490966796875,297.8771805418655
5900,7.232270036183763e-06,7.311453161702679e-06,1.0,0.036158930510282516,0.036158965207913084,0.9972032665846291,20.18596839904785,303.71583925001323
6000,7.220131465146551e-06,7.3035551428490615e-06,1.0,0.027278129011392593,0.02727816639830095,0.9984338292873923,20.122482299804688,309.8195228748955
6100,7.155328603403177e-06,7.236610854824924e-06,1.0,0.02033885195851326,0.0203388869532347,0.9989931759704664,20.23165512084961,315.51770624984056
6200,7.3203218562412076e-06,7.406120560482856e-06,1.0,0.015552966855466366,0.015553004086251312,0.9996643919901554,20.20297622680664,321.256781041855
6300,7.267502951435745e-06,7.358981272879198e-06,1.0,0.012036493048071861,0.012036533042937182,0.9996643919901554,20.078184127807617,327.12772087496705
6400,7.1939543886401225e-06,7.2857236713079485e-06,1.0,0.009439414367079735,0.009439454696594556,1.0,20.04802131652832,333.0970991249196
6500,6.841278718638932e-06,6.9375900127505416e-06,1.0,0.007404776755720377,0.007404819540856792,1.0,20.13130760192871,339.2275920838583
6600,6.32171077086241e-06,6.416998251635719e-06,1.0,0.005946704186499119,0.005946745402243525,1.0,20.123292922973633,345.230616542045
6700,5.888824944122462e-06,5.991793344263952e-06,1.0,0.00500154634937644,0.0050015909702524715,1.0,20.171297073364258,351.226049708901
6800,4.979416189598851e-06,5.082176948432818e-06,1.0,0.0040515633299946785,0.004051609387131872,1.0,20.3900203704834,357.207609541947
6900,4.517304660112131e-06,4.6163590570837466e-06,1.0,0.0033822618424892426,0.003382310156463785,1.0,20.492652893066406,363.41374020883814
7000,4.39573022958939e-06,4.490208096837046e-06,1.0,0.0029950523748993874,0.0029951001569628456,1.0,20.58731460571289,369.20707412506454
7100,4.318260380387073e-06,4.41830852003907e-06,1.0,0.0027086229529231787,0.002708672334823834,1.0,20.380598068237305,375.05700354184955
7200,4.122048267163336e-06,4.220832067622131e-06,1.0,0.002421796787530184,0.0024218441005508665,1.0,20.39314842224121,380.9771634589415
7300,4.013483703602105e-06,4.1081958174280255e-06,1.0,0.002176616806536913,0.002176665177564626,1.0,20.33736801147461,387.34071237500757
7400,3.9451647353416774e-06,4.040220155067691e-06,1.0,0.0019953525625169277,0.0019953991219646217,1.0,20.339679718017578,392.8069714170415
7500,3.870277851092396e-06,3.965351726726415e-06,1.0,0.0018548100488260388,0.0018548626380465699,1.0,20.35301971435547,399.3603687500581
7600,3.7695260743930703e-06,3.869222723615862e-06,1.0,0.0017163028242066503,0.0017163553550886479,1.0,20.423858642578125,405.6279110838659
7700,3.680260078908759e-06,3.7796725486342773e-06,1.0,0.001584812649525702,0.0015848634762518252,1.0,20.38292121887207,411.0557982090395
7800,3.6186013403494144e-06,3.7175588762994966e-06,1.0,0.0014643090544268489,0.0014643592342224794,1.0,20.358348846435547,417.0673591250088
7900,3.567462727005477e-06,3.6645609169621025e-06,1.0,0.0013711987994611263,0.001371248731780627,1.0,20.35031509399414,422.66303158388473
8000,3.5204018331569387e-06,3.617074711312188e-06,1.0,0.0012992497067898512,0.0012992986533087074,1.0,20.363079071044922,428.6687588749919
8100,3.4666486499190796e-06,3.5630725622646783e-06,1.0,0.0012371230404824018,0.0012371742000541052,1.0,20.30354118347168,435.1941274169367
8200,3.415883838897571e-06,3.5163393294442607e-06,1.0,0.0011895514326170087,0.0011896035967163075,1.0,20.304121017456055,442.6934687499888
8300,3.365709744684864e-06,3.466064748485413e-06,1.0,0.001149909570813179,0.0011499641157751387,1.0,20.371610641479492,450.11824237485416
8400,3.3197072752955137e-06,3.4167396379078795e-06,1.0,0.0011013966286554933,0.0011014506999118497,1.0,20.318618774414062,457.16761208395474
8500,3.273953325333423e-06,3.370032619255986e-06,1.0,0.0010466049425303936,0.0010466618155623127,1.0,20.399459838867188,464.21129824989475
8600,3.2226596431428334e-06,3.320334721498056e-06,1.0,0.0009944785851985216,0.0009945319247832624,1.0,20.398588180541992,470.7290803338401
8700,3.1702450087323086e-06,3.2692436457843133e-06,1.0,0.0009519452578388155,0.0009520002088531009,1.0,20.331953048706055,476.93243112484924
8800,3.119760322078946e-06,3.216795730022098e-06,1.0,0.0009220148785971105,0.0009220676013425184,1.0,20.402931213378906,483.215833166847
8900,3.061929874093039e-06,3.162663484701812e-06,1.0,0.0008851515594869852,0.0008852081292112669,1.0,20.56167221069336,488.9193764589727
9000,3.002636958626681e-06,3.1054963366168153e-06,1.0,0.0008411075687035918,0.000841164621393903,1.0,20.65418815612793,495.05844320892356
9100,2.935780457846704e-06,3.0372498045077706e-06,1.0,0.0008023157715797424,0.0008023731282886797,1.0,20.687177658081055,501.19594283401966
9200,2.856411583707086e-06,2.9598244615053726e-06,1.0,0.0007694974192418158,0.0007695559522869622,1.0,20.665376663208008,507.4289009170607
9300,2.7409687390900217e-06,2.8413602897945502e-06,1.0,0.0007296846597455442,0.0007297449738644062,1.0,20.86515235900879,514.4928778340109
9400,2.6609463930071797e-06,2.7621073270794646e-06,1.0,0.0006998454919084907,0.0006999042524772103,1.0,20.991226196289062,520.8969591250643
9500,2.5727069896674948e-06,2.6771246432616556e-06,1.0,0.0006727470899932086,0.000672805651993879,1.0,21.00551414489746,526.3995944589842
9600,2.4894470698200166e-06,2.5928051661954506e-06,1.0,0.0006454142858274281,0.000645473965693455,1.0,21.178274154663086,532.9153953338973
9700,2.4260141344711883e-06,2.5254930800767273e-06,1.0,0.000621440471149981,0.0006214972956150943,1.0,21.164827346801758,538.9867554998491
9800,2.385613925071084e-06,2.4836062093123525e-06,1.0,0.0005994271486997604,0.0005994846718827413,1.0,21.140178680419922,544.3394998339936
9900,2.3502557269239333e-06,2.445831978832725e-06,1.0,0.000584885070566088,0.0005849408187350042,1.0,21.15176010131836,550.2617105420213
10000,2.3148975287767826e-06,2.4108176846832736e-06,1.0,0.0005764562520198524,0.000576514180526617,1.0,21.137901306152344,555.961457083933
10100,2.2785745841247262e-06,2.3749762828390194e-06,1.0,0.0005711798439733684,0.0005712345927533672,1.0,21.19666290283203,562.1290356249083
10200,2.2428116608352866e-06,2.338474723912588e-06,1.0,0.0005684315110556781,0.0005684897361251431,1.0,21.30866241455078,568.09011379187
10300,2.2043100216251332e-06,2.3022152529182464e-06,1.0,0.0005698823370039463,0.0005699440917457636,1.0,21.335481643676758,575.0111974170431
10400,2.1645323613483924e-06,2.258907384839159e-06,1.0,0.00057130993809551,0.0005713707635542284,1.0,21.3475284576416,582.2106706248596
10500,2.1227001525403466e-06,2.2154144410274966e-06,1.0,0.000574542093090713,0.0005745995059236817,1.0,21.347631454467773,589.5871490000281
10600,2.079124897136353e-06,2.1706602637505764e-06,1.0,0.0005835265037603676,0.0005835836059922224,1.0,21.401872634887695,597.2233012090437
10700,2.036110117842327e-06,2.1270668418430166e-06,1.0,0.0005929464241489768,0.0005930036405254219,1.0,21.57302474975586,604.4378240839578
10800,1.998199650188326e-06,2.089792668440713e-06,1.0,0.0006048237555660307,0.0006048826837371244,1.0,21.857376098632812,611.7847278749105
10900,1.959356040970306e-06,2.0505929869233837e-06,1.0,0.0006202340009622276,0.0006202927794073941,1.0,21.837060928344727,618.8688262919895
11000,1.9107699245068943e-06,2.0015358209235642e-06,1.0,0.0006317427614703774,0.0006318010726956327,1.0,22.014358520507812,625.568772333907
11100,1.8623393316374859e-06,1.9506143767154642e-06,1.0,0.0006392600480467081,0.0006393183487723588,1.0,22.253009796142578,632.5033809170127
11200,1.8249892264066148e-06,1.9158951883316656e-06,1.0,0.0006519632297568023,0.000652021554180891,1.0,22.313770294189453,639.1167044588365
11300,1.7880748828247306e-06,1.877857005863865e-06,1.0,0.0006676643388345838,0.0006677191172434491,1.0,22.335290908813477,646.821502167033
11400,1.7526234614706482e-06,1.8397141778265341e-06,1.0,0.000692845496814698,0.0006929036848963447,1.0,22.371400833129883,653.8831158748362
11500,1.7122542885772418e-06,1.7977079714804152e-06,1.0,0.0007183502893894911,0.0007184050585336537,1.0,22.607219696044922,659.9304956670385
11600,1.67073324064404e-06,1.7580288136890225e-06,1.0,0.0007465991657227278,0.0007466537978716071,1.0,22.865955352783203,666.4326920418534
11700,1.616482222743798e-06,1.7031915433097997e-06,1.0,0.0007605029386468232,0.0007605563431170032,1.0,22.80685806274414,672.2703789588995
11800,1.5729381175333401e-06,1.6559998856874062e-06,1.0,0.0007758463034406304,0.0007758993065326979,1.0,22.663982391357422,678.2267196250614
11900,1.5294253898900934e-06,1.6113522132879666e-06,1.0,0.0007975189364515245,0.000797575540356331,1.0,22.515474319458008,684.626025833888
12000,1.4831422276984085e-06,1.5611635157626433e-06,1.0,0.0008131067734211683,0.0008131614599501789,1.0,22.488340377807617,691.2420591248665
12100,1.4498383507088874e-06,1.5283537132847614e-06,1.0,0.0008443171391263604,0.0008443699084403402,1.0,22.387733459472656,697.9953622499015
12200,1.4067301208342542e-06,1.4869359201881006e-06,1.0,0.0008639056468382478,0.0008639605303902636,1.0,22.426597595214844,705.3352812498342
12300,1.34787262595637e-06,1.4253514387397308e-06,1.0,0.0008661684114485979,0.0008662208410048147,1.0,22.531543731689453,712.2693647500128
12400,1.290633463213453e-06,1.3693899644240456e-06,1.0,0.0008611633093096316,0.0008612173398911997,1.0,22.357208251953125,718.8698006670456
12500,1.2343595017227926e-06,1.311276727949123e-06,1.0,0.0008451319299638271,0.0008451849678132816,1.0,22.176424026489258,725.257542416919
12600,1.1662890528896241e-06,1.2398967168104842e-06,1.0,0.0008181877783499658,0.0008182387249444044,1.0,21.997276306152344,732.4162200419232
12700,1.119414719141787e-06,1.1910565965427747e-06,1.0,0.0007958820788189769,0.0007959359460559698,1.0,21.839296340942383,738.8231238338631
12800,1.0710152764659142e-06,1.142063833822367e-06,1.0,0.0008004337432794273,0.0008004863345174601,1.0,21.954513549804688,745.6609763340093
12900,1.0210904974883306e-06,1.0923061007071796e-06,1.0,0.0008175855036824942,0.0008176406596847142,1.0,22.016220092773438,752.3223441250157
13000,9.60147531259281e-07,1.0277480096523034e-06,1.0,0.0008009025477804244,0.0008009555517942428,1.0,22.028841018676758,758.5786929999013
13100,9.117479748965707e-07,9.809765394352599e-07,1.0,0.0007683098083361983,0.0007683660736604253,1.0,22.114301681518555,764.7360267499462
13200,8.669589419696422e-07,9.342025591255172e-07,1.0,0.0007620833348482847,0.000762136766309012,1.0,22.180011749267578,770.9667423749343
13300,8.231659762714116e-07,8.899559695970404e-07,1.0,0.0007253717631101608,0.0007254263873242696,1.0,22.040498733520508,777.7063688340131
13400,7.845397931305342e-07,8.519328862317594e-07,1.0,0.0006715504569001496,0.0006716042520681431,1.0,22.053306579589844,783.4532411668915
13500,7.365449619101128e-07,8.070752567398016e-07,1.0,0.0006143997889012098,0.0006144567574582189,1.0,21.92295265197754,789.7434160839766
13600,6.91942659614142e-07,7.575810473912912e-07,1.0,0.0005564473103731871,0.0005565010547474171,1.0,21.475147247314453,795.9846374590416
13700,6.45223849460308e-07,7.102353951502561e-07,1.0,0.0004894549492746592,0.0004895076623040712,1.0,21.03183937072754,802.7442649169825
13800,6.15779526924598e-07,6.765458567508237e-07,1.0,0.0004176521906629205,0.00041770687138079136,1.0,20.870607376098633,809.8464426668361
13900,5.910350751037186e-07,6.559970352013336e-07,1.0,0.0003726520808413625,0.00037270980770474135,1.0,20.78662872314453,816.2344337089453
14000,5.695588356502412e-07,6.317906494795439e-07,1.0,0.00035000202478840947,0.00035005788782773567,1.0,20.61745262145996,822.4753921248484
14100,5.45094451354089e-07,6.073301336078149e-07,1.0,0.0003293029440101236,0.000329359323042129,1.0,20.49132537841797,828.7595329170581
14200,5.255167820905626e-07,5.886544585180643e-07,1.0,0.00031286306330002844,0.0003129208128838468,1.0,20.665191650390625,834.789854249917
14300,4.926798169435642e-07,5.566014984131605e-07,1.0,0.00028847961220890284,0.0002885385907818112,1.0,20.442909240722656,840.9517270838842
14400,4.74845080589148e-07,5.329786314437292e-07,1.0,0.00027326459530740976,0.00027332404268261057,1.0,20.15300750732422,847.7735450840555
14500,4.603408001457865e-07,5.184997608564317e-07,1.0,0.00027267957921139896,0.0002727371770769622,1.0,19.77594757080078,854.4420333749149
14600,4.4362658968566393e-07,5.034698463668378e-07,1.0,0.00027070275973528624,0.0002707611090403939,1.0,20.22135353088379,861.4303499169182
14700,4.138398423947365e-07,4.752029460743827e-07,1.0,0.00026019729557447135,0.0002602543800827357,1.0,21.275049209594727,868.3555999589153
14800,3.9644089611101663e-07,4.554004503884069e-07,1.0,0.0002527870237827301,0.000252842579978869,1.0,21.87921142578125,875.7077325419523
14900,3.7988232293173496e-07,4.3676318300877315e-07,1.0,0.00025556792388670146,0.0002556234806239284,1.0,22.699148178100586,881.4084265839774
15000,3.5330143077771936e-07,4.1469371388177976e-07,1.0,0.00026217347476631403,0.00026222789839400206,1.0,23.566619873046875,887.4549472089857
15100,2.8896576509396255e-07,3.4996486501948203e-07,1.0,0.0003013653040397912,0.0003014238545864511,1.0,25.953594207763672,894.3752021249384
15200,2.562532586125599e-07,3.1449001238767766e-07,1.0,0.0003353505162522197,0.0003354067540614518,1.0,28.662878036499023,900.8967744170222
15300,2.5413675075469655e-07,3.043989276436506e-07,1.0,0.00034371716901659966,0.000343769727069451,1.0,31.597108840942383,906.9989082498942
15400,2.6503053618398553e-07,3.087548796253942e-07,1.0,0.00033316013286821544,0.00033321187342096346,1.0,36.10741424560547,913.9337181248702
15500,2.848572648872505e-07,3.223174425770394e-07,1.0,0.000317729776725173,0.00031778103510435464,1.0,41.191524505615234,919.4576930839103
15600,3.11749374759529e-07,3.454392374203152e-07,1.0,0.00030814140336588025,0.0003081918960470931,1.0,50.24427795410156,925.8656069999561
15700,2.4037944967858493e-07,2.970510492352866e-07,1.0,0.0003011971712112427,0.00030125426190885434,1.0,73.69474029541016,932.2157594589517
15800,3.062713460622035e-07,3.4430590422454664e-07,1.0,0.00031293396023102105,0.0003129846768280985,1.0,136.2512969970703,938.5354864590336
15900,1.187735279017943e-07,1.623247110323041e-07,1.0,0.00033157033612951636,0.00033162072332933986,1.0,262.76007080078125,945.5786942918785
16000,1.5313567303110176e-07,1.9302256296581687e-07,1.0,0.00034214294282719493,0.00034219105333613677,1.0,386.8315124511719,951.9007039170247
16100,0.00032035907497629523,0.0003203590651620934,1.0,1.4573235511779785,1.4573236115886778,0.9164336055487191,319.94757080078125,958.5393280000426
16200,8.041835826588795e-06,8.042900606726828e-06,1.0,1.9653880596160889,1.965388005855009,0.854569862400716,196.6884765625,964.3717058750335
16300,7.728368700554711e-08,8.139793475677531e-08,1.0,1.3486768007278442,1.3486768508212938,0.85859715851885,124.31333923339844,970.7052472920623
16400,1.2636806268062628e-08,2.6397654540428863e-08,1.0,0.40580907464027405,0.40580913145470643,0.9263899765074393,81.64262390136719,977.2800435840618
16500,3.090726252708009e-08,6.015421155163932e-08,1.0,1.0648952722549438,1.064895262162562,0.892269828839915,160.6905059814453,984.1633154589217
16600,5.341073716635947e-08,8.534361271856179e-08,1.0,2.411766767501831,2.411766680205985,0.8588208971920797,275.6331481933594,990.4794950839132
16700,6.931568208301542e-08,9.960503875704547e-08,1.0,3.1902949810028076,3.190294677655113,0.8488645262333594,341.263427734375,996.8712646670174
16800,8.861326961095983e-08,1.1519226110178027e-07,1.0,3.3674607276916504,3.3674608797939944,0.8424879740463139,383.67047119140625,1003.3113578339107
16900,8.279286589640833e-08,1.1814626346746414e-07,1.0,3.2202067375183105,3.2202067856677887,0.8415930193533953,403.8989562988281,1009.4431473340373
17000,9.89779422866377e-08,1.2911010391162943e-07,1.0,2.9179611206054688,2.9179611301404265,0.843718536749077,404.6476135253906,1015.5340850418434
17100,1.1357563067804222e-07,1.4506244075934872e-07,1.0,2.522294044494629,2.522294247279278,0.847857702203826,386.02447509765625,1021.9630071248394
17200,1.1936491262076743e-07,1.5293845391816867e-07,1.0,2.0780422687530518,2.078042449510837,0.8569191184696274,351.5136413574219,1028.8304954590276
17300,1.4295775940809108e-07,1.6781807509911115e-07,1.0,1.6498864889144897,1.6498865955272124,0.8677704441212664,310.1427917480469,1034.977207042044
17400,1.5341579739924782e-07,1.77282361401571e-07,1.0,1.2310513257980347,1.2310513991605607,0.8827609352276541,268.7311096191406,1042.4125935418997
17500,1.7651065320478665e-07,2.033849697184601e-07,1.0,0.8533794283866882,0.8533795278825361,0.901666853115561,228.58935546875,1047.9838052089326
17600,3.14986408511686e-07,3.408124894899598e-07,1.0,0.5193206071853638,0.5193206899715646,0.9266137151806689,193.07057189941406,1054.3668817500584
17700,4.769304950968944e-07,5.01070917931569e-07,1.0,0.25575101375579834,0.25575105149913296,0.9526792706119253,155.36721801757812,1060.8975048339926
17800,7.329347226914251e-07,7.641120274284745e-07,1.0,0.09691505879163742,0.09691510302909871,0.9788566953797964,114.6258316040039,1067.5226446250454
17900,2.1299210857250728e-06,2.1744934168035644e-06,1.0,0.03804369270801544,0.03804374050159819,0.9902673677145094,76.4486083984375,1073.4429492088966
18000,8.827225428831298e-06,8.897980823160066e-06,1.0,0.01475867535918951,0.014758727117443896,0.9982100906141627,44.05936050415039,1079.636986499885
18100,5.8121364418184385e-05,5.819788279090167e-05,1.0,0.015733500942587852,0.01573353739199459,0.999328783980311,25.378009796142578,1086.0079458749387
18200,0.00017967060557566583,0.0001797259138270544,1.0,0.022088315337896347,0.022088336102361973,0.9996643919901554,18.651775360107422,1092.1957224588841
18300,0.0002409304870525375,0.00024097063694773614,1.0,0.02297147735953331,0.02297149006821708,0.9997762613267703,16.469432830810547,1098.7364350839052
18400,0.00025414314586669207,0.00025417930657354324,1.0,0.02186444215476513,0.021864452915198226,1.0,17.449993133544922,1105.1827820839826
18500,0.00025885362992994487,0.0002588897478079681,1.0,0.021083714440464973,0.021083722626923377,0.9997762613267703,17.866655349731445,1111.7140698749572
18600,0.00025838418514467776,0.00025842231850891826,1.0,0.020695634186267853,0.020695648102365065,0.9997762613267703,18.205951690673828,1117.8473880419042
18700,0.00024400050460826606,0.00024403392243290038,1.0,0.02014755830168724,0.020147570670014246,0.9995525226535407,18.24370574951172,1124.4245496669319
18800,0.00021372662740759552,0.00021376872293096282,1.0,0.01906520687043667,0.019065223829429413,0.9998881306633851,18.19600486755371,1130.5953527090605
18900,0.0001883069780888036,0.00018835387575167625,1.0,0.017879001796245575,0.017879015836161246,0.9997762613267703,18.1435546875,1137.0478687919676
19000,0.00017167793703265488,0.0001717276576073441,1.0,0.01771051064133644,0.017710525652794334,0.9997762613267703,18.454654693603516,1143.6749515000265
19100,0.0001594647765159607,0.000159520659124056,1.0,0.01799013651907444,0.017990155293750237,0.9998881306633851,18.469125747680664,1150.032322583953
19200,0.00014824792742729187,0.00014830177301354016,1.0,0.018530957400798798,0.018530975760150534,0.9997762613267703,18.324373245239258,1156.696773624979
19300,0.00014124670997262,0.00014130423857083006,1.0,0.019394846633076668,0.019394869021561647,0.9997762613267703,17.897354125976562,1163.2190876670647
19400,0.00013495060557033867,0.00013501218522045708,1.0,0.02017504908144474,0.020175067993174877,0.9997762613267703,17.34957504272461,1170.2816719589755
19500,0.00012992626579944044,0.00012998306615490265,1.0,0.021145226433873177,0.02114524610532183,0.9997762613267703,16.929950714111328,1178.836414041929
19600,0.0001245129096787423,0.0001245720202796565,1.0,0.022519152611494064,0.02251917363189601,0.9996643919901554,17.424102783203125,1187.618158499943
19700,0.00011952195927733555,0.00011958421482949692,1.0,0.024325290694832802,0.024325314971120227,0.9996643919901554,18.289199829101562,1196.2264855839312
19800,0.00011350549175404012,0.00011356934141037456,1.0,0.026679938659071922,0.02667996048095926,0.9994406533169258,18.945533752441406,1205.280761208851
19900,0.00010827976075233892,0.00010834141208005285,1.0,0.029229599982500076,0.02922961510522128,0.9992169146436961,19.70465850830078,1214.032734666951
20000,0.00010412045230623335,0.00010418628114438221,1.0,0.03194164112210274,0.03194166904524844,0.999328783980311,20.40506362915039,1222.8395759169944
20100,9.993636194849387e-05,0.0001000038318451933,1.0,0.034965164959430695,0.034965193084227186,0.999328783980311,21.037687301635742,1232.7303823749535
20200,9.547660738462582e-05,9.554341053398981e-05,1.0,0.037927377969026566,0.037927405818751134,0.9988813066338517,21.667213439941406,1242.7377032500226
20300,9.169097756966949e-05,9.175559171369103e-05,1.0,0.04110637679696083,0.04110639969299297,0.998657567960622,22.396377563476562,1253.153498374857
20400,8.752568101044744e-05,8.75920730384551e-05,1.0,0.0442034937441349,0.044203517844283544,0.9983219599507774,23.084775924682617,1264.7530980419833
20500,8.32414734759368e-05,8.331060432530273e-05,1.0,0.047255173325538635,0.04725520967100989,0.9980982212775478,23.986223220825195,1276.2279225839302
20600,7.925535464892164e-05,7.932113321050814e-05,1.0,0.05031651258468628,0.050316537401286075,0.9975388745944737,24.559518814086914,1288.14513691701
20700,7.577038195449859e-05,7.584102166160035e-05,1.0,0.053162213414907455,0.053162238594489084,0.9968676585747847,24.987573623657227,1299.193240917055
20800,7.241067214636132e-05,7.247990740860611e-05,1.0,0.055390506982803345,0.055390537659316064,0.9963083118917104,25.430448532104492,1309.9458945000079
20900,6.936379213584587e-05,6.943502912052498e-05,1.0,0.05702625960111618,0.05702629252529072,0.9961964425550957,26.36611557006836,1321.7525048749521
21000,6.658584607066587e-05,6.665803352735397e-05,1.0,0.05796914920210838,0.05796917405442106,0.9965320505649401,27.244688034057617,1332.7719500840176
21100,6.383335130522028e-05,6.390394336964695e-05,1.0,0.058396968990564346,0.05839700489095443,0.9963083118917104,27.989391326904297,1344.2248649999965
21200,6.162270437926054e-05,6.1690415357036e-05,1.0,0.058608777821063995,0.058608815703390986,0.9961964425550957,28.224700927734375,1354.5973689588718
21300,5.915861402172595e-05,5.923113236285989e-05,1.0,0.05880465358495712,0.058804681888432055,0.9950777491889473,28.288227081298828,1365.0454014169518
21400,5.701649934053421e-05,5.708952887989659e-05,1.0,0.059345029294490814,0.05934507051822278,0.995301487862177,28.01580810546875,1377.2745418339036
21500,5.531214628717862e-05,5.538470488151299e-05,1.0,0.059924814850091934,0.05992484795570778,0.9955252265354066,27.853593826293945,1388.1336298340466
21600,5.3538075007963926e-05,5.3607528618913484e-05,1.0,0.060811709612607956,0.060811744112307255,0.9948540105157176,28.22124481201172,1398.0459120420273
21700,5.1742896175710484e-05,5.181587050097391e-05,1.0,0.06105552986264229,0.061055561379278124,0.9954133571987918,28.359060287475586,1407.1027502089273
21800,5.00241803820245e-05,5.009789303367245e-05,1.0,0.06132053956389427,0.06132058004468942,0.994630271842488,28.32986831665039,1417.4977222499438
21900,4.7264071326935664e-05,4.733422604687061e-05,1.0,0.06136036664247513,0.06136040500542391,0.9942946638326434,28.498727798461914,1428.5715321670286
22000,4.468365659704432e-05,4.4752125146901266e-05,1.0,0.06181176006793976,0.06181179419855687,0.9931759704664951,28.705360412597656,1439.8905199589208
22100,4.190141407889314e-05,4.197079147718991e-05,1.0,0.06306134164333344,0.06306137585800126,0.9925047544468061,29.318880081176758,1450.9895391669124
22200,3.603404911700636e-05,3.61021779260045e-05,1.0,0.06597699970006943,0.06597703627286898,0.9909385837341984,30.39502716064453,1461.3492611248512
22300,3.947111326851882e-05,3.95342499942522e-05,1.0,0.07069839537143707,0.07069842852684861,0.9916097997538874,30.536231994628906,1471.2464964999817
22400,3.943364936276339e-05,3.949987386472472e-05,1.0,0.07055234909057617,0.07055239360951093,0.9918335384271171,31.068157196044922,1481.871840583859
22500,3.790000846493058e-05,3.796680359863699e-05,1.0,0.0701179951429367,0.07011803843055757,0.991274191744043,31.400707244873047,1492.263004333945
22600,3.774527067434974e-05,3.781763675303807e-05,1.0,0.06917157024145126,0.06917159651412103,0.9916097997538874,31.33199691772461,1502.708591667004
22700,3.679225119412877e-05,3.6857637454164876e-05,1.0,0.06884150207042694,0.06884154122315203,0.9914979304172726,31.43738555908203,1513.338775292039
22800,3.559260949259624e-05,3.5658043671001057e-05,1.0,0.06849107891321182,0.06849111192862009,0.991945407763732,31.341604232788086,1523.5168503338937
22900,3.4111271816072986e-05,3.417838774064657e-05,1.0,0.06824439764022827,0.06824443412738777,0.9913860610806577,31.133983612060547,1532.9367157090455
23000,3.261259553255513e-05,3.268087425705576e-05,1.0,0.0679626315832138,0.06796266299820351,0.9916097997538874,30.97136688232422,1539.8652057088912
23100,3.113707134616561e-05,3.1202590866444006e-05,1.0,0.06772946566343307,0.06772951034743517,0.9921691464369616,30.3120174407959,1548.1200805839617
23200,2.962216967716813e-05,2.9690866914659452e-05,1.0,0.06709941476583481,0.06709944794885511,0.9928403624566506,29.553556442260742,1555.8316275419202
23300,2.8283206120249815e-05,2.8348334118213745e-05,1.0,0.06629820168018341,0.06629823993135948,0.9925047544468061,29.04722023010254,1563.7106861248612
23400,2.690138171601575e-05,2.696925167074609e-05,1.0,0.0651269406080246,0.06512696824108821,0.9930641011298803,28.889110565185547,1570.611615458969
23500,2.5588400603737682e-05,2.565537592789549e-05,1.0,0.06409797817468643,0.0640980037219469,0.99328783980311,28.620140075683594,1577.4851481670048
23600,2.4365519493585452e-05,2.4432744162451183e-05,1.0,0.0634211003780365,0.06342113624445012,0.9925047544468061,28.426006317138672,1585.3445352918934
23700,2.3161932404036634e-05,2.3228980827384008e-05,1.0,0.062827929854393,0.0628279758808991,0.9921691464369616,28.050153732299805,1593.6599023749586
23800,2.2015701688360423e-05,2.2084730109896173e-05,1.0,0.0623055063188076,0.06230554061444776,0.9918335384271171,27.51519012451172,1603.449789833976
23900,2.0960758774890564e-05,2.10296882491508e-05,1.0,0.061637021601200104,0.06163705646382813,0.9918335384271171,27.083782196044922,1612.620433999924
24000,1.998072548303753e-05,2.0047927072138464e-05,1.0,0.06098651513457298,0.060986552977792895,0.9922810157735764,26.74700164794922,1619.489251291845
24100,1.9053291907766834e-05,1.912107375310572e-05,1.0,0.06031261384487152,0.06031265259629492,0.9925047544468061,26.159086227416992,1626.977689292049
24200,1.8173228454543278e-05,1.8241275573095004e-05,1.0,0.05982472375035286,0.05982476655076956,0.9929522317932654,25.80066680908203,1634.359838083852
24300,1.7393133020959795e-05,1.7460123804325816e-05,1.0,0.059489600360393524,0.059489639697268566,0.9929522317932654,25.25497817993164,1643.0845135420095
24400,1.663846524024848e-05,1.6704329984272493e-05,1.0,0.058828018605709076,0.0588280579320766,0.99328783980311,24.78229522705078,1651.5696029169485
24500,1.5907360648270696e-05,1.5971646073977453e-05,1.0,0.05812040716409683,0.05812044796414864,0.99328783980311,24.963171005249023,1660.3729297500104
24600,1.5208184777293354e-05,1.527210993256078e-05,1.0,0.05726940557360649,0.05726944386892133,0.9936234478129544,25.132217407226562,1669.4965399168432
24700,1.4533782632497605e-05,1.459790706137578e-05,1.0,0.056694984436035156,0.05669502515129237,0.9937353171495693,25.275638580322266,1678.5546722088475
24800,1.3888203284295741e-05,1.395320748787231e-05,1.0,0.05616600811481476,0.056166045537623,0.9937353171495693,25.508705139160156,1686.0820379999932
24900,1.327088011748856e-05,1.3337492091192367e-05,1.0,0.05520842224359512,0.05520846131574051,0.9940709251594138,25.574106216430664,1693.3553872089833
25000,1.2680483450822067e-05,1.2745698584534865e-05,1.0,0.05445760861039162,0.05445765296767904,0.9938471864861841,25.431520462036133,1701.5444933339022
25100,1.2066958333889488e-05,1.2131565328148751e-05,1.0,0.054171301424503326,0.05417133789713791,0.9935115784763396,25.115312576293945,1709.4130134999286
25200,1.1482595255074557e-05,1.1547623283745093e-05,1.0,0.05382031574845314,0.05382035076627086,0.9936234478129544,25.063186645507812,1716.720118083991
25300,1.0891947567870375e-05,1.0956987666128746e-05,1.0,0.0534258708357811,0.05342591100095878,0.9937353171495693,25.285436630249023,1725.7908658748493
25400,1.0358255167375319e-05,1.0423210184890748e-05,1.0,0.05283944308757782,0.05283948063330719,0.9933997091397248,25.440927505493164,1735.3972639169078
25500,9.86984832707094e-06,9.934504295363e-06,1.0,0.05236029997467995,0.05236034583723148,0.9933997091397248,25.459989547729492,1744.2215331669431
25600,9.394232620252296e-06,9.45542916005818e-06,1.0,0.051795464009046555,0.05179550319275604,0.9933997091397248,25.200960159301758,1752.6374549588654
25700,8.81895721249748e-06,8.881216979690129e-06,1.0,0.05104263499379158,0.05104267240924911,0.9936234478129544,24.995437622070312,1760.9464273338672
25800,7.921508768049534e-06,7.984486671678224e-06,1.0,0.04897241294384003,0.048972448734810985,0.99328783980311,24.93915367126465,1768.0398907088675
25900,7.39883125788765e-06,7.462026367139824e-06,1.0,0.047453295439481735,0.04745333566532237,0.9936234478129544,24.921545028686523,1776.0002144589089
26000,7.1418971856473945e-06,7.203877608320235e-06,1.0,0.04710084944963455,0.047100886392826107,0.9929522317932654,24.733766555786133,1783.9795827090275
26100,6.891093562444439e-06,6.953172517849114e-06,1.0,0.04682791978120804,0.04682795762052241,0.9922810157735764,24.625362396240234,1791.4931112090126
26200,6.642562766501214e-06,6.705630718803924e-06,1.0,0.0465913787484169,0.04659142367167878,0.9922810157735764,24.450634002685547,1799.381621666951
26300,6.351078809530009e-06,6.412055497182806e-06,1.0,0.045933887362480164,0.04593392855679316,0.9929522317932654,24.2769832611084,1806.1202877499163
26400,6.066971309337532e-06,6.128720039258487e-06,1.0,0.0447101928293705,0.044710232500636014,0.9933997091397248,24.372343063354492,1813.1227435418405
26500,5.82827578909928e-06,5.887747186595266e-06,1.0,0.04366307333111763,0.04366311269448527,0.9937353171495693,24.743606567382812,1820.8212125420105
26600,5.564025286730612e-06,5.626905263512058e-06,1.0,0.042715322226285934,0.04271536133044634,0.9936234478129544,25.098814010620117,1827.9726514590438
26700,5.100453563500196e-06,5.162377335009948e-06,1.0,0.041158199310302734,0.041158239274374245,0.993959055822799,25.170589447021484,1834.5106650840025
26800,4.854534836340463e-06,4.915350916214147e-06,1.0,0.03986484184861183,0.03986488868136946,0.9944065331692583,25.139429092407227,1839.53204512503
26900,4.633237494999776e-06,4.695795109320228e-06,1.0,0.038699205964803696,0.038699245539832186,0.9951896185255621,25.271875381469727,1844.3450313750654
27000,4.442411409399938e-06,4.502995885959449e-06,1.0,0.03781662881374359,0.037816663574980314,0.9949658798523324,25.44955825805664,1849.1105812089518
27100,4.235181222611573e-06,4.294964852805315e-06,1.0,0.037176378071308136,0.03717641774949609,0.9949658798523324,25.620634078979492,1854.0749829588458
27200,4.0694417293707374e-06,4.1286733296224295e-06,1.0,0.03669795021414757,0.036697993155476234,0.9951896185255621,25.665298461914062,1858.9972971249372
27300,3.880575150105869e-06,3.940396891663159e-06,1.0,0.03592995926737785,0.03593000101084869,0.9957489652086363,25.613739013671875,1864.013278374914
27400,3.7132481338630896e-06,3.7705722382296296e-06,1.0,0.03512855991721153,0.035128597078718224,0.9958608345452511,25.996850967407227,1869.0952891248744
27500,3.555444891389925e-06,3.6165736939175904e-06,1.0,0.03436620160937309,0.0343662425321109,0.995972703881866,26.092193603515625,1874.0961538748816
27600,3.3303795134997927e-06,3.3922757260353585e-06,1.0,0.03319913521409035,0.03319917318850658,0.9961964425550957,26.099180221557617,1879.0209273339715
27700,3.1127547117648646e-06,3.1707007049926227e-06,1.0,0.03193778172135353,0.031937820583407814,0.9965320505649401,26.163297653198242,1884.0010802920442
27800,2.969890829263022e-06,3.0282091695087396e-06,1.0,0.031045803800225258,0.031045841585969066,0.9965320505649401,26.192136764526367,1888.8848283339757
27900,2.8355552785797045e-06,2.890286106605329e-06,1.0,0.03016524761915207,0.030165286064183845,0.9965320505649401,26.440040588378906,1893.7754770838656
28000,2.7350838536222e-06,2.790070382580741e-06,1.0,0.02938396856188774,0.02938400470647116,0.9961964425550957,26.584964752197266,1898.6328704589978
28100,2.6223490294796648e-06,2.678815569061098e-06,1.0,0.028421277180314064,0.02842131978064147,0.9964201812283253,26.689035415649414,1903.4744719169103
28200,2.4755322556302417e-06,2.530320975144629e-06,1.0,0.027650654315948486,0.02765069613600583,0.9967557892381698,26.607839584350586,1908.305406874977
28300,2.39575888372201e-06,2.451495705889158e-06,1.0,0.026955829933285713,0.02695586933958293,0.996643919901555,26.544734954833984,1913.4858315419406
28400,2.2927354166313307e-06,2.351164865407227e-06,1.0,0.02616424858570099,0.02616428815134291,0.9967557892381698,26.436819076538086,1918.343119709054
28500,2.1940381884633098e-06,2.2491803772861297e-06,1.0,0.02512410283088684,0.02512414023793844,0.9967557892381698,26.310216903686523,1923.2128554999363
28600,2.081303136947099e-06,2.1376485473904975e-06,1.0,0.024121521040797234,0.0241215559443413,0.9975388745944737,25.988643646240234,1928.2672382500023
28700,1.9897331640095217e-06,2.047237703521552e-06,1.0,0.02317877486348152,0.02317881474492314,0.9978744826043181,25.798952102661133,1933.2522604588885
28800,1.8803285684043658e-06,1.93744154358492e-06,1.0,0.02216510660946369,0.022165147357957306,0.9977626132677033,25.630535125732422,1937.954047249863
28900,1.7766823248166475e-06,1.8344355656576242e-06,1.0,0.021142680197954178,0.021142718155741223,0.9977626132677033,25.62227439880371,1942.7262600420509
29000,1.6847390043039923e-06,1.7413478036275e-06,1.0,0.02006457932293415,0.020064616511948657,0.9980982212775478,25.628314971923828,1947.6116938749328
29100,1.574307475493697e-06,1.6321733740256331e-06,1.0,0.018747543916106224,0.018747580133688175,0.9983219599507774,25.710365295410156,1952.376702291891
29200,1.4758277302462375e-06,1.5305608287887425e-06,1.0,0.017417043447494507,0.01741708178878344,0.9983219599507774,25.5809383392334,1957.1302748748567
29300,1.408068442287913e-06,1.4599364965265828e-06,1.0,0.016513008624315262,0.016513047935946823,0.998657567960622,25.418886184692383,1962.196758291917
29400,1.2977923233847832e-06,1.3535092786872618e-06,1.0,0.016431467607617378,0.016431506592615382,0.9987694372972368,25.717151641845703,1967.4983723340556
29500,1.2281032013561344e-06,1.2830025371114291e-06,1.0,0.016101080924272537,0.01610112192976264,0.9987694372972368,25.903594970703125,1972.8225323748775
29600,1.1517535085658892e-06,1.2051212981266772e-06,1.0,0.015439535491168499,0.015439577243313641,0.9987694372972368,25.842439651489258,1977.7012952088844
29700,1.1048480246245163e-06,1.1557840235522343e-06,1.0,0.015063749626278877,0.015063787637758324,0.998657567960622,25.86151123046875,1982.523430958856
29800,1.0417575140309054e-06,1.0947576828156693e-06,1.0,0.01460329070687294,0.014603332577624648,0.998657567960622,25.80433464050293,1987.2628652499989
29900,9.959725275621167e-07,1.0470674758687942e-06,1.0,0.014485345222055912,0.014485385893709863,0.998657567960622,25.58843231201172,1992.0355390419718
30000,9.448338573747606e-07,9.96206698292848e-07,1.0,0.014047724194824696,0.014047764933832634,0.998657567960622,25.276639938354492,1996.6872365840245
